  2025-11-15 19:48:14 App\Jobs\ValidateAndGeneratePeakZone  2025-11-15 19:48:14 App\Jobs\Notifications\SendPushNotification  2025-11-15 19:48:14 App\Jobs\Notifications\SendPushNotification  2025-11-15 19:48:14 App\Jobs\ValidateAndGeneratePeakZone  2025-11-15 19:48:14 App\Jobs\Notifications\SendPushNotification  2025-11-15 19:48:14 App\Jobs\ValidateAndGeneratePeakZone .... .... RUNNING
  2025-11-15 19:48:14 App\Jobs\Notifications\SendPushNotification RUNNING
 .... RUNNING
 .... ........... RUNNING
 ........... RUNNING
 RUNNING
  2025-11-15 19:48:14 App\Jobs\ValidateAndGeneratePeakZone ........... RUNNING
 ........... RUNNING
  2025-11-15 19:48:14 App\Jobs\ValidateAndGeneratePeakZone  2025-11-15 19:48:14 App\Jobs\ValidateAndGeneratePeakZone ...... 57.67ms DONE
 ...... 58.31ms DONE
  2025-11-15 19:48:14 App\Jobs\ValidateAndGeneratePeakZone ...... 61.50ms DONE
  2025-11-15 19:48:14 App\Jobs\Notifications\SendPushNotification .... RUNNING
  2025-11-15 19:48:14 App\Jobs\ValidateAndGeneratePeakZone ........... RUNNING
  2025-11-15 19:48:14 App\Jobs\Notifications\SendPushNotification .... RUNNING
  2025-11-15 19:48:14 App\Jobs\ValidateAndGeneratePeakZone  2025-11-15 19:48:14 App\Jobs\ValidateAndGeneratePeakZone ....... 8.44ms DONE
 ...... 72.36ms DONE
  2025-11-15 19:48:14 App\Jobs\ValidateAndGeneratePeakZone ...........  2025-11-15 19:48:14 App\Jobs\Notifications\SendPushNotification RUNNING
 .... RUNNING
  2025-11-15 19:48:14 App\Jobs\Notifications\SendPushNotification  14.23ms DONE
  2025-11-15 19:48:14 App\Jobs\Notifications\SendPushNotification  82.96ms DONE
  2025-11-15 19:48:14 App\Jobs\Notifications\SendPushNotification  20.93ms DONE
  2025-11-15 19:48:14 App\Jobs\Notifications\SendPushNotification  2025-11-15 19:48:14 App\Jobs\SendRequestToNextDriversJob ........... RUNNING
  2025-11-15 19:48:14 App\Jobs\Notifications\SendPushNotification  84.83ms DONE
  84.47ms DONE
  2025-11-15 19:48:14 App\Jobs\ValidateAndGeneratePeakZone ........... RUNNING
  2025-11-15 19:48:14 App\Jobs\SendRequestToNextDriversJob ........... RUNNING
  2025-11-15 19:48:14 App\Jobs\ValidateAndGeneratePeakZone ....... 8.58ms DONE
  2025-11-15 19:48:14 App\Jobs\Notifications\SendPushNotification  87.74ms DONE
  2025-11-15 19:48:14 App\Jobs\Notifications\SendPushNotification .... RUNNING
  2025-11-15 19:48:14 App\Jobs\ValidateAndGeneratePeakZone ........... RUNNING
  2025-11-15 19:48:14 App\Jobs\SendRequestToNextDriversJob ....... 3.84ms DONE
  2025-11-15 19:48:14 App\Jobs\Notifications\SendPushNotification .... RUNNING
  2025-11-15 19:48:14 App\Jobs\SendRequestToNextDriversJob ........... RUNNING
  2025-11-15 19:48:14 App\Jobs\SendRequestToNextDriversJob ....... 7.56ms DONE
  2025-11-15 19:48:14 App\Jobs\ValidateAndGeneratePeakZone ....... 7.84ms DONE
  2025-11-15 19:48:14 App\Jobs\ValidateAndGeneratePeakZone ........... RUNNING
  2025-11-15 19:48:14 App\Jobs\Notifications\SendPushNotification .... RUNNING
  2025-11-15 19:48:14 App\Jobs\SendRequestToNextDriversJob ....... 4.99ms DONE
  2025-11-15 19:48:14 App\Jobs\Notifications\SendPushNotification  18.30ms  2025-11-15 19:48:14 App\Jobs\Notifications\SendPushNotification DONE
  8.63ms  2025-11-15 19:48:14 App\Jobs\Notifications\SendPushNotification .... RUNNING
 DONE
  2025-11-15 19:48:14 App\Jobs\ValidateAndGeneratePeakZone ........... RUNNING
  2025-11-15 19:48:14 App\Jobs\Notifications\SendPushNotification .... RUNNING
  2025-11-15 19:48:14 App\Jobs\Notifications\SendPushNotification  11.11ms DONE
  2025-11-15 19:48:14 App\Jobs\Notifications\SendPushNotification .... RUNNING
  2025-11-15 19:48:14 App\Jobs\ValidateAndGeneratePeakZone ...... 13.56ms DONE
  2025-11-15 19:48:14 App\Jobs\ValidateAndGeneratePeakZone ...... 10.11ms DONE
  2025-11-15 19:48:14 App\Jobs\Notifications\SendPushNotification .... RUNNING
  2025-11-15 19:48:14 App\Jobs\Notifications\SendPushNotification  2025-11-15 19:48:14 App\Jobs\Notifications\SendPushNotification .... RUNNING
 .... RUNNING
  2025-11-15 19:48:14 App\Jobs\Notifications\SendPushNotification  11.28ms DONE
  2025-11-15 19:48:14 App\Jobs\Notifications\SendPushNotification  15.84ms DONE
  2025-11-15 19:48:14 App\Jobs\Notifications\SendPushNotification  9.91ms DONE
  2025-11-15 19:48:14 App\Jobs\Notifications\SendPushNotification  7.92ms DONE
  2025-11-15 19:48:14 App\Jobs\ValidateAndGeneratePeakZone ...... 11.60ms DONE
  2025-11-15 19:48:14 App\Jobs\Notifications\SendPushNotification .... RUNNING
  2025-11-15 19:48:14 App\Jobs\Notifications\SendPushNotification .... RUNNING
  2025-11-15 19:48:14 App\Jobs\Notifications\SendPushNotification .... RUNNING
  2025-11-15 19:48:14 App\Jobs\Notifications\SendPushNotification .... RUNNING
  2025-11-15 19:48:14 App\Jobs\Notifications\SendPushNotification  8.43ms DONE
  2025-11-15 19:48:14 App\Jobs\Notifications\SendPushNotification  8.52ms DONE
  2025-11-15 19:48:14 App\Jobs\Notifications\SendPushNotification  11.31ms DONE
  2025-11-15 19:48:14 App\Jobs\Notifications\SendPushNotification .... RUNNING
  2025-11-15 19:48:14 App\Jobs\Notifications\SendPushNotification .... RUNNING
  2025-11-15 19:48:14 App\Jobs\Notifications\SendPushNotification .... RUNNING
  2025-11-15 19:48:14 App\Jobs\Notifications\SendPushNotification .... RUNNING
  2025-11-15 19:48:14 App\Jobs\Notifications\SendPushNotification  9.63ms  2025-11-15 19:48:14 App\Jobs\Notifications\SendPushNotification  10.77ms DONE
  2025-11-15 19:48:14 App\Jobs\Notifications\SendPushNotification  12.68ms DONE
 DONE
  2025-11-15 19:48:14 App\Jobs\Notifications\SendPushNotification  10.39ms DONE
  2025-11-15 19:48:14 App\Jobs\Notifications\SendPushNotification .... RUNNING
  2025-11-15 19:48:14 App\Jobs\Notifications\SendPushNotification .... RUNNING
  2025-11-15 19:48:14 App\Jobs\Notifications\SendPushNotification .... RUNNING
  2025-11-15 19:48:14 App\Jobs\Notifications\SendPushNotification .... RUNNING
  2025-11-15 19:48:14 App\Jobs\Notifications\SendPushNotification   2025-11-15 19:48:14 App\Jobs\Notifications\SendPushNotification  12.08ms DONE
 12.43ms DONE
  2025-11-15 19:48:14 App\Jobs\Notifications\SendPushNotification  10.97ms DONE
  2025-11-15 19:48:14 App\Jobs\Notifications\SendPushNotification  17.08ms DONE
  2025-11-15 19:48:14 App\Jobs\Notifications\SendPushNotification .... RUNNING
  2025-11-15 19:48:14 App\Jobs\Notifications\SendPushNotification .... RUNNING
  2025-11-15 19:48:14 App\Jobs\Notifications\SendPushNotification .... RUNNING
  2025-11-15 19:48:14 App\Jobs\Notifications\SendPushNotification  9.35ms DONE
  2025-11-15 19:48:14 App\Jobs\Notifications\SendPushNotification  10.24ms DONE
  2025-11-15 19:48:14 App\Jobs\Notifications\SendPushNotification ....  2025-11-15 19:48:14 App\Jobs\Notifications\SendPushNotification  9.35ms RUNNING
  2025-11-15 19:48:14 App\Jobs\Notifications\SendPushNotification DONE
  8.72ms DONE
  2025-11-15 19:48:14 App\Jobs\Notifications\SendPushNotification .... RUNNING
  2025-11-15 19:48:14 App\Jobs\Notifications\SendPushNotification .... RUNNING
  2025-11-15 19:48:14 App\Jobs\Notifications\SendPushNotification .... RUNNING
  2025-11-15 19:48:14 App\Jobs\Notifications\SendPushNotification .... RUNNING
  2025-11-15 19:48:14 App\Jobs\Notifications\SendPushNotification  8.25ms DONE
  2025-11-15 19:48:14 App\Jobs\Notifications\SendPushNotification  8.89ms DONE
  2025-11-15 19:48:14 App\Jobs\Notifications\SendPushNotification  8.57ms DONE
  2025-11-15 19:48:14 App\Jobs\Notifications\SendPushNotification  6.43ms DONE
  2025-11-15 19:48:14 App\Jobs\Notifications\SendPushNotification .... RUNNING
  2025-11-15 19:48:14 App\Jobs\Notifications\SendPushNotification .... RUNNING
  2025-11-15 19:48:14 App\Jobs\Notifications\SendPushNotification  2025-11-15 19:48:14 App\Jobs\Notifications\SendPushNotification .... RUNNING
 .... RUNNING
  2025-11-15 19:48:14 App\Jobs\Notifications\SendPushNotification  8.10ms DONE
  2025-11-15 19:48:14 App\Jobs\Notifications\SendPushNotification  9.31ms DONE
  2025-11-15 19:48:14 App\Jobs\Notifications\SendPushNotification  9.18ms DONE
  2025-11-15 19:48:14 App\Jobs\Notifications\SendPushNotification  8.38ms DONE
  2025-11-15 19:48:14 App\Jobs\Notifications\SendPushNotification .... RUNNING
  2025-11-15 19:48:14 App\Jobs\Notifications\SendPushNotification .... RUNNING
  2025-11-15 19:48:14 App\Jobs\SendRequestToNextDriversJob ...........  2025-11-15 19:48:14 App\Jobs\Notifications\SendPushNotification .... RUNNING
 RUNNING
  2025-11-15 19:48:14 App\Jobs\Notifications\SendPushNotification  2025-11-15 19:48:14 App\Jobs\Notifications\SendPushNotification  10.25ms  8.77ms DONE
 DONE
  2025-11-15 19:48:14 App\Jobs\Notifications\SendPushNotification  9.09ms DONE
  2025-11-15 19:48:14 App\Jobs\Notifications\SendPushNotification  11.82ms DONE
  2025-11-15 19:48:14 App\Jobs\SendRequestToNextDriversJob ....... 4.81ms DONE
  2025-11-15 19:48:14 App\Jobs\Notifications\SendPushNotification  6.77ms DONE
  2025-11-15 19:48:14 App\Jobs\Notifications\SendPushNotification .... RUNNING
  2025-11-15 19:48:14 App\Jobs\Notifications\SendPushNotification .... RUNNING
  2025-11-15 19:48:14 App\Jobs\Notifications\SendPushNotification .... RUNNING
  2025-11-15 19:48:14 App\Jobs\Notifications\SendPushNotification .... RUNNING
  2025-11-15 19:48:14 App\Jobs\Notifications\SendPushNotification  2025-11-15 19:48:14 App\Jobs\Notifications\SendPushNotification  .... RUNNING
 9.61ms DONE
  2025-11-15 19:48:14 App\Jobs\Notifications\SendPushNotification .... RUNNING
  2025-11-15 19:48:14 App\Jobs\Notifications\SendPushNotification  11.48ms DONE
  2025-11-15 19:48:14 App\Jobs\Notifications\SendPushNotification .... RUNNING
  2025-11-15 19:48:14 App\Jobs\Notifications\SendPushNotification .... RUNNING
  2025-11-15 19:48:14 App\Jobs\Notifications\SendPushNotification  2025-11-15 19:48:14 App\Jobs\Notifications\SendPushNotification  9.19ms DONE
  8.39ms DONE
  2025-11-15 19:48:14 App\Jobs\Notifications\SendPushNotification  8.34ms DONE
  2025-11-15 19:48:14 App\Jobs\Notifications\SendPushNotification  7.18ms DONE
  2025-11-15 19:48:14 App\Jobs\Notifications\SendPushNotification  2025-11-15 19:48:14 App\Jobs\Notifications\SendPushNotification   7.94ms DONE
 11.62ms DONE
  2025-11-15 19:48:14 App\Jobs\Notifications\SendPushNotification ....  2025-11-15 19:48:14 App\Jobs\Notifications\SendPushNotification .... RUNNING
 RUNNING
  2025-11-15 19:48:14 App\Jobs\Notifications\SendPushNotification .... RUNNING
  2025-11-15 19:48:14 App\Jobs\Notifications\SendPushNotification .... RUNNING
  2025-11-15 19:48:14 App\Jobs\Notifications\SendPushNotification  9.28ms DONE
  2025-11-15 19:48:14 App\Jobs\Notifications\SendPushNotification .... RUNNING
  2025-11-15 19:48:14 App\Jobs\Notifications\SendPushNotification .... RUNNING
  2025-11-15 19:48:14 App\Jobs\Notifications\SendPushNotification  9.61ms DONE
  2025-11-15 19:48:14 App\Jobs\Notifications\SendPushNotification .... RUNNING
  2025-11-15 19:48:14 App\Jobs\Notifications\SendPushNotification  8.22ms DONE
  2025-11-15 19:48:14 App\Jobs\Notifications\SendPushNotification .... RUNNING
  2025-11-15 19:48:14 App\Jobs\Notifications\SendPushNotification  9.09ms DONE
  2025-11-15 19:48:14 App\Jobs\Notifications\SendPushNotification  9.70ms DONE
  2025-11-15 19:48:14 App\Jobs\Notifications\SendPushNotification .... RUNNING
  2025-11-15 19:48:14 App\Jobs\Notifications\SendPushNotification  2025-11-15 19:48:14 App\Jobs\Notifications\SendPushNotification  9.62ms  2025-11-15 19:48:14 App\Jobs\Notifications\SendPushNotification  10.42ms DONE
 DONE
  9.60ms DONE
  2025-11-15 19:48:14 App\Jobs\Notifications\SendPushNotification .... RUNNING
  2025-11-15 19:48:14 App\Jobs\Notifications\SendPushNotification .... RUNNING
  2025-11-15 19:48:14 App\Jobs\Notifications\SendPushNotification .... RUNNING
  2025-11-15 19:48:14 App\Jobs\Notifications\SendPushNotification .... RUNNING
  2025-11-15 19:48:14 App\Jobs\Notifications\SendPushNotification .... RUNNING
  2025-11-15 19:48:14 App\Jobs\Notifications\SendPushNotification   2025-11-15 19:48:14 App\Jobs\Notifications\SendPushNotification  12.04ms DONE
 8.81ms DONE
  2025-11-15 19:48:14 App\Jobs\Notifications\SendPushNotification  8.23ms DONE
  2025-11-15 19:48:14 App\Jobs\Notifications\SendPushNotification .... RUNNING
  2025-11-15 19:48:14 App\Jobs\Notifications\SendPushNotification .... RUNNING
  2025-11-15 19:48:14 App\Jobs\ValidateAndGeneratePeakZone ........... RUNNING
  2025-11-15 19:48:14 App\Jobs\Notifications\SendPushNotification  6.64ms DONE
  2025-11-15 19:48:14 App\Jobs\Notifications\SendPushNotification  8.77ms DONE
  2025-11-15 19:48:14 App\Jobs\Notifications\SendPushNotification  6.71ms DONE
  2025-11-15 19:48:14 App\Jobs\Notifications\SendPushNotification  8.47ms DONE
  2025-11-15 19:48:14 App\Jobs\Notifications\SendPushNotification  10.79ms DONE
  2025-11-15 19:48:14 App\Jobs\Notifications\SendPushNotification .... RUNNING
  2025-11-15 19:48:14 App\Jobs\Notifications\SendPushNotification  2025-11-15 19:48:14 App\Jobs\Notifications\SendPushNotification .... .... RUNNING
 RUNNING
  2025-11-15 19:48:14 App\Jobs\ValidateAndGeneratePeakZone ....... 7.51ms DONE
  2025-11-15 19:48:14 App\Jobs\Notifications\SendPushNotification .... RUNNING
  2025-11-15 19:48:14 App\Jobs\Notifications\SendPushNotification  8.82ms DONE
  2025-11-15 19:48:14 App\Jobs\Notifications\SendPushNotification .... RUNNING
  2025-11-15 19:48:14 App\Jobs\Notifications\SendPushNotification  8.99ms DONE
  2025-11-15 19:48:14 App\Jobs\Notifications\SendPushNotification .... RUNNING
  2025-11-15 19:48:14 App\Jobs\Notifications\SendPushNotification .... RUNNING
  2025-11-15 19:48:14 App\Jobs\Notifications\SendPushNotification .... RUNNING
  2025-11-15 19:48:14 App\Jobs\Notifications\SendPushNotification  9.89ms DONE
  2025-11-15 19:48:14 App\Jobs\Notifications\SendPushNotification  7.44ms DONE
  2025-11-15 19:48:14 App\Jobs\Notifications\SendPushNotification  8.80ms DONE
  2025-11-15 19:48:14 App\Jobs\Notifications\SendPushNotification  9.09ms DONE
  2025-11-15 19:48:14 App\Jobs\Notifications\SendPushNotification  7.82ms DONE
  2025-11-15 19:48:14 App\Jobs\Notifications\SendPushNotification .... RUNNING
  2025-11-15 19:48:14 App\Jobs\Notifications\SendPushNotification  2025-11-15 19:48:14 App\Jobs\Notifications\SendPushNotification .... .... RUNNING
 RUNNING
  2025-11-15 19:48:14 App\Jobs\Notifications\SendPushNotification .... RUNNING
  2025-11-15 19:48:14 App\Jobs\Notifications\SendPushNotification  7.04ms DONE
  2025-11-15 19:48:14 App\Jobs\Notifications\SendPushNotification  8.41ms DONE
  2025-11-15 19:48:14 App\Jobs\Notifications\SendPushNotification .... RUNNING
  2025-11-15 19:48:14 App\Jobs\Notifications\SendPushNotification  9.26ms DONE
  2025-11-15 19:48:14 App\Jobs\Notifications\SendPushNotification .... RUNNING
  2025-11-15 19:48:14 App\Jobs\Notifications\SendPushNotification .... RUNNING
  2025-11-15 19:48:14 App\Jobs\Notifications\SendPushNotification .... RUNNING
  2025-11-15 19:48:14 App\Jobs\Notifications\SendPushNotification  6.85ms DONE
  2025-11-15 19:48:14 App\Jobs\Notifications\SendPushNotification  7.60ms  2025-11-15 19:48:14 App\Jobs\Notifications\SendPushNotification  6.04ms DONE
 DONE
  2025-11-15 19:48:14 App\Jobs\Notifications\SendPushNotification  8.95ms DONE
  2025-11-15 19:48:14 App\Jobs\Notifications\SendPushNotification  7.36ms DONE
  2025-11-15 19:48:14 App\Jobs\Notifications\SendPushNotification .... RUNNING
  2025-11-15 19:48:14 App\Jobs\Notifications\SendPushNotification  2025-11-15 19:48:14 App\Jobs\Notifications\SendPushNotification .... .... RUNNING
 RUNNING
  2025-11-15 19:48:14 App\Jobs\Notifications\SendPushNotification .... RUNNING
  2025-11-15 19:48:14 App\Jobs\Notifications\SendPushNotification .... RUNNING
  2025-11-15 19:48:14 App\Jobs\Notifications\SendPushNotification  6.62ms DONE
  2025-11-15 19:48:14 App\Jobs\Notifications\SendPushNotification  7.61ms DONE
  2025-11-15 19:48:14 App\Jobs\Notifications\SendPushNotification  7.09ms DONE
  2025-11-15 19:48:14 App\Jobs\Notifications\SendPushNotification .... RUNNING
  2025-11-15 19:48:14 App\Jobs\Notifications\SendPushNotification .... RUNNING
  2025-11-15 19:48:14 App\Jobs\Notifications\SendPushNotification .... RUNNING
  2025-11-15 19:48:14 App\Jobs\Notifications\SendPushNotification  7.73ms DONE
  2025-11-15 19:48:14 App\Jobs\Notifications\SendPushNotification  8.10ms DONE
  2025-11-15 19:48:14 App\Jobs\Notifications\SendPushNotification  7.35ms DONE
  2025-11-15 19:48:14 App\Jobs\Notifications\SendPushNotification  7.80ms DONE
  2025-11-15 19:48:14 App\Jobs\Notifications\SendPushNotification  9.72ms DONE
  2025-11-15 19:48:14 App\Jobs\Notifications\SendPushNotification .... RUNNING
  2025-11-15 19:48:14 App\Jobs\Notifications\SendPushNotification .... RUNNING
  2025-11-15 19:48:14 App\Jobs\Notifications\SendPushNotification .... RUNNING
  2025-11-15 19:48:14 App\Jobs\Notifications\SendPushNotification .... RUNNING
  2025-11-15 19:48:14 App\Jobs\Notifications\SendPushNotification .... RUNNING
  2025-11-15 19:48:14 App\Jobs\Notifications\SendPushNotification  9.37ms DONE
  2025-11-15 19:48:14 App\Jobs\Notifications\SendPushNotification  9.25ms DONE
  2025-11-15 19:48:14 App\Jobs\Notifications\SendPushNotification  9.09ms DONE
  2025-11-15 19:48:14 App\Jobs\Notifications\SendPushNotification .... RUNNING
  2025-11-15 19:48:14 App\Jobs\Notifications\SendPushNotification  7.62ms DONE
  2025-11-15 19:48:14 App\Jobs\Notifications\SendPushNotification .... RUNNING
  2025-11-15 19:48:14 App\Jobs\Notifications\SendPushNotification .... RUNNING
  2025-11-15 19:48:14 App\Jobs\Notifications\SendPushNotification  9.29ms DONE
  2025-11-15 19:48:14 App\Jobs\Notifications\SendPushNotification  10.41ms DONE
  2025-11-15 19:48:14 App\Jobs\Notifications\SendPushNotification .... RUNNING
  2025-11-15 19:48:14 App\Jobs\Notifications\SendPushNotification  9.31ms DONE
  2025-11-15 19:48:14 App\Jobs\Notifications\SendPushNotification  9.82ms DONE
  2025-11-15 19:48:14 App\Jobs\Notifications\SendPushNotification .... RUNNING
  2025-11-15 19:48:14 App\Jobs\Notifications\SendPushNotification  2025-11-15 19:48:14 App\Jobs\Notifications\SendPushNotification .... RUNNING
 .... RUNNING
  2025-11-15 19:48:14 App\Jobs\Notifications\SendPushNotification   2025-11-15 19:48:14 App\Jobs\Notifications\SendPushNotification  10.03ms  2025-11-15 19:48:14 App\Jobs\Notifications\SendPushNotification .... 10.24ms DONE
 DONE
 RUNNING
  2025-11-15 19:48:14 App\Jobs\Notifications\SendPushNotification  10.69ms DONE
  2025-11-15 19:48:14 App\Jobs\Notifications\SendPushNotification  7.94ms DONE
  2025-11-15 19:48:14 App\Jobs\Notifications\SendPushNotification .... RUNNING
  2025-11-15 19:48:14 App\Jobs\Notifications\SendPushNotification .... RUNNING
  2025-11-15 19:48:14 App\Jobs\Notifications\SendPushNotification .... RUNNING
  2025-11-15 19:48:14 App\Jobs\Notifications\SendPushNotification .... RUNNING
  2025-11-15 19:48:14 App\Jobs\Notifications\SendPushNotification  9.38ms DONE
  2025-11-15 19:48:14 App\Jobs\Notifications\SendPushNotification  8.64ms  2025-11-15 19:48:14 App\Jobs\Notifications\SendPushNotification  8.62ms DONE
 DONE
  2025-11-15 19:48:14 App\Jobs\Notifications\SendPushNotification  8.86ms DONE
  2025-11-15 19:48:14 App\Jobs\Notifications\SendPushNotification .... RUNNING
  2025-11-15 19:48:14 App\Jobs\Notifications\SendPushNotification  2025-11-15 19:48:14 App\Jobs\Notifications\SendPushNotification .... RUNNING
 .... RUNNING
  2025-11-15 19:48:14 App\Jobs\Notifications\SendPushNotification  8.08ms DONE
  2025-11-15 19:48:14 App\Jobs\Notifications\SendPushNotification  8.01ms DONE
  2025-11-15 19:48:14 App\Jobs\Notifications\SendPushNotification .... RUNNING
  2025-11-15 19:48:14 App\Jobs\Notifications\SendPushNotification  7.65ms DONE
  2025-11-15 19:48:14 App\Jobs\Notifications\SendPushNotification  9.05ms DONE
  2025-11-15 19:48:14 App\Jobs\Notifications\SendPushNotification  2025-11-15 19:48:14 App\Jobs\Notifications\SendPushNotification .... RUNNING
  2025-11-15 19:48:14 App\Jobs\Notifications\SendPushNotification .... RUNNING
 .... RUNNING
  2025-11-15 19:48:14 App\Jobs\Notifications\SendPushNotification .... RUNNING
  2025-11-15 19:48:14 App\Jobs\Notifications\SendPushNotification  8.74ms DONE
  2025-11-15 19:48:14 App\Jobs\Notifications\SendPushNotification  2025-11-15 19:48:14 App\Jobs\Notifications\SendPushNotification  8.60ms DONE
  2025-11-15 19:48:14 App\Jobs\Notifications\SendPushNotification  9.95ms DONE
  11.80ms DONE
  2025-11-15 19:48:14 App\Jobs\Notifications\SendPushNotification .... RUNNING
  2025-11-15 19:48:14 App\Jobs\Notifications\SendPushNotification .... RUNNING
  2025-11-15 19:48:14 App\Jobs\SendRequestToNextDriversJob ........... RUNNING
  2025-11-15 19:48:14 App\Jobs\Notifications\SendPushNotification .... RUNNING
  2025-11-15 19:48:14 App\Jobs\Notifications\SendPushNotification  11.16ms DONE
  2025-11-15 19:48:14 App\Jobs\Notifications\SendPushNotification  12.01ms DONE
  2025-11-15 19:48:14 App\Jobs\Notifications\SendPushNotification  11.98ms DONE
  2025-11-15 19:48:14 App\Jobs\Notifications\SendPushNotification  11.12ms DONE
  2025-11-15 19:48:14 App\Jobs\SendRequestToNextDriversJob ....... 4.04ms DONE
  2025-11-15 19:48:14 App\Jobs\ValidateAndGeneratePeakZone ........... RUNNING
  2025-11-15 19:48:14 App\Jobs\SendRequestToNextDriversJob  2025-11-15 19:48:14 App\Jobs\Notifications\SendPushNotification .... RUNNING
 ........... RUNNING
  2025-11-15 19:48:14 App\Jobs\Notifications\SendPushNotification .... RUNNING
  2025-11-15 19:48:14 App\Jobs\SendRequestToNextDriversJob ........... RUNNING
  2025-11-15 19:48:14 App\Jobs\Notifications\SendPushNotification  10.08ms DONE
  2025-11-15 19:48:14 App\Jobs\Notifications\SendPushNotification  10.45ms DONE
  2025-11-15 19:48:14 App\Jobs\Notifications\SendPushNotification  9.10ms DONE
  2025-11-15 19:48:14 App\Jobs\SendRequestToNextDriversJob ....... 2.80ms DONE
  2025-11-15 19:48:14 App\Jobs\SendRequestToNextDriversJob ....... 3.81ms DONE
  2025-11-15 19:48:14 App\Jobs\Notifications\SendPushNotification .... RUNNING
  2025-11-15 19:48:14 App\Jobs\ValidateAndGeneratePeakZone ....... 7.84ms DONE
  2025-11-15 19:48:14 App\Jobs\Notifications\SendPushNotification .... RUNNING
  2025-11-15 19:48:14 App\Jobs\Notifications\SendPushNotification .... RUNNING
  2025-11-15 19:48:14 App\Jobs\SendRequestToNextDriversJob ........... RUNNING
  2025-11-15 19:48:14 App\Jobs\Notifications\SendPushNotification .... RUNNING
  2025-11-15 19:48:14 App\Jobs\Notifications\SendPushNotification  9.42ms DONE
  2025-11-15 19:48:14 App\Jobs\Notifications\SendPushNotification  9.84ms DONE
  2025-11-15 19:48:14 App\Jobs\Notifications\SendPushNotification .... RUNNING
  2025-11-15 19:48:14 App\Jobs\Notifications\SendPushNotification .... RUNNING
  2025-11-15 19:48:14 App\Jobs\SendRequestToNextDriversJob ....... 4.01ms DONE
  2025-11-15 19:48:14 App\Jobs\SendRequestToNextDriversJob ........... RUNNING
  2025-11-15 19:48:14 App\Jobs\Notifications\SendPushNotification  7.73ms DONE
  2025-11-15 19:48:14 App\Jobs\Notifications\SendPushNotification  2025-11-15 19:48:14 App\Jobs\Notifications\SendPushNotification  7.31ms  8.49ms DONE
 DONE
  2025-11-15 19:48:14 App\Jobs\Notifications\SendPushNotification  7.51ms  2025-11-15 19:48:14 App\Jobs\SendRequestToNextDriversJob DONE
 ........... RUNNING
  2025-11-15 19:48:14 App\Jobs\Notifications\SendPushNotification  9.03ms DONE
  2025-11-15 19:48:14 App\Jobs\ValidateAndGeneratePeakZone ........... RUNNING
  2025-11-15 19:48:14 App\Jobs\Notifications\SendPushNotification .... RUNNING
  2025-11-15 19:48:14 App\Jobs\ValidateAndGeneratePeakZone ........... RUNNING
  2025-11-15 19:48:14 App\Jobs\Notifications\SendPushNotification  8.16ms DONE
  2025-11-15 19:48:14 App\Jobs\SendRequestToNextDriversJob ....... 7.53ms DONE
  2025-11-15 19:48:14 App\Jobs\SendRequestToNextDriversJob ........... RUNNING
  2025-11-15 19:48:14 App\Jobs\Notifications\SendPushNotification .... RUNNING
  2025-11-15 19:48:14 App\Jobs\ValidateAndGeneratePeakZone  2025-11-15 19:48:14 App\Jobs\SendRequestToNextDriversJob ....... ....... 5.44ms 6.04ms DONE
 DONE
  2025-11-15 19:48:14 App\Jobs\ValidateAndGeneratePeakZone ........... RUNNING
  2025-11-15 19:48:14 App\Jobs\Notifications\SendPushNotification .... RUNNING
  2025-11-15 19:48:14 App\Jobs\Notifications\SendPushNotification .... RUNNING
  2025-11-15 19:48:14 App\Jobs\SendRequestToNextDriversJob ....... 6.28ms DONE
  2025-11-15 19:48:14 App\Jobs\Notifications\SendPushNotification  8.57ms DONE
  2025-11-15 19:48:14 App\Jobs\Notifications\SendPushNotification .... RUNNING
  2025-11-15 19:48:14 App\Jobs\ValidateAndGeneratePeakZone ....... 9.69ms DONE
  2025-11-15 19:48:14 App\Jobs\Notifications\SendPushNotification  8.94ms DONE
  2025-11-15 19:48:14 App\Jobs\ValidateAndGeneratePeakZone ....... 5.77ms DONE
  2025-11-15 19:48:14 App\Jobs\ValidateAndGeneratePeakZone ...........  2025-11-15 19:48:14 App\Jobs\ValidateAndGeneratePeakZone RUNNING
 ........... RUNNING
  2025-11-15 19:48:14 App\Jobs\Notifications\SendPushNotification .... RUNNING
  2025-11-15 19:48:14 App\Jobs\Notifications\SendPushNotification  6.72ms DONE
  2025-11-15 19:48:14 App\Jobs\Notifications\SendPushNotification .... RUNNING
  2025-11-15 19:48:14 App\Jobs\ValidateAndGeneratePeakZone ........... RUNNING
  2025-11-15 19:48:14 App\Jobs\ValidateAndGeneratePeakZone ....... 6.24ms DONE
  2025-11-15 19:48:14 App\Jobs\Notifications\SendPushNotification  9.91ms DONE
  2025-11-15 19:48:14 App\Jobs\ValidateAndGeneratePeakZone ........... RUNNING
  2025-11-15 19:48:14 App\Jobs\ValidateAndGeneratePeakZone .......  2025-11-15 19:48:14 App\Jobs\Notifications\SendPushNotification  8.61ms DONE
  2025-11-15 19:48:14 App\Jobs\Notifications\SendPushNotification  12.90ms DONE
 9.48ms DONE
  2025-11-15 19:48:14 App\Jobs\ValidateAndGeneratePeakZone ....... 5.82ms DONE
  2025-11-15 19:48:14 App\Jobs\ValidateAndGeneratePeakZone ........... RUNNING
  2025-11-15 19:48:14 App\Jobs\ValidateAndGeneratePeakZone ........... RUNNING
  2025-11-15 19:48:14 App\Jobs\Notifications\SendPushNotification .... RUNNING
  2025-11-15 19:48:14 App\Jobs\ValidateAndGeneratePeakZone ........... RUNNING
  2025-11-15 19:48:14 App\Jobs\Notifications\SendPushNotification  11.88ms DONE
  2025-11-15 19:48:14 App\Jobs\Notifications\SendPushNotification .... RUNNING
  2025-11-15 19:48:14 App\Jobs\Notifications\SendPushNotification .... RUNNING
  2025-11-15 19:48:14 App\Jobs\ValidateAndGeneratePeakZone ...... 10.06ms DONE
  2025-11-15 19:48:14 App\Jobs\ValidateAndGeneratePeakZone ....... 6.06ms DONE
  2025-11-15 19:48:14 App\Jobs\ValidateAndGeneratePeakZone ....... 6.21ms DONE
  2025-11-15 19:48:14 App\Jobs\Notifications\SendPushNotification .... RUNNING
  2025-11-15 19:48:14 App\Jobs\ValidateAndGeneratePeakZone ........... RUNNING
  2025-11-15 19:48:14 App\Jobs\ValidateAndGeneratePeakZone ....... 6.59ms DONE
  2025-11-15 19:48:14 App\Jobs\Notifications\SendPushNotification  7.81ms DONE
  2025-11-15 19:48:14 App\Jobs\SendRequestToNextDriversJob ........... RUNNING
  2025-11-15 19:48:14 App\Jobs\Notifications\SendPushNotification .... RUNNING
  2025-11-15 19:48:14 App\Jobs\Notifications\SendPushNotification  8.00ms DONE
  2025-11-15 19:48:14 App\Jobs\Notifications\SendPushNotification  8.89ms DONE
  2025-11-15 19:48:14 App\Jobs\Notifications\SendPushNotification .... RUNNING
  2025-11-15 19:48:14 App\Jobs\SendRequestToNextDriversJob ........... RUNNING
  2025-11-15 19:48:14 App\Jobs\ValidateAndGeneratePeakZone ....... 7.23ms DONE
  2025-11-15 19:48:14 App\Jobs\Notifications\SendPushNotification  8.35ms DONE
  2025-11-15 19:48:14 App\Jobs\ValidateAndGeneratePeakZone ........... RUNNING
  2025-11-15 19:48:14 App\Jobs\Notifications\SendPushNotification .... RUNNING
  2025-11-15 19:48:14 App\Jobs\SendRequestToNextDriversJob ....... 6.37ms DONE
  2025-11-15 19:48:14 App\Jobs\Notifications\SendPushNotification  8.50ms DONE
  2025-11-15 19:48:14 App\Jobs\SendRequestToNextDriversJob ....... 4.48ms DONE
  2025-11-15 19:48:14 App\Jobs\ValidateAndGeneratePeakZone ........... RUNNING
  2025-11-15 19:48:14 App\Jobs\Notifications\SendPushNotification .... RUNNING
  2025-11-15 19:48:14 App\Jobs\Notifications\SendPushNotification .... RUNNING
  2025-11-15 19:48:14 App\Jobs\Notifications\SendPushNotification  8.96ms DONE
  2025-11-15 19:48:14 App\Jobs\Notifications\SendPushNotification .... RUNNING
  2025-11-15 19:48:14 App\Jobs\ValidateAndGeneratePeakZone ....... 7.96ms DONE
  2025-11-15 19:48:14 App\Jobs\Notifications\SendPushNotification .... RUNNING
  2025-11-15 19:48:14 App\Jobs\ValidateAndGeneratePeakZone ........... RUNNING
  2025-11-15 19:48:14 App\Jobs\ValidateAndGeneratePeakZone ....... 6.35ms DONE
  2025-11-15 19:48:14 App\Jobs\Notifications\SendPushNotification  10.46ms DONE
  2025-11-15 19:48:14 App\Jobs\Notifications\SendPushNotification .... RUNNING
  2025-11-15 19:48:14 App\Jobs\Notifications\SendPushNotification  7.27ms DONE
  2025-11-15 19:48:14 App\Jobs\ValidateAndGeneratePeakZone ........... RUNNING
  2025-11-15 19:48:14 App\Jobs\Notifications\SendPushNotification .... RUNNING
  2025-11-15 19:48:14 App\Jobs\Notifications\SendPushNotification .... RUNNING
  2025-11-15 19:48:14 App\Jobs\ValidateAndGeneratePeakZone ....... 7.69ms DONE
  2025-11-15 19:48:14 App\Jobs\Notifications\SendPushNotification  9.00ms DONE
  2025-11-15 19:48:14 App\Jobs\Notifications\SendPushNotification  11.21ms DONE
  2025-11-15 19:48:14 App\Jobs\Notifications\SendPushNotification  10.07ms DONE
  2025-11-15 19:48:14 App\Jobs\Notifications\SendPushNotification  2025-11-15 19:48:14 App\Jobs\ValidateAndGeneratePeakZone  6.97ms DONE
 ....... 5.77ms DONE
  2025-11-15 19:48:14 App\Jobs\Notifications\SendPushNotification .... RUNNING
  2025-11-15 19:48:14 App\Jobs\ValidateAndGeneratePeakZone ........... RUNNING
  2025-11-15 19:48:14 App\Jobs\Notifications\SendPushNotification .... RUNNING
  2025-11-15 19:48:14 App\Jobs\ValidateAndGeneratePeakZone ........... RUNNING
  2025-11-15 19:48:14 App\Jobs\Notifications\SendPushNotification .... RUNNING
  2025-11-15 19:48:14 App\Jobs\ValidateAndGeneratePeakZone ........... RUNNING
  2025-11-15 19:48:14 App\Jobs\Notifications\SendPushNotification  9.53ms DONE
  2025-11-15 19:48:14 App\Jobs\Notifications\SendPushNotification  9.67ms DONE
  2025-11-15 19:48:14 App\Jobs\ValidateAndGeneratePeakZone ....... 4.25ms DONE
  2025-11-15 19:48:14 App\Jobs\ValidateAndGeneratePeakZone ........... RUNNING
  2025-11-15 19:48:14 App\Jobs\ValidateAndGeneratePeakZone ........... RUNNING
  2025-11-15 19:48:14 App\Jobs\ValidateAndGeneratePeakZone ........... RUNNING
  2025-11-15 19:48:14 App\Jobs\Notifications\SendPushNotification  10.17ms DONE
  2025-11-15 19:48:14 App\Jobs\ValidateAndGeneratePeakZone ....... 8.46ms DONE
  2025-11-15 19:48:14 App\Jobs\Notifications\SendPushNotification  2025-11-15 19:48:14 App\Jobs\Notifications\SendPushNotification  9.17ms DONE
  9.21ms DONE
  2025-11-15 19:48:14 App\Jobs\ValidateAndGeneratePeakZone ...... 10.21ms DONE
  2025-11-15 19:48:14 App\Jobs\ValidateAndGeneratePeakZone ....... 4.18ms DONE
  2025-11-15 19:48:14 App\Jobs\ValidateAndGeneratePeakZone ....... 5.25ms DONE
  2025-11-15 19:48:14 App\Jobs\Notifications\SendPushNotification .... RUNNING
  2025-11-15 19:48:14 App\Jobs\ValidateAndGeneratePeakZone  2025-11-15 19:48:14 App\Jobs\Notifications\SendPushNotification .... RUNNING
 ........... RUNNING
  2025-11-15 19:48:14 App\Jobs\Notifications\SendPushNotification .... RUNNING
  2025-11-15 19:48:14 App\Jobs\SendRequestToNextDriversJob ........... RUNNING
  2025-11-15 19:48:14 App\Jobs\ValidateAndGeneratePeakZone ........... RUNNING
  2025-11-15 19:48:14 App\Jobs\ValidateAndGeneratePeakZone ....... 8.45ms DONE
  2025-11-15 19:48:14 App\Jobs\Notifications\SendPushNotification .... RUNNING
  2025-11-15 19:48:14 App\Jobs\SendRequestToNextDriversJob ....... 4.28ms DONE
  2025-11-15 19:48:14 App\Jobs\ValidateAndGeneratePeakZone ....... 5.33ms DONE
  2025-11-15 19:48:14 App\Jobs\SendRequestToNextDriversJob ........... RUNNING
  2025-11-15 19:48:14 App\Jobs\Mails\SendUserRegistationMailNotification  RUNNING
  2025-11-15 19:48:14 App\Jobs\Notifications\SendPushNotification  8.40ms DONE
  2025-11-15 19:48:14 App\Jobs\ValidateAndGeneratePeakZone ....... 6.23ms DONE
  2025-11-15 19:48:14 App\Jobs\Notifications\SendPushNotification .... RUNNING
  2025-11-15 19:48:14 App\Jobs\Notifications\SendPushNotification  5.42ms DONE
  2025-11-15 19:48:14 App\Jobs\Notifications\SendPushNotification  9.14ms DONE
  2025-11-15 19:48:14 App\Jobs\Notifications\SendPushNotification  9.00ms DONE
  2025-11-15 19:48:14 App\Jobs\SendRequestToNextDriversJob ....... 4.93ms DONE
  2025-11-15 19:48:14 App\Jobs\Notifications\SendPushNotification .... RUNNING
  2025-11-15 19:48:14 App\Jobs\Notifications\SendPushNotification .... RUNNING
  2025-11-15 19:48:14 App\Jobs\ValidateAndGeneratePeakZone ........... RUNNING
  2025-11-15 19:48:14 App\Jobs\SendRequestToNextDriversJob ........... RUNNING
  2025-11-15 19:48:14 App\Jobs\Notifications\SendPushNotification .... RUNNING
  2025-11-15 19:48:14 App\Jobs\Notifications\SendPushNotification .... RUNNING
  2025-11-15 19:48:14 App\Jobs\SendRequestToNextDriversJob ....... 3.18ms DONE
  2025-11-15 19:48:14 App\Jobs\Notifications\SendPushNotification  10.84ms DONE
  2025-11-15 19:48:14 App\Jobs\ValidateAndGeneratePeakZone ....... 6.54ms DONE
  2025-11-15 19:48:14 App\Jobs\Notifications\SendPushNotification  8.01ms DONE
  2025-11-15 19:48:14 App\Jobs\Notifications\SendPushNotification .... RUNNING
  2025-11-15 19:48:14 App\Jobs\ValidateAndGeneratePeakZone  2025-11-15 19:48:14 App\Jobs\Notifications\SendPushNotification  2025-11-15 19:48:14 App\Jobs\Notifications\SendPushNotification  12.02ms ........... .... RUNNING
 DONE
 RUNNING
  2025-11-15 19:48:14 App\Jobs\Notifications\SendPushNotification .... RUNNING
  2025-11-15 19:48:14 App\Jobs\Notifications\SendPushNotification  12.74ms DONE
  2025-11-15 19:48:14 App\Jobs\Notifications\SendPushNotification  13.56ms DONE
  2025-11-15 19:48:14 App\Jobs\Notifications\SendPushNotification .... RUNNING
  2025-11-15 19:48:14 App\Jobs\Notifications\SendPushNotification  8.85ms DONE
  2025-11-15 19:48:14 App\Jobs\ValidateAndGeneratePeakZone ........... RUNNING
  2025-11-15 19:48:14 App\Jobs\ValidateAndGeneratePeakZone  2025-11-15 19:48:14 App\Jobs\SendRequestToNextDriversJob ........... ....... 8.92ms RUNNING
  2025-11-15 19:48:14 App\Jobs\Notifications\SendPushNotification  8.94ms DONE
 DONE
  2025-11-15 19:48:14 App\Jobs\Notifications\SendPushNotification  8.28ms DONE
  2025-11-15 19:48:14 App\Jobs\Notifications\SendPushNotification .... RUNNING
  2025-11-15 19:48:14 App\Jobs\SendRequestToNextDriversJob ....... 3.67ms DONE
  2025-11-15 19:48:14 App\Jobs\Notifications\SendPushNotification .... RUNNING
  2025-11-15 19:48:14 App\Jobs\SendRequestToNextDriversJob ........... RUNNING
  2025-11-15 19:48:14 App\Jobs\ValidateAndGeneratePeakZone ........... RUNNING
  2025-11-15 19:48:14 App\Jobs\ValidateAndGeneratePeakZone ....... 7.50ms DONE
  2025-11-15 19:48:14 App\Jobs\ValidateAndGeneratePeakZone ........... RUNNING
  2025-11-15 19:48:14 App\Jobs\Notifications\SendPushNotification  2025-11-15 19:48:14 App\Jobs\Notifications\SendPushNotification  12.13ms  7.58ms DONE
 DONE
  2025-11-15 19:48:14 App\Jobs\SendRequestToNextDriversJob ....... 5.61ms DONE
  2025-11-15 19:48:14 App\Jobs\Notifications\SendPushNotification .... RUNNING
  2025-11-15 19:48:14 App\Jobs\Notifications\SendPushNotification  2025-11-15 19:48:14 App\Jobs\Notifications\SendPushNotification .... RUNNING
 .... RUNNING
  2025-11-15 19:48:14 App\Jobs\ValidateAndGeneratePeakZone ........... RUNNING
  2025-11-15 19:48:14 App\Jobs\Notifications\SendPushNotification  2025-11-15 19:48:14 App\Jobs\ValidateAndGeneratePeakZone  9.78ms DONE
 ...... 10.30ms DONE
  2025-11-15 19:48:14 App\Jobs\ValidateAndGeneratePeakZone ....... 9.11ms DONE
  2025-11-15 19:48:14 App\Jobs\Notifications\SendPushNotification  2025-11-15 19:48:14 App\Jobs\Notifications\SendPushNotification .... RUNNING
 .... RUNNING
  2025-11-15 19:48:14 App\Jobs\ValidateAndGeneratePeakZone ........... RUNNING
  2025-11-15 19:48:14 App\Jobs\Notifications\SendPushNotification  7.05ms DONE
  2025-11-15 19:48:14 App\Jobs\ValidateAndGeneratePeakZone ....... 6.57ms DONE
  2025-11-15 19:48:14 App\Jobs\Notifications\SendPushNotification  7.48ms DONE
  2025-11-15 19:48:14 App\Jobs\Notifications\SendPushNotification  8.79ms DONE
  2025-11-15 19:48:14 App\Jobs\Notifications\SendPushNotification .... RUNNING
  2025-11-15 19:48:14 App\Jobs\ValidateAndGeneratePeakZone ........... RUNNING
  2025-11-15 19:48:14 App\Jobs\SendRequestToNextDriversJob ........... RUNNING
  2025-11-15 19:48:14 App\Jobs\ValidateAndGeneratePeakZone ........... RUNNING
  2025-11-15 19:48:14 App\Jobs\ValidateAndGeneratePeakZone ....... 8.49ms DONE
  2025-11-15 19:48:14 App\Jobs\Notifications\SendPushNotification  10.54ms DONE
  2025-11-15 19:48:14 App\Jobs\Notifications\SendPushNotification  11.03ms DONE
  2025-11-15 19:48:14 App\Jobs\Notifications\SendPushNotification  2025-11-15 19:48:14 App\Jobs\ValidateAndGeneratePeakZone .......  2025-11-15 19:48:14 App\Jobs\SendRequestToNextDriversJob .......  6.26ms DONE
 4.64ms DONE
 4.58ms DONE
  2025-11-15 19:48:14 App\Jobs\Notifications\SendPushNotification .... RUNNING
  2025-11-15 19:48:14 App\Jobs\Notifications\SendPushNotification .... RUNNING
  2025-11-15 19:48:14 App\Jobs\Notifications\SendPushNotification .... RUNNING
  2025-11-15 19:48:14 App\Jobs\ValidateAndGeneratePeakZone ........... RUNNING
  2025-11-15 19:48:14 App\Jobs\ValidateAndGeneratePeakZone  2025-11-15 19:48:14 App\Jobs\ValidateAndGeneratePeakZone ........... ....... 7.81ms RUNNING
  2025-11-15 19:48:14 App\Jobs\SendRequestToNextDriversJob DONE
 ........... RUNNING
  2025-11-15 19:48:14 App\Jobs\SendRequestToNextDriversJob ....... 2.72ms DONE
  2025-11-15 19:48:14 App\Jobs\Notifications\SendPushNotification .... RUNNING
  2025-11-15 19:48:14 App\Jobs\Notifications\SendPushNotification  8.25ms DONE
  2025-11-15 19:48:14 App\Jobs\Notifications\SendPushNotification  8.49ms DONE
  2025-11-15 19:48:14 App\Jobs\ValidateAndGeneratePeakZone ........... RUNNING
  2025-11-15 19:48:14 App\Jobs\Notifications\SendPushNotification  8.98ms DONE
  2025-11-15 19:48:14 App\Jobs\ValidateAndGeneratePeakZone ....... 8.12ms DONE
  2025-11-15 19:48:14 App\Jobs\ValidateAndGeneratePeakZone ....... 7.62ms DONE
  2025-11-15 19:48:14 App\Jobs\SendRequestToNextDriversJob ........... RUNNING
  2025-11-15 19:48:14 App\Jobs\Notifications\SendPushNotification .... RUNNING
  2025-11-15 19:48:14 App\Jobs\ValidateAndGeneratePeakZone  2025-11-15 19:48:14 App\Jobs\Notifications\SendPushNotification  7.63ms DONE
 ........... RUNNING
  2025-11-15 19:48:14 App\Jobs\Notifications\SendPushNotification .... RUNNING
  2025-11-15 19:48:14 App\Jobs\SendRequestToNextDriversJob ........... RUNNING
  2025-11-15 19:48:14 App\Jobs\SendRequestToNextDriversJob ....... 4.59ms DONE
  2025-11-15 19:48:14 App\Jobs\ValidateAndGeneratePeakZone ....... 7.19ms DONE
  2025-11-15 19:48:14 App\Jobs\Notifications\SendPushNotification .... RUNNING
  2025-11-15 19:48:14 App\Jobs\Notifications\SendPushNotification .... RUNNING
  2025-11-15 19:48:14 App\Jobs\SendRequestToNextDriversJob ....... 4.44ms DONE
  2025-11-15 19:48:14 App\Jobs\ValidateAndGeneratePeakZone ....... 6.79ms DONE
  2025-11-15 19:48:14 App\Jobs\Notifications\SendPushNotification  7.82ms DONE
  2025-11-15 19:48:14 App\Jobs\Notifications\SendPushNotification .... RUNNING
  2025-11-15 19:48:14 App\Jobs\Notifications\SendPushNotification .... RUNNING
  2025-11-15 19:48:14 App\Jobs\Notifications\SendPushNotification .... RUNNING
  2025-11-15 19:48:14 App\Jobs\ValidateAndGeneratePeakZone ........... RUNNING
  2025-11-15 19:48:14 App\Jobs\Notifications\SendPushNotification  10.57ms DONE
  2025-11-15 19:48:14 App\Jobs\Notifications\SendPushNotification  8.02ms DONE
  2025-11-15 19:48:14 App\Jobs\Notifications\SendPushNotification   2025-11-15 19:48:14 App\Jobs\Notifications\SendPushNotification  7.07ms DONE
 10.44ms DONE
  2025-11-15 19:48:14 App\Jobs\Notifications\SendPushNotification .... RUNNING
  2025-11-15 19:48:14 App\Jobs\Notifications\SendPushNotification .... RUNNING
  2025-11-15 19:48:14 App\Jobs\Notifications\SendPushNotification  7.17ms DONE
  2025-11-15 19:48:14 App\Jobs\Notifications\SendPushNotification .... RUNNING
  2025-11-15 19:48:14 App\Jobs\ValidateAndGeneratePeakZone  2025-11-15 19:48:14 App\Jobs\ValidateAndGeneratePeakZone ....... 7.10ms DONE
 ........... RUNNING
  2025-11-15 19:48:14 App\Jobs\Notifications\SendPushNotification  7.75ms DONE
  2025-11-15 19:48:14 App\Jobs\Notifications\SendPushNotification .... RUNNING
  2025-11-15 19:48:14 App\Jobs\ValidateAndGeneratePeakZone ........... RUNNING
  2025-11-15 19:48:14 App\Jobs\Notifications\SendPushNotification .... RUNNING
  2025-11-15 19:48:14 App\Jobs\ValidateAndGeneratePeakZone ....... 5.71ms DONE
  2025-11-15 19:48:14 App\Jobs\Notifications\SendPushNotification  7.64ms DONE
  2025-11-15 19:48:14 App\Jobs\Notifications\SendPushNotification  10.05ms DONE
  2025-11-15 19:48:14 App\Jobs\Notifications\SendPushNotification  8.69ms DONE
  2025-11-15 19:48:14 App\Jobs\Notifications\SendPushNotification .... RUNNING
  2025-11-15 19:48:14 App\Jobs\Notifications\SendPushNotification .... RUNNING
  2025-11-15 19:48:14 App\Jobs\Notifications\SendPushNotification  8.99ms DONE
  2025-11-15 19:48:14 App\Jobs\Notifications\SendPushNotification  8.13ms DONE
  2025-11-15 19:48:14 App\Jobs\Notifications\SendPushNotification .... RUNNING
  2025-11-15 19:48:14 App\Jobs\Notifications\SendPushNotification .... RUNNING
  2025-11-15 19:48:14 App\Jobs\ValidateAndGeneratePeakZone ....... 8.53ms DONE
  2025-11-15 19:48:14 App\Jobs\Notifications\SendPushNotification .... RUNNING
  2025-11-15 19:48:14 App\Jobs\Notifications\SendPushNotification .... RUNNING
  2025-11-15 19:48:14 App\Jobs\Notifications\SendPushNotification  7.98ms DONE
  2025-11-15 19:48:14 App\Jobs\Notifications\SendPushNotification .... RUNNING
  2025-11-15 19:48:14 App\Jobs\Notifications\SendPushNotification  9.53ms DONE
  2025-11-15 19:48:14 App\Jobs\Notifications\SendPushNotification  7.46ms DONE
  2025-11-15 19:48:14 App\Jobs\Notifications\SendPushNotification  9.24ms DONE
  2025-11-15 19:48:14 App\Jobs\Notifications\SendPushNotification .... RUNNING
  2025-11-15 19:48:14 App\Jobs\ValidateAndGeneratePeakZone ........... RUNNING
  2025-11-15 19:48:14 App\Jobs\Notifications\SendPushNotification  7.48ms DONE
  2025-11-15 19:48:14 App\Jobs\Notifications\SendPushNotification .... RUNNING
  2025-11-15 19:48:14 App\Jobs\Notifications\SendPushNotification .... RUNNING
  2025-11-15 19:48:14 App\Jobs\Notifications\SendPushNotification  8.46ms DONE
  2025-11-15 19:48:14 App\Jobs\ValidateAndGeneratePeakZone ........... RUNNING
  2025-11-15 19:48:14 App\Jobs\Notifications\SendPushNotification  9.37ms DONE
  2025-11-15 19:48:14 App\Jobs\ValidateAndGeneratePeakZone ....... 5.30ms DONE
  2025-11-15 19:48:14 App\Jobs\Notifications\SendPushNotification .... RUNNING
  2025-11-15 19:48:14 App\Jobs\Notifications\SendPushNotification .... RUNNING
  2025-11-15 19:48:14 App\Jobs\ValidateAndGeneratePeakZone ....... 5.49ms DONE
  2025-11-15 19:48:14 App\Jobs\Notifications\SendPushNotification  6.77ms DONE
  2025-11-15 19:48:14 App\Jobs\Notifications\SendPushNotification  7.33ms DONE
  2025-11-15 19:48:14 App\Jobs\Notifications\SendPushNotification  2025-11-15 19:48:14 App\Jobs\Notifications\SendPushNotification  8.97ms DONE
 .... RUNNING
  2025-11-15 19:48:14 App\Jobs\Notifications\SendPushNotification .... RUNNING
  2025-11-15 19:48:14 App\Jobs\Notifications\SendPushNotification .... RUNNING
  2025-11-15 19:48:14 App\Jobs\ValidateAndGeneratePeakZone ........... RUNNING
  2025-11-15 19:48:14 App\Jobs\Notifications\SendPushNotification .... RUNNING
  2025-11-15 19:48:14 App\Jobs\Notifications\SendPushNotification  7.32ms DONE
  2025-11-15 19:48:14 App\Jobs\Notifications\SendPushNotification  11.05ms DONE
  2025-11-15 19:48:14 App\Jobs\Notifications\SendPushNotification  7.91ms DONE
  2025-11-15 19:48:14 App\Jobs\ValidateAndGeneratePeakZone ....... 4.43ms DONE
  2025-11-15 19:48:14 App\Jobs\Notifications\SendPushNotification .... RUNNING
  2025-11-15 19:48:14 App\Jobs\Notifications\SendPushNotification .... RUNNING
  2025-11-15 19:48:14 App\Jobs\ValidateAndGeneratePeakZone ........... RUNNING
  2025-11-15 19:48:14 App\Jobs\Notifications\SendPushNotification .... RUNNING
  2025-11-15 19:48:14 App\Jobs\Notifications\SendPushNotification  9.43ms DONE
  2025-11-15 19:48:14 App\Jobs\Notifications\SendPushNotification  9.54ms DONE
  2025-11-15 19:48:14 App\Jobs\Notifications\SendPushNotification  9.49ms DONE
  2025-11-15 19:48:14 App\Jobs\ValidateAndGeneratePeakZone ....... 4.53ms DONE
  2025-11-15 19:48:14 App\Jobs\Notifications\SendPushNotification .... RUNNING
  2025-11-15 19:48:14 App\Jobs\ValidateAndGeneratePeakZone ........... RUNNING
  2025-11-15 19:48:14 App\Jobs\Notifications\SendPushNotification .... RUNNING
  2025-11-15 19:48:14 App\Jobs\Notifications\SendPushNotification  6.60ms DONE
  2025-11-15 19:48:14 App\Jobs\Notifications\SendPushNotification  9.53ms DONE
  2025-11-15 19:48:14 App\Jobs\Notifications\SendPushNotification  8.81ms DONE
  2025-11-15 19:48:14 App\Jobs\Notifications\SendPushNotification .... RUNNING
  2025-11-15 19:48:14 App\Jobs\Notifications\SendPushNotification  5.64ms DONE
  2025-11-15 19:48:14 App\Jobs\ValidateAndGeneratePeakZone  2025-11-15 19:48:14 App\Jobs\Notifications\SendPushNotification  7.26ms ....... 7.27ms DONE
  2025-11-15 19:48:14 App\Jobs\ValidateAndGeneratePeakZone DONE
 ........... RUNNING
  2025-11-15 19:48:14 App\Jobs\Notifications\SendPushNotification .... RUNNING
  2025-11-15 19:48:14 App\Jobs\Notifications\SendPushNotification .... RUNNING
  2025-11-15 19:48:14 App\Jobs\Notifications\SendPushNotification .... RUNNING
  2025-11-15 19:48:14 App\Jobs\ValidateAndUpdateIncentivesJob ........ RUNNING
  2025-11-15 19:48:14 App\Jobs\Notifications\SendPushNotification  9.29ms DONE
  2025-11-15 19:48:14 App\Jobs\ValidateAndUpdateDriverLoyaltyJob  2025-11-15 19:48:14 App\Jobs\ValidateAndGeneratePeakZone ....... 5.97ms DONE
 ..... RUNNING
  2025-11-15 19:48:14 App\Jobs\Notifications\SendPushNotification  8.28ms DONE
  2025-11-15 19:48:14 App\Jobs\Notifications\SendPushNotification  7.55ms DONE
  2025-11-15 19:48:14 App\Jobs\Mails\SendUserInvoiceMailNotification . RUNNING
  2025-11-15 19:48:14 App\Jobs\Notifications\SendPushNotification .... RUNNING
  2025-11-15 19:48:14 App\Jobs\Notifications\SendPushNotification  10.39ms DONE
  2025-11-15 19:48:14 App\Jobs\Notifications\SendPushNotification .... RUNNING
  2025-11-15 19:48:14 App\Jobs\Mails\SendDriverInvoiceMailNotification  RUNNING
  2025-11-15 19:48:14 App\Jobs\ValidateAndGeneratePeakZone ........... RUNNING
  2025-11-15 19:48:14 App\Jobs\Notifications\SendPushNotification  7.97ms DONE
  2025-11-15 19:48:14 App\Jobs\Notifications\SendPushNotification  14.99ms DONE
  2025-11-15 19:48:14 App\Jobs\ValidateAndGeneratePeakZone ....... 9.25ms DONE
  2025-11-15 19:48:14 App\Jobs\Notifications\SendPushNotification .... RUNNING
  2025-11-15 19:48:14 App\Jobs\Notifications\SendPushNotification .... RUNNING
  2025-11-15 19:48:14 App\Jobs\Notifications\SendPushNotification .... RUNNING
  2025-11-15 19:48:14 App\Jobs\Notifications\SendPushNotification  8.31ms DONE
  2025-11-15 19:48:14 App\Jobs\Notifications\SendPushNotification  6.76ms DONE
  2025-11-15 19:48:14 App\Jobs\Notifications\SendPushNotification .... RUNNING
  2025-11-15 19:48:14 App\Jobs\Notifications\SendPushNotification .... RUNNING
  2025-11-15 19:48:14 App\Jobs\Notifications\SendPushNotification  9.86ms DONE
  2025-11-15 19:48:14 App\Jobs\ValidateAndUpdateIncentivesJob ...  2025-11-15 19:48:14 App\Jobs\ValidateAndUpdateDriverLoyaltyJob  39.28ms DONE
 42.50ms DONE
  2025-11-15 19:48:14 App\Jobs\ValidateAndGeneratePeakZone ........... RUNNING
  2025-11-15 19:48:14 App\Jobs\Notifications\SendPushNotification .... RUNNING
  2025-11-15 19:48:14 App\Jobs\Notifications\SendPushNotification .... RUNNING
  2025-11-15 19:48:14 App\Jobs\Notifications\SendPushNotification  2025-11-15 19:48:14 App\Jobs\Notifications\SendPushNotification   7.86ms DONE
 11.09ms DONE
  2025-11-15 19:48:14 App\Jobs\Notifications\SendPushNotification .... RUNNING
  2025-11-15 19:48:14 App\Jobs\Notifications\SendPushNotification .... RUNNING
  2025-11-15 19:48:14 App\Jobs\ValidateAndGeneratePeakZone ....... 8.11ms DONE
  2025-11-15 19:48:14 App\Jobs\Notifications\SendPushNotification  7.36ms DONE
  2025-11-15 19:48:14 App\Jobs\Notifications\SendPushNotification  8.58ms DONE
  2025-11-15 19:48:14 App\Jobs\ValidateAndGeneratePeakZone ........... RUNNING
  2025-11-15 19:48:14 App\Jobs\Notifications\SendPushNotification .... RUNNING
  2025-11-15 19:48:14 App\Jobs\Notifications\SendPushNotification .... RUNNING
  2025-11-15 19:48:14 App\Jobs\Notifications\SendPushNotification  8.01ms DONE
  2025-11-15 19:48:14 App\Jobs\Notifications\SendPushNotification  7.33ms DONE
  2025-11-15 19:48:14 App\Jobs\ValidateAndGeneratePeakZone ....... 4.91ms DONE
  2025-11-15 19:48:14 App\Jobs\ValidateAndUpdateIncentivesJob  2025-11-15 19:48:14 App\Jobs\Notifications\SendPushNotification .... RUNNING
 ........ RUNNING
  2025-11-15 19:48:14 App\Jobs\ValidateAndUpdateDriverLoyaltyJob ..... RUNNING
  2025-11-15 19:48:14 App\Jobs\Notifications\SendPushNotification  8.07ms DONE
  2025-11-15 19:48:14 App\Jobs\Notifications\SendPushNotification  7.47ms DONE
  2025-11-15 19:48:14 App\Jobs\Notifications\SendPushNotification .... RUNNING
  2025-11-15 19:48:14 App\Jobs\Mails\SendUserInvoiceMailNotification . RUNNING
  2025-11-15 19:48:14 App\Jobs\Notifications\SendPushNotification  8.34ms DONE
  2025-11-15 19:48:14 App\Jobs\Notifications\SendPushNotification  10.25ms DONE
  2025-11-15 19:48:14 App\Jobs\Mails\SendDriverInvoiceMailNotification  RUNNING
  2025-11-15 19:48:14 App\Jobs\Notifications\SendPushNotification .... RUNNING
  2025-11-15 19:48:14 App\Jobs\ValidateAndUpdateDriverLoyaltyJob  19.58ms DONE
  2025-11-15 19:48:14 App\Jobs\ValidateAndUpdateIncentivesJob ... 21.55ms DONE
  2025-11-15 19:48:14 App\Jobs\Notifications\SendPushNotification .... RUNNING
  2025-11-15 19:48:14 App\Jobs\Mails\SendUserRegistationMailNotification  RUNNING
  2025-11-15 19:48:14 App\Jobs\Notifications\SendPushNotification  10.23ms DONE
  2025-11-15 19:48:14 App\Jobs\Notifications\SendPushNotification .... RUNNING
  2025-11-15 19:48:14 App\Jobs\Notifications\SendPushNotification  6.88ms DONE
  2025-11-15 19:48:14 App\Jobs\Notifications\SendPushNotification .... RUNNING
  2025-11-15 19:48:14 App\Jobs\Notifications\SendPushNotification  5.96ms DONE
  2025-11-15 19:48:14 App\Jobs\ValidateAndGeneratePeakZone ........... RUNNING
  2025-11-15 19:48:14 App\Jobs\Notifications\SendPushNotification  6.61ms DONE
  2025-11-15 19:48:14 App\Jobs\ValidateAndGeneratePeakZone ....... 4.65ms DONE
  2025-11-15 19:48:14 App\Jobs\Notifications\SendPushNotification .... RUNNING
  2025-11-15 19:48:14 App\Jobs\ValidateAndGeneratePeakZone ........... RUNNING
  2025-11-15 19:48:14 App\Jobs\Notifications\SendPushNotification  5.75ms DONE
  2025-11-15 19:48:14 App\Jobs\ValidateAndGeneratePeakZone ....... 4.31ms DONE
  2025-11-15 19:48:14 App\Jobs\Notifications\SendPushNotification .... RUNNING
  2025-11-15 19:48:14 App\Jobs\Notifications\SendPushNotification .... RUNNING
  2025-11-15 19:48:14 App\Jobs\Notifications\SendPushNotification  5.91ms DONE
  2025-11-15 19:48:14 App\Jobs\Notifications\SendPushNotification  5.26ms DONE
  2025-11-15 19:48:14 App\Jobs\Notifications\SendPushNotification .... RUNNING
  2025-11-15 19:48:14 App\Jobs\Notifications\SendPushNotification .... RUNNING
  2025-11-15 19:48:14 App\Jobs\Notifications\SendPushNotification  4.73ms DONE
  2025-11-15 19:48:14 App\Jobs\Notifications\SendPushNotification .... RUNNING
  2025-11-15 19:48:14 App\Jobs\Notifications\SendPushNotification  7.23ms DONE
  2025-11-15 19:48:14 App\Jobs\Notifications\SendPushNotification .... RUNNING
  2025-11-15 19:48:14 App\Jobs\Notifications\SendPushNotification  6.01ms DONE
  2025-11-15 19:48:14 App\Jobs\Notifications\SendPushNotification .... RUNNING
  2025-11-15 19:48:14 App\Jobs\Notifications\SendPushNotification  5.88ms DONE
  2025-11-15 19:48:14 App\Jobs\Notifications\SendPushNotification .... RUNNING
  2025-11-15 19:48:14 App\Jobs\Notifications\SendPushNotification  5.85ms DONE
  2025-11-15 19:48:14 App\Jobs\Notifications\SendPushNotification .... RUNNING
  2025-11-15 19:48:14 App\Jobs\Notifications\SendPushNotification  5.42ms DONE
  2025-11-15 19:48:14 App\Jobs\Notifications\SendPushNotification .... RUNNING
  2025-11-15 19:48:14 App\Jobs\Notifications\SendPushNotification  6.12ms DONE
  2025-11-15 19:48:14 App\Jobs\Notifications\SendPushNotification .... RUNNING
  2025-11-15 19:48:14 App\Jobs\Notifications\SendPushNotification  5.70ms DONE
  2025-11-15 19:48:14 App\Jobs\Notifications\SendPushNotification .... RUNNING
  2025-11-15 19:48:14 App\Jobs\Notifications\SendPushNotification  6.40ms DONE
  2025-11-15 19:48:14 App\Jobs\Notifications\SendPushNotification .... RUNNING
  2025-11-15 19:48:14 App\Jobs\Notifications\SendPushNotification  6.35ms DONE
  2025-11-15 19:48:14 App\Jobs\Notifications\SendPushNotification .... RUNNING
  2025-11-15 19:48:14 App\Jobs\Notifications\SendPushNotification  5.78ms DONE
  2025-11-15 19:48:14 App\Jobs\Notifications\SendPushNotification .... RUNNING
  2025-11-15 19:48:14 App\Jobs\Notifications\SendPushNotification  5.92ms DONE
  2025-11-15 19:48:14 App\Jobs\Notifications\SendPushNotification .... RUNNING
  2025-11-15 19:48:14 App\Jobs\Notifications\SendPushNotification  5.89ms DONE
  2025-11-15 19:48:14 App\Jobs\Notifications\SendPushNotification .... RUNNING
  2025-11-15 19:48:14 App\Jobs\Notifications\SendPushNotification  7.28ms DONE
  2025-11-15 19:48:14 App\Jobs\Notifications\SendPushNotification  4.85ms DONE
  2025-11-15 19:48:14 App\Jobs\Notifications\SendPushNotification .... RUNNING
  2025-11-15 19:48:14 App\Jobs\Notifications\SendPushNotification .... RUNNING
  2025-11-15 19:48:14 App\Jobs\Notifications\SendPushNotification  5.11ms DONE
  2025-11-15 19:48:14 App\Jobs\Notifications\SendPushNotification  4.02ms DONE
  2025-11-15 19:48:14 App\Jobs\Notifications\SendPushNotification .... RUNNING
  2025-11-15 19:48:14 App\Jobs\Notifications\SendPushNotification .... RUNNING
  2025-11-15 19:48:14 App\Jobs\Notifications\SendPushNotification  4.36ms DONE
  2025-11-15 19:48:14 App\Jobs\Notifications\SendPushNotification  4.49ms DONE
  2025-11-15 19:48:14 App\Jobs\Notifications\SendPushNotification .... RUNNING
  2025-11-15 19:48:14 App\Jobs\Notifications\SendPushNotification .... RUNNING
  2025-11-15 19:48:14 App\Jobs\Notifications\SendPushNotification  5.91ms DONE
  2025-11-15 19:48:14 App\Jobs\Notifications\SendPushNotification  5.85ms DONE
  2025-11-15 19:48:14 App\Jobs\Notifications\SendPushNotification .... RUNNING
  2025-11-15 19:48:14 App\Jobs\Mails\SendUserRegistationMailNotification  RUNNING
  2025-11-15 19:48:14 App\Jobs\Notifications\SendPushNotification  4.86ms DONE
  2025-11-15 19:48:14 App\Jobs\Mails\SendUserRegistationMailNotification  RUNNING
  2025-11-15 19:48:22 App\Jobs\Mails\SendUserRegistationMailNotification  7s DONE
  2025-11-15 19:48:22 App\Jobs\ValidateAndGeneratePeakZone ........... RUNNING
  2025-11-15 19:48:22 App\Jobs\ValidateAndGeneratePeakZone ....... 4.88ms DONE
  2025-11-15 19:48:22 App\Jobs\Notifications\SendPushNotification .... RUNNING
  2025-11-15 19:48:22 App\Jobs\Notifications\SendPushNotification  6.40ms DONE
  2025-11-15 19:48:22 App\Jobs\ValidateAndGeneratePeakZone ........... RUNNING
  2025-11-15 19:48:22 App\Jobs\ValidateAndGeneratePeakZone ....... 4.65ms DONE
  2025-11-15 19:48:22 App\Jobs\Mails\SendUserRegistationMailNotification  RUNNING
  2025-11-15 19:48:22 App\Jobs\Mails\SendUserInvoiceMailNotification . 7s DONE
  2025-11-15 19:48:22 App\Jobs\ValidateAndGeneratePeakZone ........... RUNNING
  2025-11-15 19:48:22 App\Jobs\ValidateAndGeneratePeakZone ....... 4.60ms DONE
  2025-11-15 19:48:22 App\Jobs\Notifications\SendPushNotification .... RUNNING
  2025-11-15 19:48:22 App\Jobs\Mails\SendUserRegistationMailNotification  7s  2025-11-15 19:48:22 App\Jobs\Notifications\SendPushNotification  6.27ms DONE
 DONE
  2025-11-15 19:48:22 App\Jobs\Notifications\SendPushNotification .... RUNNING
  2025-11-15 19:48:22 App\Jobs\Notifications\SendPushNotification .... RUNNING
  2025-11-15 19:48:22 App\Jobs\Notifications\SendPushNotification  5.68ms DONE
  2025-11-15 19:48:22 App\Jobs\Notifications\SendPushNotification  6.29ms DONE
  2025-11-15 19:48:22 App\Jobs\Notifications\SendPushNotification .... RUNNING
  2025-11-15 19:48:22 App\Jobs\Notifications\SendPushNotification .... RUNNING
  2025-11-15 19:48:22 App\Jobs\Notifications\SendPushNotification  8.16ms DONE
  2025-11-15 19:48:22 App\Jobs\Notifications\SendPushNotification  5.70ms DONE
  2025-11-15 19:48:22 App\Jobs\Notifications\SendPushNotification .... RUNNING
  2025-11-15 19:48:22 App\Jobs\ValidateAndGeneratePeakZone ........... RUNNING
  2025-11-15 19:48:22 App\Jobs\ValidateAndGeneratePeakZone ....... 4.30ms DONE
  2025-11-15 19:48:22 App\Jobs\Notifications\SendPushNotification  5.78ms DONE
  2025-11-15 19:48:22 App\Jobs\Notifications\SendPushNotification .... RUNNING
  2025-11-15 19:48:22 App\Jobs\Notifications\SendPushNotification .... RUNNING
  2025-11-15 19:48:22 App\Jobs\Mails\SendDriverInvoiceMailNotification  2025-11-15 19:48:22 App\Jobs\Notifications\SendPushNotification  10.94ms DONE
  7s DONE
  2025-11-15 19:48:22 App\Jobs\Notifications\SendPushNotification  7.22ms DONE
  2025-11-15 19:48:22 App\Jobs\Notifications\SendPushNotification .... RUNNING
  2025-11-15 19:48:22 App\Jobs\Notifications\SendPushNotification .... RUNNING
  2025-11-15 19:48:22 App\Jobs\Notifications\SendPushNotification .... RUNNING
  2025-11-15 19:48:22 App\Jobs\Notifications\SendPushNotification  7.99ms DONE
  2025-11-15 19:48:22 App\Jobs\Notifications\SendPushNotification  7.03ms DONE
  2025-11-15 19:48:22 App\Jobs\Notifications\SendPushNotification  7.77ms DONE
  2025-11-15 19:48:22 App\Jobs\Notifications\SendPushNotification .... RUNNING
  2025-11-15 19:48:22 App\Jobs\Notifications\SendPushNotification .... RUNNING
  2025-11-15 19:48:22 App\Jobs\Notifications\SendPushNotification .... RUNNING
  2025-11-15 19:48:22 App\Jobs\Mails\SendDriverInvoiceMailNotification  7s DONE
  2025-11-15 19:48:22 App\Jobs\Notifications\SendPushNotification .... RUNNING
  2025-11-15 19:48:22 App\Jobs\Notifications\SendPushNotification  10.71ms DONE
  2025-11-15 19:48:22 App\Jobs\Notifications\SendPushNotification  15.39ms DONE
  2025-11-15 19:48:22 App\Jobs\Notifications\SendPushNotification  13.81ms DONE
  2025-11-15 19:48:22 App\Jobs\Mails\SendUserInvoiceMailNotification . 7s DONE
  2025-11-15 19:48:22 App\Jobs\Notifications\SendPushNotification .... RUNNING
  2025-11-15 19:48:22 App\Jobs\Notifications\SendPushNotification ....  2025-11-15 19:48:22 App\Jobs\Notifications\SendPushNotification .... RUNNING
 RUNNING
  2025-11-15 19:48:22 App\Jobs\Notifications\SendPushNotification .... RUNNING
  2025-11-15 19:48:22 App\Jobs\Notifications\SendPushNotification  14.24ms DONE
  2025-11-15 19:48:22 App\Jobs\Notifications\SendPushNotification .... RUNNING
  2025-11-15 19:48:22 App\Jobs\Notifications\SendPushNotification  14.55ms DONE
  2025-11-15 19:48:22 App\Jobs\Notifications\SendPushNotification  13.20ms DONE
  2025-11-15 19:48:22 App\Jobs\Notifications\SendPushNotification  18.41ms DONE
  2025-11-15 19:48:22 App\Jobs\Notifications\SendPushNotification  16.69ms DONE
  2025-11-15 19:48:22 App\Jobs\ValidateAndGeneratePeakZone ........... RUNNING
  2025-11-15 19:48:22 App\Jobs\Notifications\SendPushNotification .... RUNNING
  2025-11-15 19:48:22 App\Jobs\Notifications\SendPushNotification  12.99ms DONE
  2025-11-15 19:48:22 App\Jobs\Mails\SendUserRegistationMailNotification  RUNNING
  2025-11-15 19:48:22 App\Jobs\Notifications\SendPushNotification .... RUNNING
  2025-11-15 19:48:22 App\Jobs\Notifications\AndroidPushNotification . RUNNING
  2025-11-15 19:48:22 App\Jobs\ValidateAndGeneratePeakZone ...... 10.23ms DONE
  2025-11-15 19:48:22 App\Jobs\Notifications\SendPushNotification  2025-11-15 19:48:22 App\Jobs\Notifications\SendPushNotification  8.37ms DONE
  9.98ms DONE
  2025-11-15 19:48:22 App\Jobs\Notifications\AndroidPushNotification . RUNNING
  2025-11-15 19:48:22 App\Jobs\Notifications\AndroidPushNotification  2025-11-15 19:48:22 App\Jobs\Notifications\AndroidPushNotification . . RUNNING
 RUNNING
  2025-11-15 19:48:22 App\Jobs\Notifications\AndroidPushNotification  17.59ms DONE
  2025-11-15 19:48:22 App\Jobs\Notifications\AndroidPushNotification  8.69ms DONE
  2025-11-15 19:48:22 App\Jobs\Notifications\AndroidPushNotification   2025-11-15 19:48:22 App\Jobs\Notifications\AndroidPushNotification 10.02ms DONE
  9.15ms DONE
  2025-11-15 19:48:22 App\Jobs\Notifications\AndroidPushNotification . RUNNING
  2025-11-15 19:48:22 App\Jobs\Notifications\AndroidPushNotification . RUNNING
  2025-11-15 19:48:22 App\Jobs\Notifications\AndroidPushNotification . RUNNING
  2025-11-15 19:48:22 App\Jobs\Notifications\AndroidPushNotification . RUNNING
  2025-11-15 19:48:22 App\Jobs\Notifications\AndroidPushNotification  5.05ms DONE
  2025-11-15 19:48:22 App\Jobs\Notifications\AndroidPushNotification  4.89ms DONE
  2025-11-15 19:48:22 App\Jobs\Notifications\AndroidPushNotification  5.45ms DONE
  2025-11-15 19:48:22 App\Jobs\Mails\SendUserRegistationMailNotification  7s DONE
  2025-11-15 19:48:22 App\Jobs\Notifications\AndroidPushNotification . RUNNING
  2025-11-15 19:48:22 App\Jobs\Notifications\AndroidPushNotification . RUNNING
  2025-11-15 19:48:22 App\Jobs\Notifications\AndroidPushNotification . RUNNING
  2025-11-15 19:48:22 App\Jobs\Notifications\AndroidPushNotification . RUNNING
  2025-11-15 19:48:22 App\Jobs\Mails\SendUserRegistationMailNotification  199.72ms DONE
  2025-11-15 19:48:22 App\Jobs\Notifications\AndroidPushNotification  6.03ms DONE
  2025-11-15 19:48:22 App\Jobs\Notifications\AndroidPushNotification . RUNNING
  2025-11-15 19:48:22 App\Jobs\Notifications\AndroidPushNotification . RUNNING
  2025-11-15 19:48:22 App\Jobs\Mails\SendUserRegistationMailNotification  7s DONE
  2025-11-15 19:48:22 App\Jobs\Notifications\AndroidPushNotification . RUNNING
  2025-11-15 19:48:22 App\Jobs\Notifications\AndroidPushNotification  9.52ms DONE
  2025-11-15 19:48:22 App\Jobs\Notifications\AndroidPushNotification . RUNNING
  2025-11-15 19:48:22 App\Jobs\Notifications\AndroidPushNotification  8.50ms DONE
  2025-11-15 19:48:22 App\Jobs\Notifications\AndroidPushNotification . RUNNING
  2025-11-15 19:48:22 App\Jobs\Notifications\AndroidPushNotification  9.28ms DONE
  2025-11-15 19:48:22 App\Jobs\Notifications\AndroidPushNotification . RUNNING
  2025-11-15 19:48:22 App\Jobs\Mails\SendUserRegistationMailNotification  184.69ms DONE
  2025-11-15 19:48:22 App\Jobs\Notifications\AndroidPushNotification . RUNNING
  2025-11-15 19:48:22 App\Jobs\Notifications\AndroidPushNotification  208.55ms DONE
  2025-11-15 19:48:22 App\Jobs\Notifications\AndroidPushNotification  210.53ms DONE
  2025-11-15 19:48:22 App\Jobs\Notifications\AndroidPushNotification  208.40ms DONE
  2025-11-15 19:48:22 App\Jobs\Notifications\AndroidPushNotification . RUNNING
  2025-11-15 19:48:22 App\Jobs\Notifications\AndroidPushNotification . RUNNING
  2025-11-15 19:48:22 App\Jobs\Notifications\AndroidPushNotification . RUNNING
  2025-11-15 19:48:22 App\Jobs\Notifications\AndroidPushNotification  3.66ms DONE
  2025-11-15 19:48:22 App\Jobs\Notifications\AndroidPushNotification  3.53ms DONE
  2025-11-15 19:48:22 App\Jobs\Notifications\AndroidPushNotification . RUNNING
  2025-11-15 19:48:22 App\Jobs\Notifications\AndroidPushNotification . RUNNING
  2025-11-15 19:48:22 App\Jobs\Notifications\AndroidPushNotification  246.71ms DONE
  2025-11-15 19:48:22 App\Jobs\Notifications\AndroidPushNotification  223.39ms DONE
  2025-11-15 19:48:22 App\Jobs\Notifications\AndroidPushNotification . RUNNING
  2025-11-15 19:48:22 App\Jobs\Notifications\AndroidPushNotification . RUNNING
  2025-11-15 19:48:22 App\Jobs\Notifications\AndroidPushNotification  224.95ms DONE
  2025-11-15 19:48:22 App\Jobs\Notifications\AndroidPushNotification  5.70ms DONE
  2025-11-15 19:48:22 App\Jobs\Notifications\AndroidPushNotification  2025-11-15 19:48:22 App\Jobs\Notifications\AndroidPushNotification . RUNNING
 . RUNNING
  2025-11-15 19:48:22 App\Jobs\Notifications\AndroidPushNotification  4.79ms DONE
  2025-11-15 19:48:22 App\Jobs\Notifications\AndroidPushNotification . RUNNING
  2025-11-15 19:48:22 App\Jobs\Notifications\AndroidPushNotification  67.69ms DONE
  2025-11-15 19:48:22 App\Jobs\Notifications\AndroidPushNotification  61.00ms DONE
  2025-11-15 19:48:22 App\Jobs\Notifications\AndroidPushNotification . RUNNING
  2025-11-15 19:48:22 App\Jobs\Notifications\AndroidPushNotification . RUNNING
  2025-11-15 19:48:22 App\Jobs\Notifications\AndroidPushNotification  74.31ms DONE
  2025-11-15 19:48:22 App\Jobs\Notifications\AndroidPushNotification  62.98ms DONE
  2025-11-15 19:48:22 App\Jobs\Notifications\AndroidPushNotification . RUNNING
  2025-11-15 19:48:22 App\Jobs\Notifications\AndroidPushNotification . RUNNING
  2025-11-15 19:48:22 App\Jobs\Notifications\AndroidPushNotification  4.03ms DONE
  2025-11-15 19:48:22 App\Jobs\Notifications\AndroidPushNotification . RUNNING
  2025-11-15 19:48:22 App\Jobs\Notifications\AndroidPushNotification  165.45ms DONE
  2025-11-15 19:48:22 App\Jobs\Notifications\AndroidPushNotification  173.98ms DONE
  2025-11-15 19:48:22 App\Jobs\Notifications\AndroidPushNotification . RUNNING
  2025-11-15 19:48:22 App\Jobs\Notifications\AndroidPushNotification . RUNNING
  2025-11-15 19:48:22 App\Jobs\Notifications\AndroidPushNotification  79.12ms DONE
  2025-11-15 19:48:22 App\Jobs\Notifications\AndroidPushNotification  74.17ms DONE
  2025-11-15 19:48:22 App\Jobs\Notifications\AndroidPushNotification . RUNNING
  2025-11-15 19:48:22 App\Jobs\Notifications\AndroidPushNotification . RUNNING
  2025-11-15 19:48:22 App\Jobs\Notifications\AndroidPushNotification  3.30ms DONE
  2025-11-15 19:48:22 App\Jobs\Notifications\AndroidPushNotification  3.98ms DONE
  2025-11-15 19:48:22 App\Jobs\Notifications\AndroidPushNotification . RUNNING
  2025-11-15 19:48:22 App\Jobs\Notifications\AndroidPushNotification . RUNNING
  2025-11-15 19:48:22 App\Jobs\Notifications\AndroidPushNotification  3.89ms DONE
  2025-11-15 19:48:22 App\Jobs\Notifications\AndroidPushNotification  2.83ms DONE
  2025-11-15 19:48:22 App\Jobs\Notifications\AndroidPushNotification . RUNNING
  2025-11-15 19:48:22 App\Jobs\Notifications\AndroidPushNotification . RUNNING
  2025-11-15 19:48:22 App\Jobs\Notifications\AndroidPushNotification  63.43ms DONE
  2025-11-15 19:48:22 App\Jobs\Notifications\AndroidPushNotification  63.00ms DONE
  2025-11-15 19:48:22 App\Jobs\Notifications\AndroidPushNotification . RUNNING
  2025-11-15 19:48:22 App\Jobs\Notifications\AndroidPushNotification . RUNNING
  2025-11-15 19:48:22 App\Jobs\Notifications\AndroidPushNotification  58.81ms DONE
  2025-11-15 19:48:22 App\Jobs\Notifications\AndroidPushNotification  62.40ms DONE
  2025-11-15 19:48:22 App\Jobs\Notifications\AndroidPushNotification  78.87ms DONE
  2025-11-15 19:48:22 App\Jobs\Notifications\AndroidPushNotification .  2025-11-15 19:48:22 App\Jobs\Notifications\AndroidPushNotification  75.19ms DONE
  2025-11-15 19:48:22 App\Jobs\Notifications\AndroidPushNotification . RUNNING
 RUNNING
  2025-11-15 19:48:22 App\Jobs\Notifications\AndroidPushNotification . RUNNING
  2025-11-15 19:48:22 App\Jobs\Notifications\AndroidPushNotification .  2025-11-15 19:48:22 App\Jobs\Notifications\AndroidPushNotification RUNNING
  10.08ms DONE
  2025-11-15 19:48:22 App\Jobs\Notifications\AndroidPushNotification . RUNNING
  2025-11-15 19:48:22 App\Jobs\Notifications\AndroidPushNotification  61.13ms DONE
  2025-11-15 19:48:22 App\Jobs\Notifications\AndroidPushNotification . RUNNING
  2025-11-15 19:48:22 App\Jobs\Notifications\AndroidPushNotification  59.76ms DONE
  2025-11-15 19:48:22 App\Jobs\Notifications\AndroidPushNotification . RUNNING
  2025-11-15 19:48:22 App\Jobs\Notifications\AndroidPushNotification  3.41ms DONE
  2025-11-15 19:48:22 App\Jobs\Notifications\AndroidPushNotification . RUNNING
  2025-11-15 19:48:22 App\Jobs\Notifications\AndroidPushNotification  84.76ms DONE
  2025-11-15 19:48:22 App\Jobs\Notifications\AndroidPushNotification  74.81ms DONE
  2025-11-15 19:48:22 App\Jobs\Notifications\AndroidPushNotification . RUNNING
  2025-11-15 19:48:22 App\Jobs\Notifications\AndroidPushNotification  48.00ms DONE
  2025-11-15 19:48:22 App\Jobs\Notifications\AndroidPushNotification . RUNNING
  2025-11-15 19:48:22 App\Jobs\Notifications\AndroidPushNotification . RUNNING
  2025-11-15 19:48:22 App\Jobs\Notifications\AndroidPushNotification  3.00ms DONE
  2025-11-15 19:48:22 App\Jobs\Notifications\AndroidPushNotification . RUNNING
  2025-11-15 19:48:22 App\Jobs\Notifications\AndroidPushNotification  67.35ms DONE
  2025-11-15 19:48:22 App\Jobs\Notifications\AndroidPushNotification  76.21ms DONE
  2025-11-15 19:48:22 App\Jobs\Notifications\AndroidPushNotification . RUNNING
  2025-11-15 19:48:22 App\Jobs\Notifications\AndroidPushNotification . RUNNING
  2025-11-15 19:48:22 App\Jobs\Notifications\AndroidPushNotification  83.27ms DONE
  2025-11-15 19:48:22 App\Jobs\Notifications\AndroidPushNotification . RUNNING
  2025-11-15 19:48:22 App\Jobs\Notifications\AndroidPushNotification  2.37ms DONE
  2025-11-15 19:48:22 App\Jobs\Notifications\AndroidPushNotification . RUNNING
  2025-11-15 19:48:22 App\Jobs\Notifications\AndroidPushNotification  66.08ms DONE
  2025-11-15 19:48:22 App\Jobs\Notifications\AndroidPushNotification  53.02ms DONE
  2025-11-15 19:48:22 App\Jobs\Notifications\AndroidPushNotification  63.78ms DONE
  2025-11-15 19:48:22 App\Jobs\Notifications\AndroidPushNotification  60.73ms DONE
  2025-11-15 19:48:22 App\Jobs\Notifications\AndroidPushNotification . RUNNING
  2025-11-15 19:48:22 App\Jobs\Notifications\AndroidPushNotification  89.02ms DONE
  2025-11-15 19:48:22 App\Jobs\Notifications\AndroidPushNotification . RUNNING
  2025-11-15 19:48:22 App\Jobs\Notifications\AndroidPushNotification . RUNNING
  2025-11-15 19:48:22 App\Jobs\Notifications\AndroidPushNotification . RUNNING
  2025-11-15 19:48:22 App\Jobs\Notifications\AndroidPushNotification . RUNNING
  2025-11-15 19:48:22 App\Jobs\Notifications\AndroidPushNotification  3.47ms DONE
  2025-11-15 19:48:22 App\Jobs\Notifications\AndroidPushNotification . RUNNING
  2025-11-15 19:48:22 App\Jobs\Notifications\AndroidPushNotification  56.59ms DONE
  2025-11-15 19:48:22 App\Jobs\Notifications\AndroidPushNotification  73.13ms DONE
  2025-11-15 19:48:22 App\Jobs\Notifications\AndroidPushNotification . RUNNING
  2025-11-15 19:48:22 App\Jobs\Notifications\AndroidPushNotification . RUNNING
  2025-11-15 19:48:22 App\Jobs\Notifications\AndroidPushNotification  2.88ms DONE
  2025-11-15 19:48:22 App\Jobs\Notifications\AndroidPushNotification . RUNNING
  2025-11-15 19:48:22 App\Jobs\Notifications\AndroidPushNotification  76.84ms DONE
  2025-11-15 19:48:22 App\Jobs\Notifications\AndroidPushNotification  81.42ms DONE
  2025-11-15 19:48:22 App\Jobs\Notifications\AndroidPushNotification  83.24ms DONE
  2025-11-15 19:48:22 App\Jobs\Notifications\AndroidPushNotification  85.38ms DONE
  2025-11-15 19:48:22 App\Jobs\Notifications\AndroidPushNotification  72.06ms DONE
  2025-11-15 19:48:22 App\Jobs\Notifications\AndroidPushNotification . RUNNING
  2025-11-15 19:48:22 App\Jobs\Notifications\AndroidPushNotification . RUNNING
  2025-11-15 19:48:22 App\Jobs\Notifications\AndroidPushNotification . RUNNING
  2025-11-15 19:48:22 App\Jobs\Notifications\AndroidPushNotification . RUNNING
  2025-11-15 19:48:22 App\Jobs\Notifications\AndroidPushNotification . RUNNING
  2025-11-15 19:48:22 App\Jobs\Notifications\AndroidPushNotification  123.56ms DONE
  2025-11-15 19:48:22 App\Jobs\Notifications\AndroidPushNotification . RUNNING
  2025-11-15 19:48:22 App\Jobs\Notifications\AndroidPushNotification  2025-11-15 19:48:22 App\Jobs\Notifications\AndroidPushNotification  10.41ms DONE
  3.30ms DONE
  2025-11-15 19:48:22 App\Jobs\Notifications\AndroidPushNotification . RUNNING
  2025-11-15 19:48:22 App\Jobs\Notifications\AndroidPushNotification . RUNNING
  2025-11-15 19:48:22 App\Jobs\Notifications\AndroidPushNotification  74.55ms DONE
  2025-11-15 19:48:22 App\Jobs\Notifications\AndroidPushNotification  70.03ms DONE
  2025-11-15 19:48:22 App\Jobs\Notifications\AndroidPushNotification . RUNNING
  2025-11-15 19:48:23 App\Jobs\Notifications\AndroidPushNotification . RUNNING
  2025-11-15 19:48:23 App\Jobs\Notifications\AndroidPushNotification  4.77ms DONE
  2025-11-15 19:48:23 App\Jobs\Notifications\AndroidPushNotification . RUNNING
  2025-11-15 19:48:23 App\Jobs\Notifications\AndroidPushNotification  57.63ms DONE
  2025-11-15 19:48:23 App\Jobs\Notifications\AndroidPushNotification . RUNNING
  2025-11-15 19:48:23 App\Jobs\Notifications\AndroidPushNotification  66.09ms DONE
  2025-11-15 19:48:23 App\Jobs\Notifications\AndroidPushNotification  51.72ms DONE
  2025-11-15 19:48:23 App\Jobs\Notifications\AndroidPushNotification . RUNNING
  2025-11-15 19:48:23 App\Jobs\Notifications\AndroidPushNotification . RUNNING
  2025-11-15 19:48:23 App\Jobs\Notifications\AndroidPushNotification  3.60ms DONE
  2025-11-15 19:48:23 App\Jobs\Notifications\AndroidPushNotification . RUNNING
  2025-11-15 19:48:23 App\Jobs\Notifications\AndroidPushNotification  85.99ms DONE
  2025-11-15 19:48:23 App\Jobs\Notifications\AndroidPushNotification  82.14ms DONE
  2025-11-15 19:48:23 App\Jobs\Notifications\AndroidPushNotification . RUNNING
  2025-11-15 19:48:23 App\Jobs\Notifications\AndroidPushNotification . RUNNING
  2025-11-15 19:48:23 App\Jobs\Notifications\AndroidPushNotification  76.87ms DONE
  2025-11-15 19:48:23 App\Jobs\Notifications\AndroidPushNotification . RUNNING
  2025-11-15 19:48:23 App\Jobs\Notifications\AndroidPushNotification  62.78ms DONE
  2025-11-15 19:48:23 App\Jobs\Notifications\AndroidPushNotification  69.80ms DONE
  2025-11-15 19:48:23 App\Jobs\Notifications\AndroidPushNotification . RUNNING
  2025-11-15 19:48:23 App\Jobs\Notifications\AndroidPushNotification . RUNNING
  2025-11-15 19:48:23 App\Jobs\Notifications\AndroidPushNotification  3.67ms DONE
  2025-11-15 19:48:23 App\Jobs\Notifications\AndroidPushNotification . RUNNING
  2025-11-15 19:48:23 App\Jobs\Notifications\AndroidPushNotification  63.64ms DONE
  2025-11-15 19:48:23 App\Jobs\Notifications\AndroidPushNotification  56.95ms DONE
  2025-11-15 19:48:23 App\Jobs\Notifications\AndroidPushNotification  74.43ms DONE
  2025-11-15 19:48:23 App\Jobs\Notifications\AndroidPushNotification . RUNNING
  2025-11-15 19:48:23 App\Jobs\Notifications\AndroidPushNotification . RUNNING
  2025-11-15 19:48:23 App\Jobs\Notifications\AndroidPushNotification . RUNNING
  2025-11-15 19:48:23 App\Jobs\Notifications\AndroidPushNotification  7.68ms DONE
  2025-11-15 19:48:23 App\Jobs\Notifications\AndroidPushNotification . RUNNING
  2025-11-15 19:48:23 App\Jobs\Notifications\AndroidPushNotification  69.27ms DONE
  2025-11-15 19:48:23 App\Jobs\Notifications\AndroidPushNotification  53.75ms DONE
  2025-11-15 19:48:23 App\Jobs\Notifications\AndroidPushNotification  68.24ms DONE
  2025-11-15 19:48:23 App\Jobs\Notifications\AndroidPushNotification . RUNNING
  2025-11-15 19:48:23 App\Jobs\Notifications\AndroidPushNotification  78.24ms DONE
  2025-11-15 19:48:23 App\Jobs\Notifications\AndroidPushNotification . RUNNING
  2025-11-15 19:48:23 App\Jobs\Notifications\AndroidPushNotification . RUNNING
  2025-11-15 19:48:23 App\Jobs\Notifications\AndroidPushNotification . RUNNING
  2025-11-15 19:48:23 App\Jobs\Notifications\AndroidPushNotification  6.60ms DONE
  2025-11-15 19:48:23 App\Jobs\Notifications\AndroidPushNotification . RUNNING
  2025-11-15 19:48:23 App\Jobs\Notifications\AndroidPushNotification  67.08ms DONE
  2025-11-15 19:48:23 App\Jobs\Notifications\AndroidPushNotification  47.52ms DONE
  2025-11-15 19:48:23 App\Jobs\Notifications\AndroidPushNotification . RUNNING
  2025-11-15 19:48:23 App\Jobs\Notifications\AndroidPushNotification . RUNNING
  2025-11-15 19:48:23 App\Jobs\Notifications\AndroidPushNotification  3.79ms DONE
  2025-11-15 19:48:23 App\Jobs\Notifications\AndroidPushNotification . RUNNING
  2025-11-15 19:48:23 App\Jobs\Notifications\AndroidPushNotification  61.31ms DONE
  2025-11-15 19:48:23 App\Jobs\Notifications\AndroidPushNotification  72.33ms DONE
  2025-11-15 19:48:23 App\Jobs\Notifications\AndroidPushNotification . RUNNING
  2025-11-15 19:48:23 App\Jobs\Notifications\AndroidPushNotification . RUNNING
  2025-11-15 19:48:23 App\Jobs\Notifications\AndroidPushNotification  5.18ms DONE
  2025-11-15 19:48:23 App\Jobs\Notifications\AndroidPushNotification . RUNNING
  2025-11-15 19:48:23 App\Jobs\Notifications\AndroidPushNotification  56.64ms DONE
  2025-11-15 19:48:23 App\Jobs\Notifications\AndroidPushNotification  72.63ms DONE
  2025-11-15 19:48:23 App\Jobs\Notifications\AndroidPushNotification  64.27ms DONE
  2025-11-15 19:48:23 App\Jobs\Notifications\AndroidPushNotification . RUNNING
  2025-11-15 19:48:23 App\Jobs\Notifications\AndroidPushNotification . RUNNING
  2025-11-15 19:48:23 App\Jobs\Notifications\AndroidPushNotification . RUNNING
  2025-11-15 19:48:23 App\Jobs\Notifications\AndroidPushNotification  4.10ms DONE
  2025-11-15 19:48:23 App\Jobs\Notifications\AndroidPushNotification . RUNNING
  2025-11-15 19:48:23 App\Jobs\Notifications\AndroidPushNotification  75.06ms DONE
  2025-11-15 19:48:23 App\Jobs\Notifications\AndroidPushNotification  49.27ms DONE
  2025-11-15 19:48:23 App\Jobs\Notifications\AndroidPushNotification  70.76ms  2025-11-15 19:48:23 App\Jobs\Notifications\AndroidPushNotification  92.74ms DONE
 DONE
  2025-11-15 19:48:23 App\Jobs\Notifications\AndroidPushNotification . RUNNING
  2025-11-15 19:48:23 App\Jobs\Notifications\AndroidPushNotification . RUNNING
  2025-11-15 19:48:23 App\Jobs\Notifications\AndroidPushNotification . RUNNING
  2025-11-15 19:48:23 App\Jobs\Notifications\AndroidPushNotification . RUNNING
  2025-11-15 19:48:23 App\Jobs\Notifications\AndroidPushNotification  3.16ms DONE
  2025-11-15 19:48:23 App\Jobs\Notifications\AndroidPushNotification  4.02ms DONE
  2025-11-15 19:48:23 App\Jobs\Notifications\AndroidPushNotification . RUNNING
  2025-11-15 19:48:23 App\Jobs\Notifications\AndroidPushNotification . RUNNING
  2025-11-15 19:48:23 App\Jobs\Notifications\AndroidPushNotification  62.54ms DONE
  2025-11-15 19:48:23 App\Jobs\Notifications\AndroidPushNotification . RUNNING
  2025-11-15 19:48:23 App\Jobs\Notifications\AndroidPushNotification  61.87ms DONE
  2025-11-15 19:48:23 App\Jobs\Notifications\AndroidPushNotification  68.63ms DONE
  2025-11-15 19:48:23 App\Jobs\Notifications\AndroidPushNotification  74.77ms DONE
  2025-11-15 19:48:23 App\Jobs\Notifications\AndroidPushNotification . RUNNING
  2025-11-15 19:48:23 App\Jobs\Notifications\AndroidPushNotification . RUNNING
  2025-11-15 19:48:23 App\Jobs\Notifications\AndroidPushNotification . RUNNING
  2025-11-15 19:48:23 App\Jobs\Notifications\AndroidPushNotification  4.18ms DONE
  2025-11-15 19:48:23 App\Jobs\Notifications\AndroidPushNotification  8.60ms DONE
  2025-11-15 19:48:23 App\Jobs\Notifications\AndroidPushNotification  4.49ms DONE
  2025-11-15 19:48:23 App\Jobs\Notifications\AndroidPushNotification . RUNNING
  2025-11-15 19:48:23 App\Jobs\Notifications\AndroidPushNotification . RUNNING
  2025-11-15 19:48:23 App\Jobs\Notifications\AndroidPushNotification . RUNNING
  2025-11-15 19:48:23 App\Jobs\Notifications\AndroidPushNotification  4.34ms DONE
  2025-11-15 19:48:23 App\Jobs\Notifications\AndroidPushNotification . RUNNING
  2025-11-15 19:48:23 App\Jobs\Notifications\AndroidPushNotification  71.58ms DONE
  2025-11-15 19:48:23 App\Jobs\Notifications\AndroidPushNotification  64.52ms DONE
  2025-11-15 19:48:23 App\Jobs\Notifications\AndroidPushNotification  62.38ms DONE
  2025-11-15 19:48:23 App\Jobs\Notifications\AndroidPushNotification  77.63ms DONE
  2025-11-15 19:48:23 App\Jobs\Notifications\AndroidPushNotification  3.37ms DONE
  2025-11-15 19:48:23 App\Jobs\Notifications\AndroidPushNotification . RUNNING
  2025-11-15 19:48:23 App\Jobs\Notifications\AndroidPushNotification . RUNNING
  2025-11-15 19:48:23 App\Jobs\Notifications\AndroidPushNotification . RUNNING
  2025-11-15 19:48:23 App\Jobs\Notifications\AndroidPushNotification . RUNNING
  2025-11-15 19:48:23 App\Jobs\Notifications\AndroidPushNotification . RUNNING
  2025-11-15 19:48:23 App\Jobs\Notifications\AndroidPushNotification  3.87ms DONE
  2025-11-15 19:48:23 App\Jobs\Notifications\AndroidPushNotification  4.72ms DONE
  2025-11-15 19:48:23 App\Jobs\Notifications\AndroidPushNotification  4.91ms DONE
  2025-11-15 19:48:23 App\Jobs\Notifications\AndroidPushNotification . RUNNING
  2025-11-15 19:48:23 App\Jobs\Notifications\AndroidPushNotification . RUNNING
  2025-11-15 19:48:23 App\Jobs\Notifications\AndroidPushNotification . RUNNING
  2025-11-15 19:48:23 App\Jobs\Notifications\AndroidPushNotification  3.38ms DONE
  2025-11-15 19:48:23 App\Jobs\Notifications\AndroidPushNotification . RUNNING
  2025-11-15 19:48:23 App\Jobs\Notifications\AndroidPushNotification  3.03ms DONE
  2025-11-15 19:48:23 App\Jobs\Notifications\AndroidPushNotification  31.10ms DONE
  2025-11-15 19:48:23 App\Jobs\Notifications\AndroidPushNotification  73.19ms DONE
  2025-11-15 19:48:23 App\Jobs\Notifications\AndroidPushNotification . RUNNING
  2025-11-15 19:48:23 App\Jobs\Notifications\AndroidPushNotification . RUNNING
  2025-11-15 19:48:23 App\Jobs\Notifications\AndroidPushNotification . RUNNING
  2025-11-15 19:48:23 App\Jobs\Notifications\AndroidPushNotification  2.88ms DONE
  2025-11-15 19:48:23 App\Jobs\Notifications\AndroidPushNotification  40.58ms DONE
  2025-11-15 19:48:23 App\Jobs\Notifications\AndroidPushNotification . RUNNING
  2025-11-15 19:48:23 App\Jobs\Notifications\AndroidPushNotification . RUNNING
  2025-11-15 19:48:23 App\Jobs\Notifications\AndroidPushNotification  3.53ms DONE
  2025-11-15 19:48:23 App\Jobs\Notifications\AndroidPushNotification  31.87ms DONE
  2025-11-15 19:48:23 App\Jobs\Notifications\AndroidPushNotification  6.02ms DONE
  2025-11-15 19:48:23 App\Jobs\Notifications\AndroidPushNotification . RUNNING
  2025-11-15 19:48:23 App\Jobs\Notifications\AndroidPushNotification . RUNNING
  2025-11-15 19:48:23 App\Jobs\Notifications\AndroidPushNotification  38.34ms DONE
  2025-11-15 19:48:23 App\Jobs\Notifications\AndroidPushNotification  32.81ms DONE
  2025-11-15 19:48:23 App\Jobs\Notifications\AndroidPushNotification . RUNNING
  2025-11-15 19:48:23 App\Jobs\Notifications\AndroidPushNotification  3.66ms DONE
  2025-11-15 19:48:23 App\Jobs\Notifications\AndroidPushNotification .  2025-11-15 19:48:23 App\Jobs\Notifications\AndroidPushNotification . RUNNING
 RUNNING
  2025-11-15 19:48:23 App\Jobs\Notifications\AndroidPushNotification  6.03ms DONE
  2025-11-15 19:48:23 App\Jobs\Notifications\AndroidPushNotification . RUNNING
  2025-11-15 19:48:23 App\Jobs\Notifications\AndroidPushNotification  2025-11-15 19:48:23 App\Jobs\Notifications\AndroidPushNotification . RUNNING
  7.33ms DONE
  2025-11-15 19:48:23 App\Jobs\Notifications\AndroidPushNotification  7.05ms DONE
  2025-11-15 19:48:23 App\Jobs\Notifications\AndroidPushNotification . RUNNING
  2025-11-15 19:48:23 App\Jobs\Notifications\AndroidPushNotification . RUNNING
  2025-11-15 19:48:23 App\Jobs\Notifications\AndroidPushNotification  3.67ms DONE
  2025-11-15 19:48:23 App\Jobs\Notifications\AndroidPushNotification . RUNNING
  2025-11-15 19:48:23 App\Jobs\Notifications\AndroidPushNotification  2.98ms DONE
  2025-11-15 19:48:23 App\Jobs\Notifications\AndroidPushNotification . RUNNING
  2025-11-15 19:48:23 App\Jobs\Notifications\AndroidPushNotification  51.89ms DONE
  2025-11-15 19:48:23 App\Jobs\Notifications\AndroidPushNotification . RUNNING
  2025-11-15 19:48:23 App\Jobs\Notifications\AndroidPushNotification  66.82ms DONE
  2025-11-15 19:48:23 App\Jobs\Notifications\AndroidPushNotification  3.39ms DONE
  2025-11-15 19:48:23 App\Jobs\Notifications\AndroidPushNotification . RUNNING
  2025-11-15 19:48:23 App\Jobs\Notifications\AndroidPushNotification . RUNNING
  2025-11-15 19:48:23 App\Jobs\Notifications\AndroidPushNotification  3.28ms DONE
  2025-11-15 19:48:23 App\Jobs\Notifications\AndroidPushNotification . RUNNING
  2025-11-15 19:48:23 App\Jobs\Notifications\AndroidPushNotification  2.83ms DONE
  2025-11-15 19:48:23 App\Jobs\Notifications\AndroidPushNotification . RUNNING
  2025-11-15 19:48:23 App\Jobs\Notifications\AndroidPushNotification  74.98ms DONE
  2025-11-15 19:48:23 App\Jobs\Notifications\AndroidPushNotification  55.35ms DONE
  2025-11-15 19:48:23 App\Jobs\Notifications\AndroidPushNotification  3.95ms DONE
  2025-11-15 19:48:23 App\Jobs\Notifications\AndroidPushNotification . RUNNING
  2025-11-15 19:48:23 App\Jobs\Notifications\AndroidPushNotification . RUNNING
  2025-11-15 19:48:23 App\Jobs\Notifications\AndroidPushNotification . RUNNING
  2025-11-15 19:48:23 App\Jobs\Notifications\AndroidPushNotification  4.48ms DONE
  2025-11-15 19:48:23 App\Jobs\Notifications\AndroidPushNotification  4.03ms DONE
  2025-11-15 19:48:23 App\Jobs\Notifications\AndroidPushNotification . RUNNING
  2025-11-15 19:48:23 App\Jobs\Notifications\AndroidPushNotification . RUNNING
  2025-11-15 19:48:23 App\Jobs\Notifications\AndroidPushNotification  3.42ms DONE
  2025-11-15 19:48:23 App\Jobs\Notifications\AndroidPushNotification  3.73ms DONE
  2025-11-15 19:48:23 App\Jobs\Notifications\AndroidPushNotification . RUNNING
  2025-11-15 19:48:23 App\Jobs\Notifications\AndroidPushNotification . RUNNING
  2025-11-15 19:48:23 App\Jobs\Notifications\AndroidPushNotification  75.95ms DONE
  2025-11-15 19:48:23 App\Jobs\Notifications\AndroidPushNotification  57.50ms DONE
  2025-11-15 19:48:23 App\Jobs\Notifications\AndroidPushNotification  72.30ms  2025-11-15 19:48:23 App\Jobs\Notifications\AndroidPushNotification  75.95ms DONE
 DONE
  2025-11-15 19:48:23 App\Jobs\Notifications\AndroidPushNotification . RUNNING
  2025-11-15 19:48:23 App\Jobs\Notifications\AndroidPushNotification . RUNNING
  2025-11-15 19:48:23 App\Jobs\Notifications\AndroidPushNotification . RUNNING
  2025-11-15 19:48:23 App\Jobs\Notifications\AndroidPushNotification . RUNNING
  2025-11-15 19:48:23 App\Jobs\Notifications\AndroidPushNotification  5.52ms DONE
  2025-11-15 19:48:23 App\Jobs\Notifications\AndroidPushNotification  2025-11-15 19:48:23 App\Jobs\Notifications\AndroidPushNotification  4.93ms DONE
  4.32ms DONE
  2025-11-15 19:48:23 App\Jobs\Notifications\AndroidPushNotification  3.93ms DONE
  2025-11-15 19:48:23 App\Jobs\Notifications\AndroidPushNotification . RUNNING
  2025-11-15 19:48:23 App\Jobs\Notifications\AndroidPushNotification . RUNNING
  2025-11-15 19:48:23 App\Jobs\Notifications\AndroidPushNotification . RUNNING
  2025-11-15 19:48:23 App\Jobs\Notifications\AndroidPushNotification . RUNNING
  2025-11-15 19:48:23 App\Jobs\Notifications\AndroidPushNotification  3.95ms DONE
  2025-11-15 19:48:23 App\Jobs\Notifications\AndroidPushNotification  3.75ms DONE
  2025-11-15 19:48:23 App\Jobs\Notifications\AndroidPushNotification  3.47ms DONE
  2025-11-15 19:48:23 App\Jobs\Notifications\AndroidPushNotification . RUNNING
  2025-11-15 19:48:23 App\Jobs\Notifications\AndroidPushNotification . RUNNING
  2025-11-15 19:48:23 App\Jobs\Notifications\AndroidPushNotification . RUNNING
  2025-11-15 19:48:23 App\Jobs\Notifications\AndroidPushNotification  4.35ms DONE
  2025-11-15 19:48:23 App\Jobs\Notifications\AndroidPushNotification  2025-11-15 19:48:23 App\Jobs\Notifications\AndroidPushNotification  45.24ms DONE
  4.59ms DONE
  2025-11-15 19:48:23 App\Jobs\Notifications\AndroidPushNotification  70.11ms DONE
  2025-11-15 19:48:23 App\Jobs\Notifications\AndroidPushNotification . RUNNING
  2025-11-15 19:48:23 App\Jobs\Notifications\AndroidPushNotification . RUNNING
  2025-11-15 19:48:23 App\Jobs\Notifications\AndroidPushNotification . RUNNING
  2025-11-15 19:48:23 App\Jobs\Notifications\AndroidPushNotification . RUNNING
  2025-11-15 19:48:23 App\Jobs\Notifications\AndroidPushNotification  3.60ms DONE
  2025-11-15 19:48:23 App\Jobs\Notifications\AndroidPushNotification  4.01ms DONE
  2025-11-15 19:48:23 App\Jobs\Notifications\AndroidPushNotification  3.85ms DONE
  2025-11-15 19:48:23 App\Jobs\Notifications\AndroidPushNotification  4.18ms DONE
  2025-11-15 19:48:23 App\Jobs\Notifications\AndroidPushNotification . RUNNING
  2025-11-15 19:48:23 App\Jobs\Notifications\AndroidPushNotification  2025-11-15 19:48:23 App\Jobs\Notifications\AndroidPushNotification . RUNNING
 . RUNNING
  2025-11-15 19:48:23 App\Jobs\Notifications\AndroidPushNotification . RUNNING
  2025-11-15 19:48:23 App\Jobs\Notifications\AndroidPushNotification  4.95ms DONE
  2025-11-15 19:48:23 App\Jobs\Notifications\AndroidPushNotification  3.86ms DONE
  2025-11-15 19:48:23 App\Jobs\Notifications\AndroidPushNotification . RUNNING
  2025-11-15 19:48:23 App\Jobs\Notifications\AndroidPushNotification . RUNNING
  2025-11-15 19:48:23 App\Jobs\Notifications\AndroidPushNotification  3.74ms DONE
  2025-11-15 19:48:23 App\Jobs\Notifications\AndroidPushNotification  57.34ms DONE
  2025-11-15 19:48:23 App\Jobs\Notifications\AndroidPushNotification  60.95ms DONE
  2025-11-15 19:48:23 App\Jobs\Notifications\AndroidPushNotification . RUNNING
  2025-11-15 19:48:23 App\Jobs\Notifications\AndroidPushNotification . RUNNING
  2025-11-15 19:48:23 App\Jobs\Notifications\AndroidPushNotification . RUNNING
  2025-11-15 19:48:23 App\Jobs\Notifications\AndroidPushNotification  3.74ms DONE
  2025-11-15 19:48:23 App\Jobs\Notifications\AndroidPushNotification . RUNNING
  2025-11-15 19:48:23 App\Jobs\Notifications\AndroidPushNotification  3.50ms DONE
  2025-11-15 19:48:23 App\Jobs\Notifications\AndroidPushNotification . RUNNING
  2025-11-15 19:48:23 App\Jobs\Notifications\AndroidPushNotification  56.96ms DONE
  2025-11-15 19:48:23 App\Jobs\Notifications\AndroidPushNotification . RUNNING
  2025-11-15 19:48:23 App\Jobs\Notifications\AndroidPushNotification  71.20ms DONE
  2025-11-15 19:48:23 App\Jobs\Notifications\AndroidPushNotification . RUNNING
  2025-11-15 19:48:23 App\Jobs\Notifications\AndroidPushNotification  3.30ms DONE
  2025-11-15 19:48:23 App\Jobs\Notifications\AndroidPushNotification . RUNNING
  2025-11-15 19:48:23 App\Jobs\Notifications\AndroidPushNotification  64.33ms DONE
  2025-11-15 19:48:23 App\Jobs\Notifications\AndroidPushNotification  2025-11-15 19:48:23 App\Jobs\Notifications\AndroidPushNotification  65.87ms DONE
  59.40ms DONE
  2025-11-15 19:48:23 App\Jobs\Notifications\AndroidPushNotification . RUNNING
  2025-11-15 19:48:23 App\Jobs\Notifications\AndroidPushNotification .  2025-11-15 19:48:23 App\Jobs\Notifications\AndroidPushNotification . RUNNING
 RUNNING
  2025-11-15 19:48:23 App\Jobs\Notifications\AndroidPushNotification  3.73ms DONE
  2025-11-15 19:48:23 App\Jobs\Notifications\AndroidPushNotification  3.41ms DONE
  2025-11-15 19:48:23 App\Jobs\Notifications\AndroidPushNotification . RUNNING
  2025-11-15 19:48:23 App\Jobs\Notifications\AndroidPushNotification . RUNNING
  2025-11-15 19:48:23 App\Jobs\Notifications\AndroidPushNotification  5.17ms DONE
  2025-11-15 19:48:23 App\Jobs\Notifications\AndroidPushNotification . RUNNING
  2025-11-15 19:48:23 App\Jobs\Notifications\AndroidPushNotification  4.73ms DONE
  2025-11-15 19:48:23 App\Jobs\Notifications\AndroidPushNotification  47.42ms DONE
  2025-11-15 19:48:23 App\Jobs\Notifications\AndroidPushNotification  70.22ms DONE
  2025-11-15 19:48:23 App\Jobs\Notifications\AndroidPushNotification  57.43ms DONE
  2025-11-15 19:48:23 App\Jobs\Notifications\AndroidPushNotification  71.56ms DONE
  2025-11-15 19:48:23 App\Jobs\Notifications\AndroidPushNotification . RUNNING
  2025-11-15 19:48:23 App\Jobs\Notifications\AndroidPushNotification . RUNNING
  2025-11-15 19:48:23 App\Jobs\Notifications\AndroidPushNotification . RUNNING
  2025-11-15 19:48:23 App\Jobs\Notifications\AndroidPushNotification . RUNNING
  2025-11-15 19:48:23 App\Jobs\Notifications\AndroidPushNotification . RUNNING
  2025-11-15 19:48:23 App\Jobs\Notifications\AndroidPushNotification  5.40ms DONE
  2025-11-15 19:48:23 App\Jobs\Notifications\AndroidPushNotification  3.76ms DONE
  2025-11-15 19:48:23 App\Jobs\Notifications\AndroidPushNotification . RUNNING
  2025-11-15 19:48:23 App\Jobs\Notifications\AndroidPushNotification . RUNNING
  2025-11-15 19:48:23 App\Jobs\Notifications\AndroidPushNotification  60.33ms DONE
  2025-11-15 19:48:23 App\Jobs\Notifications\AndroidPushNotification . RUNNING
  2025-11-15 19:48:23 App\Jobs\Notifications\AndroidPushNotification  3.98ms DONE
  2025-11-15 19:48:23 App\Jobs\Notifications\AndroidPushNotification . RUNNING
  2025-11-15 19:48:23 App\Jobs\Notifications\AndroidPushNotification  3.85ms DONE
  2025-11-15 19:48:23 App\Jobs\Notifications\AndroidPushNotification . RUNNING
  2025-11-15 19:48:23 App\Jobs\Notifications\AndroidPushNotification  71.01ms DONE
  2025-11-15 19:48:23 App\Jobs\Notifications\AndroidPushNotification  66.34ms DONE
  2025-11-15 19:48:23 App\Jobs\Notifications\AndroidPushNotification  51.51ms DONE
  2025-11-15 19:48:23 App\Jobs\Notifications\AndroidPushNotification . RUNNING
  2025-11-15 19:48:23 App\Jobs\Notifications\AndroidPushNotification . RUNNING
  2025-11-15 19:48:23 App\Jobs\Notifications\AndroidPushNotification . RUNNING
  2025-11-15 19:48:23 App\Jobs\Notifications\AndroidPushNotification  5.30ms DONE
  2025-11-15 19:48:23 App\Jobs\Notifications\AndroidPushNotification  6.48ms DONE
  2025-11-15 19:48:23 App\Jobs\Notifications\AndroidPushNotification . RUNNING
  2025-11-15 19:48:23 App\Jobs\Notifications\AndroidPushNotification . RUNNING
  2025-11-15 19:48:23 App\Jobs\Notifications\AndroidPushNotification  3.82ms DONE
  2025-11-15 19:48:23 App\Jobs\Notifications\AndroidPushNotification . RUNNING
  2025-11-15 19:48:23 App\Jobs\Notifications\AndroidPushNotification  72.53ms DONE
  2025-11-15 19:48:23 App\Jobs\Notifications\AndroidPushNotification  68.27ms DONE
  2025-11-15 19:48:23 App\Jobs\Notifications\AndroidPushNotification  9.25ms DONE
  2025-11-15 19:48:23 App\Jobs\Notifications\AndroidPushNotification  63.10ms DONE
  2025-11-15 19:48:23 App\Jobs\Notifications\AndroidPushNotification  74.25ms DONE
  2025-11-15 19:48:23 App\Jobs\Notifications\AndroidPushNotification . RUNNING
  2025-11-15 19:48:23 App\Jobs\Notifications\AndroidPushNotification . RUNNING
  2025-11-15 19:48:23 App\Jobs\Notifications\AndroidPushNotification . RUNNING
  2025-11-15 19:48:23 App\Jobs\Notifications\AndroidPushNotification . RUNNING
  2025-11-15 19:48:23 App\Jobs\Notifications\AndroidPushNotification . RUNNING
  2025-11-15 19:48:23 App\Jobs\Notifications\AndroidPushNotification  4.06ms DONE
  2025-11-15 19:48:23 App\Jobs\Notifications\AndroidPushNotification . RUNNING
  2025-11-15 19:48:23 App\Jobs\Notifications\AndroidPushNotification  56.49ms DONE
  2025-11-15 19:48:23 App\Jobs\Notifications\AndroidPushNotification . RUNNING
  2025-11-15 19:48:23 App\Jobs\Notifications\AndroidPushNotification  72.35ms DONE
  2025-11-15 19:48:23 App\Jobs\Notifications\AndroidPushNotification . RUNNING
  2025-11-15 19:48:23 App\Jobs\Notifications\AndroidPushNotification  3.78ms DONE
  2025-11-15 19:48:23 App\Jobs\Notifications\AndroidPushNotification . RUNNING
  2025-11-15 19:48:23 App\Jobs\Notifications\AndroidPushNotification  3.07ms DONE
  2025-11-15 19:48:23 App\Jobs\Notifications\AndroidPushNotification . RUNNING
  2025-11-15 19:48:23 App\Jobs\Notifications\AndroidPushNotification  76.85ms DONE
  2025-11-15 19:48:23 App\Jobs\Notifications\AndroidPushNotification  68.08ms DONE
  2025-11-15 19:48:23 App\Jobs\Notifications\AndroidPushNotification   2025-11-15 19:48:23 App\Jobs\Notifications\AndroidPushNotification  71.37ms DONE
 68.10ms DONE
  2025-11-15 19:48:23 App\Jobs\Notifications\AndroidPushNotification  67.15ms DONE
  2025-11-15 19:48:23 App\Jobs\Notifications\AndroidPushNotification  2025-11-15 19:48:23 App\Jobs\Notifications\AndroidPushNotification . RUNNING
 . RUNNING
  2025-11-15 19:48:23 App\Jobs\Notifications\AndroidPushNotification  2025-11-15 19:48:23 App\Jobs\Notifications\AndroidPushNotification . RUNNING
  2025-11-15 19:48:23 App\Jobs\Notifications\AndroidPushNotification . RUNNING
 . RUNNING
  2025-11-15 19:48:23 App\Jobs\Notifications\AndroidPushNotification  67.40ms DONE
  2025-11-15 19:48:23 App\Jobs\Notifications\AndroidPushNotification  5.89ms DONE
  2025-11-15 19:48:23 App\Jobs\Notifications\AndroidPushNotification . RUNNING
  2025-11-15 19:48:23 App\Jobs\Notifications\AndroidPushNotification . RUNNING
  2025-11-15 19:48:23 App\Jobs\Notifications\AndroidPushNotification  7.60ms DONE
  2025-11-15 19:48:23 App\Jobs\Notifications\AndroidPushNotification . RUNNING
  2025-11-15 19:48:23 App\Jobs\Notifications\AndroidPushNotification  4.86ms DONE
  2025-11-15 19:48:23 App\Jobs\Notifications\AndroidPushNotification . RUNNING
  2025-11-15 19:48:23 App\Jobs\Notifications\AndroidPushNotification  84.33ms DONE
  2025-11-15 19:48:23 App\Jobs\Notifications\AndroidPushNotification . RUNNING
  2025-11-15 19:48:23 App\Jobs\Notifications\AndroidPushNotification  48.08ms DONE
  2025-11-15 19:48:23 App\Jobs\Notifications\AndroidPushNotification . RUNNING
  2025-11-15 19:48:23 App\Jobs\Notifications\AndroidPushNotification  65.60ms DONE
  2025-11-15 19:48:23 App\Jobs\Notifications\AndroidPushNotification . RUNNING
  2025-11-15 19:48:23 App\Jobs\Notifications\AndroidPushNotification  67.46ms DONE
  2025-11-15 19:48:23 App\Jobs\Notifications\AndroidPushNotification  72.43ms DONE
  2025-11-15 19:48:23 App\Jobs\Notifications\AndroidPushNotification  72.53ms DONE
  2025-11-15 19:48:23 App\Jobs\Notifications\AndroidPushNotification  54.32ms DONE
  2025-11-15 19:48:23 App\Jobs\Notifications\AndroidPushNotification . RUNNING
  2025-11-15 19:48:23 App\Jobs\Notifications\AndroidPushNotification . RUNNING
  2025-11-15 19:48:23 App\Jobs\Notifications\AndroidPushNotification . RUNNING
  2025-11-15 19:48:23 App\Jobs\Notifications\AndroidPushNotification . RUNNING
  2025-11-15 19:48:23 App\Jobs\Notifications\AndroidPushNotification  76.35ms DONE
  2025-11-15 19:48:23 App\Jobs\Notifications\AndroidPushNotification  6.46ms DONE
  2025-11-15 19:48:23 App\Jobs\Notifications\AndroidPushNotification . RUNNING
  2025-11-15 19:48:23 App\Jobs\Notifications\AndroidPushNotification . RUNNING
  2025-11-15 19:48:23 App\Jobs\Notifications\AndroidPushNotification  3.26ms DONE
  2025-11-15 19:48:23 App\Jobs\Notifications\AndroidPushNotification  62.10ms DONE
  2025-11-15 19:48:23 App\Jobs\Notifications\AndroidPushNotification . RUNNING
  2025-11-15 19:48:23 App\Jobs\Notifications\AndroidPushNotification . RUNNING
  2025-11-15 19:48:23 App\Jobs\Notifications\AndroidPushNotification  4.12ms DONE
  2025-11-15 19:48:23 App\Jobs\Notifications\AndroidPushNotification  3.33ms DONE
  2025-11-15 19:48:23 App\Jobs\Notifications\AndroidPushNotification . RUNNING
  2025-11-15 19:48:23 App\Jobs\Notifications\AndroidPushNotification . RUNNING
  2025-11-15 19:48:23 App\Jobs\Notifications\AndroidPushNotification  3.06ms DONE
  2025-11-15 19:48:23 App\Jobs\Notifications\AndroidPushNotification . RUNNING
  2025-11-15 19:48:23 App\Jobs\Notifications\AndroidPushNotification  3.16ms DONE
  2025-11-15 19:48:23 App\Jobs\Notifications\AndroidPushNotification . RUNNING
  2025-11-15 19:48:23 App\Jobs\Notifications\AndroidPushNotification  77.14ms DONE
  2025-11-15 19:48:23 App\Jobs\Notifications\AndroidPushNotification . RUNNING
  2025-11-15 19:48:23 App\Jobs\Notifications\AndroidPushNotification  2.87ms DONE
  2025-11-15 19:48:23 App\Jobs\Notifications\AndroidPushNotification . RUNNING
  2025-11-15 19:48:23 App\Jobs\Notifications\AndroidPushNotification  66.74ms DONE
  2025-11-15 19:48:23 App\Jobs\Notifications\AndroidPushNotification  82.24ms DONE
  2025-11-15 19:48:23 App\Jobs\Notifications\AndroidPushNotification  81.88ms DONE
  2025-11-15 19:48:23 App\Jobs\Notifications\AndroidPushNotification . RUNNING
  2025-11-15 19:48:23 App\Jobs\Notifications\AndroidPushNotification . RUNNING
  2025-11-15 19:48:23 App\Jobs\Notifications\AndroidPushNotification . RUNNING
  2025-11-15 19:48:23 App\Jobs\Notifications\AndroidPushNotification  3.54ms DONE
  2025-11-15 19:48:23 App\Jobs\Notifications\AndroidPushNotification  3.56ms DONE
  2025-11-15 19:48:23 App\Jobs\Notifications\AndroidPushNotification . RUNNING
  2025-11-15 19:48:23 App\Jobs\Notifications\AndroidPushNotification . RUNNING
  2025-11-15 19:48:23 App\Jobs\Notifications\AndroidPushNotification  5.48ms DONE
  2025-11-15 19:48:23 App\Jobs\Notifications\AndroidPushNotification . RUNNING
  2025-11-15 19:48:23 App\Jobs\Notifications\AndroidPushNotification  3.88ms DONE
  2025-11-15 19:48:23 App\Jobs\Notifications\AndroidPushNotification . RUNNING
  2025-11-15 19:48:23 App\Jobs\Notifications\AndroidPushNotification  83.01ms DONE
  2025-11-15 19:48:23 App\Jobs\Notifications\AndroidPushNotification  74.33ms DONE
  2025-11-15 19:48:23 App\Jobs\Notifications\AndroidPushNotification . RUNNING
  2025-11-15 19:48:23 App\Jobs\Notifications\AndroidPushNotification . RUNNING
  2025-11-15 19:48:23 App\Jobs\Notifications\AndroidPushNotification  87.43ms DONE
  2025-11-15 19:48:23 App\Jobs\Notifications\AndroidPushNotification . RUNNING
  2025-11-15 19:48:23 App\Jobs\Notifications\AndroidPushNotification  57.36ms DONE
  2025-11-15 19:48:23 App\Jobs\Notifications\AndroidPushNotification  68.51ms DONE
  2025-11-15 19:48:23 App\Jobs\Notifications\AndroidPushNotification . RUNNING
  2025-11-15 19:48:23 App\Jobs\Notifications\AndroidPushNotification . RUNNING
  2025-11-15 19:48:23 App\Jobs\Notifications\AndroidPushNotification  5.89ms DONE
  2025-11-15 19:48:23 App\Jobs\Notifications\AndroidPushNotification . RUNNING
  2025-11-15 19:48:23 App\Jobs\Notifications\AndroidPushNotification  3.67ms DONE
  2025-11-15 19:48:23 App\Jobs\Notifications\AndroidPushNotification . RUNNING
  2025-11-15 19:48:23 App\Jobs\Notifications\AndroidPushNotification  3.98ms DONE
  2025-11-15 19:48:23 App\Jobs\Notifications\AndroidPushNotification  61.52ms DONE
  2025-11-15 19:48:23 App\Jobs\Notifications\AndroidPushNotification  63.81ms DONE
  2025-11-15 19:48:23 App\Jobs\Notifications\AndroidPushNotification  69.27ms DONE
  2025-11-15 19:48:23 App\Jobs\Notifications\AndroidPushNotification . RUNNING
  2025-11-15 19:48:23 App\Jobs\Notifications\AndroidPushNotification . RUNNING
  2025-11-15 19:48:23 App\Jobs\Notifications\AndroidPushNotification . RUNNING
  2025-11-15 19:48:23 App\Jobs\Notifications\AndroidPushNotification . RUNNING
  2025-11-15 19:48:24 App\Jobs\Notifications\AndroidPushNotification  55.80ms DONE
  2025-11-15 19:48:24 App\Jobs\Notifications\AndroidPushNotification . RUNNING
  2025-11-15 19:48:24 App\Jobs\Notifications\AndroidPushNotification  33.48ms DONE
  2025-11-15 19:48:24 App\Jobs\Notifications\AndroidPushNotification . RUNNING
  2025-11-15 19:48:24 App\Jobs\Notifications\AndroidPushNotification  47.39ms DONE
  2025-11-15 19:48:24 App\Jobs\Notifications\AndroidPushNotification . RUNNING
  2025-11-15 19:48:24 App\Jobs\Notifications\AndroidPushNotification  47.86ms DONE
  2025-11-15 19:48:24 App\Jobs\Notifications\AndroidPushNotification  70.34ms DONE
  2025-11-15 19:48:24 App\Jobs\Notifications\AndroidPushNotification . RUNNING
  2025-11-15 19:48:24 App\Jobs\Notifications\AndroidPushNotification . RUNNING
  2025-11-15 19:48:24 App\Jobs\Notifications\AndroidPushNotification  82.49ms DONE
  2025-11-15 19:48:24 App\Jobs\Notifications\AndroidPushNotification . RUNNING
  2025-11-15 19:48:24 App\Jobs\Notifications\AndroidPushNotification  62.90ms DONE
  2025-11-15 19:48:24 App\Jobs\Notifications\AndroidPushNotification . RUNNING
  2025-11-15 19:48:24 App\Jobs\Notifications\AndroidPushNotification  77.42ms DONE
  2025-11-15 19:48:24 App\Jobs\Notifications\AndroidPushNotification . RUNNING
  2025-11-15 19:48:24 App\Jobs\Notifications\AndroidPushNotification  62.58ms DONE
  2025-11-15 19:48:24 App\Jobs\Notifications\AndroidPushNotification  72.69ms DONE
  2025-11-15 19:48:24 App\Jobs\Notifications\AndroidPushNotification  78.37ms DONE
  2025-11-15 19:48:24 App\Jobs\Notifications\AndroidPushNotification  2025-11-15 19:48:24 App\Jobs\Notifications\AndroidPushNotification . . RUNNING
 RUNNING
  2025-11-15 19:48:24 App\Jobs\Notifications\AndroidPushNotification . RUNNING
  2025-11-15 19:48:24 App\Jobs\Notifications\AndroidPushNotification  59.55ms DONE
  2025-11-15 19:48:24 App\Jobs\Notifications\AndroidPushNotification . RUNNING
  2025-11-15 19:48:24 App\Jobs\Notifications\AndroidPushNotification  55.04ms DONE
  2025-11-15 19:48:24 App\Jobs\Notifications\AndroidPushNotification  30.80ms DONE
  2025-11-15 19:48:24 App\Jobs\Notifications\AndroidPushNotification . RUNNING
  2025-11-15 19:48:24 App\Jobs\Notifications\AndroidPushNotification . RUNNING
  2025-11-15 19:48:24 App\Jobs\Notifications\AndroidPushNotification  52.07ms DONE
  2025-11-15 19:48:24 App\Jobs\Notifications\AndroidPushNotification . RUNNING
  2025-11-15 19:48:24 App\Jobs\Notifications\AndroidPushNotification  30.15ms DONE
  2025-11-15 19:48:24 App\Jobs\Notifications\AndroidPushNotification  72.61ms DONE
  2025-11-15 19:48:24 App\Jobs\Notifications\AndroidPushNotification  70.67ms DONE
  2025-11-15 19:48:24 App\Jobs\Notifications\AndroidPushNotification  70.92ms DONE
  2025-11-15 19:48:24 App\Jobs\Notifications\AndroidPushNotification  95.90ms DONE
  2025-11-15 19:48:24 App\Jobs\Notifications\AndroidPushNotification  660.67ms DONE
  2025-11-15 19:48:24 App\Jobs\Notifications\AndroidPushNotification  733.52ms DONE
  2025-11-15 19:48:24 App\Jobs\Notifications\AndroidPushNotification  687.02ms DONE
  2025-11-17 09:49:57 App\Jobs\Notifications\SendPushNotification .... RUNNING
  2025-11-17 09:49:57 App\Jobs\Notifications\SendPushNotification  85.51ms DONE
  2025-11-17 09:49:57 App\Jobs\Notifications\AndroidPushNotification . RUNNING
  2025-11-17 09:49:57 App\Jobs\Notifications\AndroidPushNotification  186.83ms DONE
  2025-11-17 09:50:12 App\Jobs\Notifications\SendPushNotification .... RUNNING
  2025-11-17 09:50:12 App\Jobs\Notifications\SendPushNotification  7.52ms DONE
  2025-11-17 09:50:12 App\Jobs\Notifications\AndroidPushNotification . RUNNING
  2025-11-17 09:50:12 App\Jobs\Notifications\AndroidPushNotification  82.37ms DONE
  2025-11-17 15:27:55 App\Jobs\Mails\SendUserRegistationMailNotification  RUNNING
  2025-11-17 15:27:56 App\Jobs\Mails\SendUserRegistationMailNotification  699.16ms DONE
  2025-11-18 15:12:22 App\Jobs\ValidateAndGeneratePeakZone ........... RUNNING
  2025-11-18 15:12:22 App\Jobs\ValidateAndGeneratePeakZone ...... 95.30ms DONE
  2025-11-18 15:12:56 App\Jobs\Notifications\SendPushNotification .... RUNNING
  2025-11-18 15:12:56 App\Jobs\Notifications\SendPushNotification  115.30ms DONE
  2025-11-18 15:12:56 App\Jobs\Notifications\AndroidPushNotification . RUNNING
  2025-11-18 15:12:56 App\Jobs\Notifications\AndroidPushNotification  286.92ms DONE
  2025-11-18 15:14:17 App\Jobs\Notifications\SendPushNotification .... RUNNING
  2025-11-18 15:14:17 App\Jobs\Notifications\SendPushNotification  103.48ms DONE
  2025-11-18 15:14:17 App\Jobs\ValidateAndGeneratePeakZone ........... RUNNING
  2025-11-18 15:14:17 App\Jobs\ValidateAndGeneratePeakZone ...... 47.32ms DONE
  2025-11-18 15:14:17 App\Jobs\Notifications\AndroidPushNotification . RUNNING
  2025-11-18 15:14:17 App\Jobs\Notifications\AndroidPushNotification  221.50ms DONE
  2025-11-18 15:14:23 App\Jobs\Notifications\SendPushNotification .... RUNNING
  2025-11-18 15:14:23 App\Jobs\Notifications\SendPushNotification  86.85ms DONE
  2025-11-18 15:14:23 App\Jobs\Notifications\AndroidPushNotification . RUNNING
  2025-11-18 15:14:23 App\Jobs\Notifications\AndroidPushNotification  219.82ms DONE
  2025-11-18 15:14:32 App\Jobs\Notifications\SendPushNotification .... RUNNING
  2025-11-18 15:14:32 App\Jobs\Notifications\SendPushNotification  13.31ms DONE
  2025-11-18 15:14:32 App\Jobs\Notifications\AndroidPushNotification . RUNNING
  2025-11-18 15:14:32 App\Jobs\Notifications\AndroidPushNotification  66.47ms DONE
  2025-11-18 22:08:01 App\Jobs\Mails\SendUserRegistationMailNotification  RUNNING
  2025-11-18 22:08:02 App\Jobs\Mails\SendUserRegistationMailNotification  767.71ms DONE
  2025-11-19 09:52:17 App\Jobs\Notifications\SendPushNotification .... RUNNING
  2025-11-19 09:52:18 App\Jobs\Notifications\SendPushNotification  102.31ms DONE
  2025-11-19 09:52:18 App\Jobs\Notifications\AndroidPushNotification . RUNNING
  2025-11-19 09:52:18 App\Jobs\Notifications\AndroidPushNotification  236.45ms DONE
  2025-11-19 10:48:19 App\Jobs\ValidateAndGeneratePeakZone  2025-11-19 10:48:19 App\Jobs\Notifications\SendPushNotification ........... RUNNING
 .... RUNNING
  2025-11-19 10:48:19 App\Jobs\Notifications\SendPushNotification  92.19ms DONE
  2025-11-19 10:48:19 App\Jobs\Notifications\AndroidPushNotification . RUNNING
  2025-11-19 10:48:19 App\Jobs\ValidateAndGeneratePeakZone ..... 103.96ms DONE
  2025-11-19 10:48:19 App\Jobs\Notifications\AndroidPushNotification  220.73ms DONE
  2025-11-19 10:48:28 App\Jobs\Notifications\SendPushNotification .... RUNNING
  2025-11-19 10:48:28 App\Jobs\Notifications\SendPushNotification  53.55ms DONE
  2025-11-19 10:48:28 App\Jobs\Notifications\AndroidPushNotification . RUNNING
  2025-11-19 10:48:28 App\Jobs\Notifications\AndroidPushNotification  242.48ms DONE
  2025-11-19 10:48:43 App\Jobs\Notifications\SendPushNotification .... RUNNING
  2025-11-19 10:48:43 App\Jobs\Notifications\SendPushNotification  11.80ms DONE
  2025-11-19 10:48:43 App\Jobs\Notifications\AndroidPushNotification . RUNNING
  2025-11-19 10:48:43 App\Jobs\Notifications\AndroidPushNotification  62.21ms DONE
  2025-11-19 10:51:24 App\Jobs\Notifications\SendPushNotification .... RUNNING
  2025-11-19 10:51:24 App\Jobs\Notifications\SendPushNotification  97.22ms DONE
  2025-11-19 10:51:24 App\Jobs\Notifications\AndroidPushNotification . RUNNING
  2025-11-19 10:51:24 App\Jobs\Notifications\AndroidPushNotification  235.78ms DONE
  2025-11-19 10:51:42 App\Jobs\ValidateAndUpdateIncentivesJob ........ RUNNING
  2025-11-19 10:51:42 App\Jobs\ValidateAndUpdateIncentivesJob ... 98.43ms DONE
  2025-11-19 10:51:42 App\Jobs\ValidateAndUpdateDriverLoyaltyJob ..... RUNNING
  2025-11-19 10:51:42 App\Jobs\ValidateAndUpdateDriverLoyaltyJob  50.51ms DONE
  2025-11-19 10:51:42 App\Jobs\Mails\SendUserInvoiceMailNotification . RUNNING
  2025-11-19 10:51:43 App\Jobs\Mails\SendUserInvoiceMailNotification  650.18ms DONE
  2025-11-19 10:51:43 App\Jobs\Notifications\SendPushNotification .... RUNNING
  2025-11-19 10:51:43 App\Jobs\Notifications\SendPushNotification  13.48ms DONE
  2025-11-19 10:51:43 App\Jobs\Mails\SendDriverInvoiceMailNotification  RUNNING
  2025-11-19 10:51:43 App\Jobs\Mails\SendDriverInvoiceMailNotification  199.28ms DONE
  2025-11-19 10:51:43 App\Jobs\Notifications\AndroidPushNotification . RUNNING
  2025-11-19 10:51:43 App\Jobs\Notifications\AndroidPushNotification  65.78ms DONE
  2025-11-19 11:14:58 App\Jobs\Notifications\SendPushNotification .... RUNNING
  2025-11-19 11:14:58 App\Jobs\Notifications\SendPushNotification  86.48ms DONE
  2025-11-19 11:14:58 App\Jobs\Notifications\AndroidPushNotification . RUNNING
  2025-11-19 11:14:58 App\Jobs\ValidateAndGeneratePeakZone ........... RUNNING
  2025-11-19 11:14:58 App\Jobs\ValidateAndGeneratePeakZone ..... 107.41ms DONE
  2025-11-19 11:14:58 App\Jobs\Notifications\AndroidPushNotification  256.99ms DONE
  2025-11-19 11:15:59 App\Jobs\Notifications\SendPushNotification .... RUNNING
  2025-11-19 11:15:59 App\Jobs\Notifications\SendPushNotification  12.59ms DONE
  2025-11-19 11:15:59 App\Jobs\ValidateAndGeneratePeakZone ........... RUNNING
  2025-11-19 11:15:59 App\Jobs\ValidateAndGeneratePeakZone ...... 13.41ms DONE
  2025-11-19 11:15:59 App\Jobs\Notifications\AndroidPushNotification . RUNNING
  2025-11-19 11:16:00 App\Jobs\Notifications\AndroidPushNotification  86.54ms DONE
  2025-11-19 11:16:08 App\Jobs\Notifications\SendPushNotification .... RUNNING
  2025-11-19 11:16:08 App\Jobs\Notifications\SendPushNotification  10.28ms DONE
  2025-11-19 11:16:08 App\Jobs\Notifications\AndroidPushNotification . RUNNING
  2025-11-19 11:16:09 App\Jobs\Notifications\AndroidPushNotification  103.29ms DONE
  2025-11-19 11:16:13 App\Jobs\Notifications\SendPushNotification .... RUNNING
  2025-11-19 11:16:13 App\Jobs\Notifications\SendPushNotification  9.29ms DONE
  2025-11-19 11:16:13 App\Jobs\Notifications\AndroidPushNotification . RUNNING
  2025-11-19 11:16:13 App\Jobs\Notifications\AndroidPushNotification  85.81ms DONE
  2025-11-19 11:37:48 App\Jobs\Notifications\SendPushNotification .... RUNNING
  2025-11-19 11:37:48 App\Jobs\Notifications\SendPushNotification  9.40ms DONE
  2025-11-19 11:37:48 App\Jobs\Notifications\AndroidPushNotification . RUNNING
  2025-11-19 11:37:49 App\Jobs\Notifications\AndroidPushNotification  101.71ms DONE
  2025-11-19 11:37:49 App\Jobs\ValidateAndGeneratePeakZone ........... RUNNING
  2025-11-19 11:37:50 App\Jobs\ValidateAndGeneratePeakZone ...... 88.55ms DONE
  2025-11-19 11:37:56 App\Jobs\Notifications\SendPushNotification .... RUNNING
  2025-11-19 11:37:56 App\Jobs\Notifications\SendPushNotification  54.59ms DONE
  2025-11-19 11:37:56 App\Jobs\Notifications\AndroidPushNotification . RUNNING
  2025-11-19 11:37:56 App\Jobs\Notifications\AndroidPushNotification  241.91ms DONE
  2025-11-19 11:39:26 App\Jobs\ValidateAndGeneratePeakZone ........... RUNNING
  2025-11-19 11:39:26 App\Jobs\ValidateAndGeneratePeakZone ....... 9.42ms DONE
  2025-11-19 11:39:41 App\Jobs\Notifications\SendPushNotification .... RUNNING
  2025-11-19 11:39:41 App\Jobs\Notifications\SendPushNotification  9.89ms DONE
  2025-11-19 11:39:41 App\Jobs\Notifications\AndroidPushNotification . RUNNING
  2025-11-19 11:39:41 App\Jobs\Notifications\AndroidPushNotification  105.49ms DONE
  2025-11-19 11:39:53 App\Jobs\Notifications\SendPushNotification .... RUNNING
  2025-11-19 11:39:53 App\Jobs\Notifications\SendPushNotification  42.95ms DONE
  2025-11-19 11:39:53 App\Jobs\Notifications\AndroidPushNotification . RUNNING
  2025-11-19 11:39:53 App\Jobs\Notifications\AndroidPushNotification  232.50ms DONE
  2025-11-19 12:00:24 App\Jobs\Notifications\SendPushNotification .... RUNNING
  2025-11-19 12:00:24 App\Jobs\Notifications\SendPushNotification  11.17ms DONE
  2025-11-19 12:00:24 App\Jobs\Notifications\AndroidPushNotification . RUNNING
  2025-11-19 12:00:24 App\Jobs\Notifications\AndroidPushNotification  152.94ms DONE
  2025-11-19 12:01:36 App\Jobs\Notifications\SendPushNotification .... RUNNING
  2025-11-19 12:01:36 App\Jobs\Notifications\SendPushNotification  9.33ms DONE
  2025-11-19 12:01:36 App\Jobs\ValidateAndGeneratePeakZone ........... RUNNING
  2025-11-19 12:01:36 App\Jobs\ValidateAndGeneratePeakZone ....... 8.16ms DONE
  2025-11-19 12:01:36 App\Jobs\Notifications\AndroidPushNotification . RUNNING
  2025-11-19 12:01:36 App\Jobs\Notifications\AndroidPushNotification  107.65ms DONE
  2025-11-19 12:01:42 App\Jobs\Notifications\SendPushNotification .... RUNNING
  2025-11-19 12:01:42 App\Jobs\Notifications\SendPushNotification  15.70ms DONE
  2025-11-19 12:01:42 App\Jobs\Notifications\AndroidPushNotification . RUNNING
  2025-11-19 12:01:42 App\Jobs\Notifications\AndroidPushNotification  74.30ms DONE
  2025-11-19 12:01:45 App\Jobs\Notifications\SendPushNotification .... RUNNING
  2025-11-19 12:01:45 App\Jobs\Notifications\SendPushNotification  8.73ms DONE
  2025-11-19 12:01:45 App\Jobs\Notifications\AndroidPushNotification . RUNNING
  2025-11-19 12:01:45 App\Jobs\Notifications\AndroidPushNotification  60.76ms DONE
  2025-11-19 12:51:36 App\Jobs\Notifications\SendPushNotification .... RUNNING
  2025-11-19 12:51:36 App\Jobs\Notifications\SendPushNotification  19.00ms DONE
  2025-11-19 12:51:36 App\Jobs\Notifications\AndroidPushNotification . RUNNING
  2025-11-19 12:51:36 App\Jobs\Notifications\AndroidPushNotification  110.84ms DONE
  2025-11-19 13:09:54 App\Jobs\Notifications\SendPushNotification  2025-11-19 13:09:54 App\Jobs\ValidateAndGeneratePeakZone ........... RUNNING
 .... RUNNING
  2025-11-19 13:09:54 App\Jobs\ValidateAndGeneratePeakZone ....... 9.58ms DONE
  2025-11-19 13:09:54 App\Jobs\Notifications\SendPushNotification  87.99ms DONE
  2025-11-19 13:09:54 App\Jobs\Notifications\AndroidPushNotification . RUNNING
  2025-11-19 13:09:55 App\Jobs\Notifications\AndroidPushNotification  233.70ms DONE
  2025-11-19 13:10:03 App\Jobs\Notifications\SendPushNotification .... RUNNING
  2025-11-19 13:10:03 App\Jobs\Notifications\SendPushNotification  41.64ms DONE
  2025-11-19 13:10:03 App\Jobs\Notifications\AndroidPushNotification . RUNNING
  2025-11-19 13:10:04 App\Jobs\Notifications\AndroidPushNotification  133.48ms DONE
  2025-11-19 13:10:22 App\Jobs\Notifications\SendPushNotification .... RUNNING
  2025-11-19 13:10:22 App\Jobs\Notifications\SendPushNotification  9.23ms DONE
  2025-11-19 13:10:22 App\Jobs\Notifications\AndroidPushNotification . RUNNING
  2025-11-19 13:10:22 App\Jobs\Notifications\AndroidPushNotification  56.87ms DONE
  2025-11-19 13:11:34 App\Jobs\Notifications\SendPushNotification .... RUNNING
  2025-11-19 13:11:34 App\Jobs\Notifications\SendPushNotification  11.72ms DONE
  2025-11-19 13:11:34 App\Jobs\Notifications\AndroidPushNotification . RUNNING
  2025-11-19 13:11:34 App\Jobs\Notifications\AndroidPushNotification  77.29ms DONE
  2025-11-19 13:11:41 App\Jobs\Notifications\SendPushNotification .... RUNNING
  2025-11-19 13:11:41 App\Jobs\Notifications\SendPushNotification  8.75ms DONE
  2025-11-19 13:11:41 App\Jobs\Notifications\AndroidPushNotification . RUNNING
  2025-11-19 13:11:41 App\Jobs\Notifications\AndroidPushNotification  76.12ms DONE
  2025-11-19 13:11:43 App\Jobs\ValidateAndGeneratePeakZone ........... RUNNING
  2025-11-19 13:11:43 App\Jobs\ValidateAndGeneratePeakZone ...... 39.04ms DONE
  2025-11-19 13:11:49 App\Jobs\Notifications\SendPushNotification .... RUNNING
  2025-11-19 13:11:49 App\Jobs\Notifications\SendPushNotification  9.81ms DONE
  2025-11-19 13:11:49 App\Jobs\Notifications\AndroidPushNotification . RUNNING
  2025-11-19 13:11:49 App\Jobs\Notifications\AndroidPushNotification  98.33ms DONE
  2025-11-19 13:11:58 App\Jobs\Notifications\SendPushNotification .... RUNNING
  2025-11-19 13:11:58 App\Jobs\Notifications\SendPushNotification  6.30ms DONE
  2025-11-19 13:11:58 App\Jobs\Notifications\AndroidPushNotification . RUNNING
  2025-11-19 13:11:58 App\Jobs\Notifications\AndroidPushNotification  55.15ms DONE
  2025-11-19 14:40:02 App\Jobs\Notifications\SendPushNotification .... RUNNING
  2025-11-19 14:40:02 App\Jobs\Notifications\SendPushNotification  150.01ms DONE
  2025-11-19 14:40:02 App\Jobs\Notifications\AndroidPushNotification . RUNNING
  2025-11-19 14:40:02 App\Jobs\Notifications\AndroidPushNotification  413.43ms DONE
  2025-11-19 14:40:18 App\Jobs\Notifications\SendPushNotification .... RUNNING
  2025-11-19 14:40:18 App\Jobs\Notifications\SendPushNotification  102.04ms DONE
  2025-11-19 14:40:18 App\Jobs\Notifications\AndroidPushNotification . RUNNING
  2025-11-19 14:40:18 App\Jobs\Notifications\AndroidPushNotification  198.65ms DONE
  2025-11-19 14:40:32 App\Jobs\Notifications\SendPushNotification .... RUNNING
  2025-11-19 14:40:32 App\Jobs\Notifications\SendPushNotification  63.83ms DONE
  2025-11-19 14:40:32 App\Jobs\Notifications\AndroidPushNotification . RUNNING
  2025-11-19 14:40:32 App\Jobs\Notifications\AndroidPushNotification  185.00ms DONE
  2025-11-19 14:40:44 App\Jobs\Notifications\SendPushNotification .... RUNNING
  2025-11-19 14:40:44 App\Jobs\Notifications\SendPushNotification  8.11ms DONE
  2025-11-19 14:40:44 App\Jobs\Notifications\AndroidPushNotification . RUNNING
  2025-11-19 14:40:44 App\Jobs\Notifications\AndroidPushNotification  99.09ms DONE
  2025-11-19 14:42:23 App\Jobs\Notifications\SendPushNotification .... RUNNING
  2025-11-19 14:42:23 App\Jobs\Notifications\SendPushNotification  15.01ms DONE
  2025-11-19 14:42:23 App\Jobs\Notifications\AndroidPushNotification . RUNNING
  2025-11-19 14:42:23 App\Jobs\Notifications\AndroidPushNotification  113.50ms DONE
  2025-11-19 14:42:47 App\Jobs\Notifications\SendPushNotification .... RUNNING
  2025-11-19 14:42:47 App\Jobs\Notifications\SendPushNotification  11.23ms DONE
  2025-11-19 14:42:47 App\Jobs\Notifications\AndroidPushNotification . RUNNING
  2025-11-19 14:42:47 App\Jobs\Notifications\AndroidPushNotification  24.47ms DONE
  2025-11-19 14:42:57 App\Jobs\Notifications\SendPushNotification .... RUNNING
  2025-11-19 14:42:57 App\Jobs\Notifications\SendPushNotification  11.58ms DONE
  2025-11-19 14:42:57 App\Jobs\Notifications\AndroidPushNotification . RUNNING
  2025-11-19 14:42:57 App\Jobs\Notifications\AndroidPushNotification  88.43ms DONE
  2025-11-19 14:43:11 App\Jobs\Notifications\SendPushNotification .... RUNNING
  2025-11-19 14:43:11 App\Jobs\Notifications\SendPushNotification  13.47ms DONE
  2025-11-19 14:43:11 App\Jobs\Notifications\AndroidPushNotification . RUNNING
  2025-11-19 14:43:11 App\Jobs\Notifications\AndroidPushNotification  79.63ms DONE
  2025-11-19 14:43:56 App\Jobs\Notifications\SendPushNotification .... RUNNING
  2025-11-19 14:43:56 App\Jobs\Notifications\SendPushNotification  11.93ms DONE
  2025-11-19 14:43:56 App\Jobs\Notifications\AndroidPushNotification . RUNNING
  2025-11-19 14:43:56 App\Jobs\Notifications\AndroidPushNotification  24.83ms DONE
  2025-11-19 14:44:08 App\Jobs\Notifications\SendPushNotification .... RUNNING
  2025-11-19 14:44:08 App\Jobs\Notifications\SendPushNotification  9.09ms DONE
  2025-11-19 14:44:08 App\Jobs\Notifications\AndroidPushNotification . RUNNING
  2025-11-19 14:44:08 App\Jobs\Notifications\AndroidPushNotification  98.58ms DONE
  2025-11-19 14:44:17 App\Jobs\Notifications\SendPushNotification .... RUNNING
  2025-11-19 14:44:17 App\Jobs\Notifications\SendPushNotification  9.42ms DONE
  2025-11-19 14:44:17 App\Jobs\Notifications\AndroidPushNotification . RUNNING
  2025-11-19 14:44:17 App\Jobs\Notifications\AndroidPushNotification  62.17ms DONE
  2025-11-19 14:44:21 App\Jobs\Notifications\SendPushNotification .... RUNNING
  2025-11-19 14:44:21 App\Jobs\Notifications\SendPushNotification  94.70ms DONE
  2025-11-19 14:44:21 App\Jobs\Notifications\AndroidPushNotification . RUNNING
  2025-11-19 14:44:21 App\Jobs\Notifications\AndroidPushNotification  229.17ms DONE
  2025-11-19 14:44:26 App\Jobs\Notifications\SendPushNotification .... RUNNING
  2025-11-19 14:44:26 App\Jobs\Notifications\SendPushNotification  12.46ms DONE
  2025-11-19 14:44:26 App\Jobs\Notifications\AndroidPushNotification . RUNNING
  2025-11-19 14:44:26 App\Jobs\Notifications\AndroidPushNotification  59.50ms DONE
  2025-11-19 14:44:44 App\Jobs\Notifications\SendPushNotification .... RUNNING
  2025-11-19 14:44:44 App\Jobs\Notifications\SendPushNotification  8.95ms DONE
  2025-11-19 14:44:44 App\Jobs\Notifications\AndroidPushNotification . RUNNING
  2025-11-19 14:44:44 App\Jobs\Notifications\AndroidPushNotification  20.81ms DONE
  2025-11-19 14:44:54 App\Jobs\Notifications\SendPushNotification .... RUNNING
  2025-11-19 14:44:54 App\Jobs\Notifications\SendPushNotification  11.39ms DONE
  2025-11-19 14:44:54 App\Jobs\Notifications\AndroidPushNotification . RUNNING
  2025-11-19 14:44:54 App\Jobs\Notifications\AndroidPushNotification  60.03ms DONE
  2025-11-19 14:45:41 App\Jobs\Notifications\SendPushNotification .... RUNNING
  2025-11-19 14:45:41 App\Jobs\Notifications\SendPushNotification  8.50ms DONE
  2025-11-19 14:45:41 App\Jobs\Notifications\AndroidPushNotification . RUNNING
  2025-11-19 14:45:41 App\Jobs\Notifications\AndroidPushNotification  21.51ms DONE
  2025-11-19 14:50:06 App\Jobs\Notifications\SendPushNotification .... RUNNING
  2025-11-19 14:50:06 App\Jobs\Notifications\SendPushNotification  59.16ms DONE
  2025-11-19 14:50:06 App\Jobs\Notifications\AndroidPushNotification . RUNNING
  2025-11-19 14:50:06 App\Jobs\Notifications\AndroidPushNotification  97.92ms DONE
  2025-11-19 14:51:06 App\Jobs\Notifications\SendPushNotification .... RUNNING
  2025-11-19 14:51:06 App\Jobs\Notifications\SendPushNotification  29.74ms DONE
  2025-11-19 14:51:06 App\Jobs\Notifications\AndroidPushNotification . RUNNING
  2025-11-19 14:51:06 App\Jobs\Notifications\AndroidPushNotification  79.25ms DONE
  2025-11-19 14:51:24 App\Jobs\Notifications\SendPushNotification .... RUNNING
  2025-11-19 14:51:24 App\Jobs\Notifications\SendPushNotification  7.61ms DONE
  2025-11-19 14:51:24 App\Jobs\Notifications\AndroidPushNotification . RUNNING
  2025-11-19 14:51:24 App\Jobs\Notifications\AndroidPushNotification  43.30ms DONE
  2025-11-19 14:51:33 App\Jobs\Notifications\SendPushNotification .... RUNNING
  2025-11-19 14:51:33 App\Jobs\Notifications\SendPushNotification  8.72ms DONE
  2025-11-19 14:51:33 App\Jobs\Notifications\AndroidPushNotification . RUNNING
  2025-11-19 14:51:33 App\Jobs\Notifications\AndroidPushNotification  87.27ms DONE
  2025-11-19 14:51:36 App\Jobs\Notifications\SendPushNotification .... RUNNING
  2025-11-19 14:51:36 App\Jobs\Notifications\SendPushNotification  11.63ms DONE
  2025-11-19 14:51:36 App\Jobs\Notifications\AndroidPushNotification . RUNNING
  2025-11-19 14:51:36 App\Jobs\Notifications\AndroidPushNotification  58.14ms DONE
  2025-11-19 14:51:52 App\Jobs\Notifications\SendPushNotification .... RUNNING
  2025-11-19 14:51:52 App\Jobs\Notifications\SendPushNotification  9.87ms DONE
  2025-11-19 14:51:52 App\Jobs\Notifications\AndroidPushNotification . RUNNING
  2025-11-19 14:51:52 App\Jobs\Notifications\AndroidPushNotification  64.79ms DONE
  2025-11-19 14:52:13 App\Jobs\Notifications\SendPushNotification .... RUNNING
  2025-11-19 14:52:13 App\Jobs\Notifications\SendPushNotification  7.58ms DONE
  2025-11-19 14:52:13 App\Jobs\Notifications\AndroidPushNotification . RUNNING
  2025-11-19 14:52:13 App\Jobs\Notifications\AndroidPushNotification  21.64ms DONE
  2025-11-19 14:52:22 App\Jobs\Notifications\SendPushNotification .... RUNNING
  2025-11-19 14:52:22 App\Jobs\Notifications\SendPushNotification  11.20ms DONE
  2025-11-19 14:52:22 App\Jobs\Notifications\AndroidPushNotification . RUNNING
  2025-11-19 14:52:22 App\Jobs\Notifications\AndroidPushNotification  77.09ms DONE
  2025-11-19 14:52:27 App\Jobs\Notifications\SendPushNotification .... RUNNING
  2025-11-19 14:52:27 App\Jobs\Notifications\SendPushNotification  8.06ms DONE
  2025-11-19 14:52:27 App\Jobs\Notifications\AndroidPushNotification . RUNNING
  2025-11-19 14:52:27 App\Jobs\Notifications\AndroidPushNotification  53.71ms DONE
  2025-11-19 14:54:48 App\Jobs\Notifications\SendPushNotification .... RUNNING
  2025-11-19 14:54:48 App\Jobs\Notifications\SendPushNotification  11.97ms DONE
  2025-11-19 14:54:48 App\Jobs\Notifications\AndroidPushNotification . RUNNING
  2025-11-19 14:54:48 App\Jobs\Notifications\AndroidPushNotification  50.98ms DONE
  2025-11-19 14:54:54 App\Jobs\Notifications\SendPushNotification .... RUNNING
  2025-11-19 14:54:54 App\Jobs\Notifications\SendPushNotification  10.22ms DONE
  2025-11-19 14:54:54 App\Jobs\Notifications\AndroidPushNotification . RUNNING
  2025-11-19 14:54:54 App\Jobs\Notifications\AndroidPushNotification  101.71ms DONE
  2025-11-19 14:55:15 App\Jobs\Notifications\SendPushNotification .... RUNNING
  2025-11-19 14:55:15 App\Jobs\Notifications\SendPushNotification  9.69ms DONE
  2025-11-19 14:55:15 App\Jobs\Notifications\AndroidPushNotification . RUNNING
  2025-11-19 14:55:15 App\Jobs\Notifications\AndroidPushNotification  61.12ms DONE
  2025-11-19 14:57:39 App\Jobs\Notifications\SendPushNotification .... RUNNING
  2025-11-19 14:57:39 App\Jobs\Notifications\SendPushNotification  10.10ms DONE
  2025-11-19 14:57:39 App\Jobs\Notifications\AndroidPushNotification . RUNNING
  2025-11-19 14:57:39 App\Jobs\Notifications\AndroidPushNotification  194.13ms DONE
  2025-11-19 14:58:09 App\Jobs\Notifications\SendPushNotification .... RUNNING
  2025-11-19 14:58:09 App\Jobs\Notifications\SendPushNotification  11.35ms DONE
  2025-11-19 14:58:09 App\Jobs\Notifications\AndroidPushNotification . RUNNING
  2025-11-19 14:58:09 App\Jobs\Notifications\AndroidPushNotification  95.71ms DONE
  2025-11-19 14:58:15 App\Jobs\Notifications\SendPushNotification .... RUNNING
  2025-11-19 14:58:15 App\Jobs\Notifications\SendPushNotification  10.92ms DONE
  2025-11-19 14:58:15 App\Jobs\Notifications\AndroidPushNotification . RUNNING
  2025-11-19 14:58:15 App\Jobs\Notifications\AndroidPushNotification  87.51ms DONE
  2025-11-19 15:24:32 App\Jobs\Notifications\SendPushNotification .... RUNNING
  2025-11-19 15:24:32 App\Jobs\Notifications\SendPushNotification  13.11ms DONE
  2025-11-19 15:24:32 App\Jobs\Notifications\AndroidPushNotification . RUNNING
  2025-11-19 15:24:32 App\Jobs\Notifications\AndroidPushNotification  136.04ms DONE
  2025-11-19 15:26:01 App\Jobs\Notifications\SendPushNotification .... RUNNING
  2025-11-19 15:26:01 App\Jobs\Notifications\SendPushNotification  46.69ms DONE
  2025-11-19 15:26:02 App\Jobs\Notifications\AndroidPushNotification . RUNNING
  2025-11-19 15:26:02 App\Jobs\Notifications\AndroidPushNotification  76.27ms DONE
  2025-11-19 15:26:10 App\Jobs\Notifications\SendPushNotification .... RUNNING
  2025-11-19 15:26:10 App\Jobs\Notifications\SendPushNotification  9.47ms DONE
  2025-11-19 15:26:10 App\Jobs\Notifications\AndroidPushNotification . RUNNING
  2025-11-19 15:26:11 App\Jobs\Notifications\AndroidPushNotification  81.86ms DONE
  2025-11-19 17:52:44 App\Jobs\Notifications\SendPushNotification .... RUNNING
  2025-11-19 17:52:44 App\Jobs\Notifications\SendPushNotification  84.64ms DONE
  2025-11-19 17:52:44 App\Jobs\Notifications\AndroidPushNotification . RUNNING
  2025-11-19 17:52:44 App\Jobs\Notifications\AndroidPushNotification  162.66ms DONE
  2025-11-19 17:53:00 App\Jobs\Notifications\SendPushNotification .... RUNNING
  2025-11-19 17:53:00 App\Jobs\Notifications\SendPushNotification  96.81ms DONE
  2025-11-19 17:53:00 App\Jobs\Notifications\AndroidPushNotification . RUNNING
  2025-11-19 17:53:00 App\Jobs\Notifications\AndroidPushNotification  229.11ms DONE
  2025-11-19 22:02:19 App\Jobs\Notifications\SendPushNotification .... RUNNING
  2025-11-19 22:02:19 App\Jobs\Notifications\SendPushNotification  88.52ms DONE
  2025-11-19 22:02:19 App\Jobs\Notifications\AndroidPushNotification . RUNNING
  2025-11-19 22:02:20 App\Jobs\Notifications\AndroidPushNotification  230.75ms DONE
  2025-11-19 22:11:05 App\Jobs\Notifications\SendPushNotification .... RUNNING
  2025-11-19 22:11:05 App\Jobs\Notifications\SendPushNotification  122.25ms DONE
  2025-11-19 22:11:05 App\Jobs\Notifications\AndroidPushNotification . RUNNING
  2025-11-19 22:11:05 App\Jobs\Notifications\AndroidPushNotification  228.39ms DONE
  2025-11-19 22:12:05 App\Jobs\Notifications\SendPushNotification .... RUNNING
  2025-11-19 22:12:05 App\Jobs\Notifications\SendPushNotification  124.94ms DONE
  2025-11-19 22:12:05 App\Jobs\Notifications\AndroidPushNotification . RUNNING
  2025-11-19 22:12:05 App\Jobs\Notifications\AndroidPushNotification  228.99ms DONE
  2025-11-19 22:25:05 App\Jobs\Notifications\SendPushNotification .... RUNNING
  2025-11-19 22:25:06 App\Jobs\Notifications\SendPushNotification  165.37ms DONE
  2025-11-19 22:25:06 App\Jobs\Notifications\AndroidPushNotification . RUNNING
  2025-11-19 22:25:06 App\Jobs\Notifications\AndroidPushNotification  288.82ms DONE
  2025-11-20 09:01:21 App\Jobs\ValidateAndGeneratePeakZone ........... RUNNING
  2025-11-20 09:01:21 App\Jobs\ValidateAndGeneratePeakZone ...... 98.02ms DONE
  2025-11-20 09:01:42 App\Jobs\Notifications\SendPushNotification .... RUNNING
  2025-11-20 09:01:42 App\Jobs\Notifications\SendPushNotification  108.74ms DONE
  2025-11-20 09:01:42 App\Jobs\Notifications\AndroidPushNotification . RUNNING
  2025-11-20 09:01:43 App\Jobs\Notifications\AndroidPushNotification  273.71ms DONE
  2025-11-20 09:15:11 App\Jobs\Notifications\SendPushNotification .... RUNNING
  2025-11-20 09:15:11 App\Jobs\Notifications\SendPushNotification  103.63ms DONE
  2025-11-20 09:15:11 App\Jobs\Notifications\AndroidPushNotification . RUNNING
  2025-11-20 09:15:11 App\Jobs\Notifications\AndroidPushNotification  266.00ms DONE
  2025-11-20 09:15:31 App\Jobs\Notifications\SendPushNotification .... RUNNING
  2025-11-20 09:15:31 App\Jobs\Notifications\SendPushNotification  96.91ms DONE
  2025-11-20 09:15:31 App\Jobs\Notifications\AndroidPushNotification . RUNNING
  2025-11-20 09:15:31 App\Jobs\Notifications\AndroidPushNotification  200.08ms DONE
  2025-11-20 09:56:51 App\Jobs\Notifications\SendPushNotification .... RUNNING
  2025-11-20 09:56:51 App\Jobs\Notifications\SendPushNotification  43.11ms DONE
  2025-11-20 09:56:51 App\Jobs\Notifications\AndroidPushNotification . RUNNING
  2025-11-20 09:56:51 App\Jobs\Notifications\AndroidPushNotification  188.39ms DONE
  2025-11-20 09:57:21 App\Jobs\Notifications\SendPushNotification .... RUNNING
  2025-11-20 09:57:21 App\Jobs\Notifications\SendPushNotification  94.06ms DONE
  2025-11-20 09:57:21 App\Jobs\Notifications\AndroidPushNotification . RUNNING
  2025-11-20 09:57:21 App\Jobs\Notifications\AndroidPushNotification  236.97ms DONE
  2025-11-20 11:43:08 App\Jobs\Notifications\SendPushNotification .... RUNNING
  2025-11-20 11:43:08 App\Jobs\Notifications\SendPushNotification  92.89ms DONE
  2025-11-20 11:43:08 App\Jobs\Notifications\AndroidPushNotification . RUNNING
  2025-11-20 11:43:08 App\Jobs\Notifications\AndroidPushNotification  205.72ms DONE
  2025-11-20 11:43:41 App\Jobs\Notifications\SendPushNotification .... RUNNING
  2025-11-20 11:43:41 App\Jobs\Notifications\SendPushNotification  46.32ms DONE
  2025-11-20 11:43:41 App\Jobs\Notifications\AndroidPushNotification . RUNNING
  2025-11-20 11:43:41 App\Jobs\Notifications\AndroidPushNotification  152.24ms DONE
  2025-11-20 11:45:11 App\Jobs\Notifications\SendPushNotification .... RUNNING
  2025-11-20 11:45:11 App\Jobs\Notifications\SendPushNotification  108.60ms DONE
  2025-11-20 11:45:11 App\Jobs\Notifications\AndroidPushNotification . RUNNING
  2025-11-20 11:45:11 App\Jobs\Notifications\AndroidPushNotification  175.41ms DONE
  2025-11-20 11:45:26 App\Jobs\Notifications\SendPushNotification .... RUNNING
  2025-11-20 11:45:26 App\Jobs\Notifications\SendPushNotification  53.30ms DONE
  2025-11-20 11:45:26 App\Jobs\Notifications\AndroidPushNotification . RUNNING
  2025-11-20 11:45:26 App\Jobs\Notifications\AndroidPushNotification  188.58ms DONE
  2025-11-20 11:46:17 App\Jobs\Notifications\SendPushNotification .... RUNNING
  2025-11-20 11:46:17 App\Jobs\Notifications\SendPushNotification  44.94ms DONE
  2025-11-20 11:46:17 App\Jobs\Notifications\AndroidPushNotification . RUNNING
  2025-11-20 11:46:17 App\Jobs\Notifications\AndroidPushNotification  157.66ms DONE
  2025-11-20 11:47:41 App\Jobs\Notifications\SendPushNotification .... RUNNING
  2025-11-20 11:47:41 App\Jobs\Notifications\SendPushNotification  9.70ms DONE
  2025-11-20 11:47:41 App\Jobs\Notifications\AndroidPushNotification . RUNNING
  2025-11-20 11:47:41 App\Jobs\Notifications\AndroidPushNotification  96.06ms DONE
  2025-11-20 11:49:41 App\Jobs\Notifications\SendPushNotification .... RUNNING
  2025-11-20 11:49:41 App\Jobs\Notifications\SendPushNotification  94.04ms DONE
  2025-11-20 11:49:41 App\Jobs\Notifications\AndroidPushNotification . RUNNING
  2025-11-20 11:49:42 App\Jobs\Notifications\AndroidPushNotification  215.38ms DONE
  2025-11-20 11:49:47 App\Jobs\Notifications\SendPushNotification .... RUNNING
  2025-11-20 11:49:47 App\Jobs\Notifications\SendPushNotification  88.84ms DONE
  2025-11-20 11:49:47 App\Jobs\Notifications\AndroidPushNotification . RUNNING
  2025-11-20 11:49:48 App\Jobs\Notifications\AndroidPushNotification  224.00ms DONE
  2025-11-20 11:53:03 App\Jobs\Notifications\SendPushNotification .... RUNNING
  2025-11-20 11:53:03 App\Jobs\Notifications\AndroidPushNotification . RUNNING
  2025-11-20 11:53:03 App\Jobs\Notifications\SendPushNotification  76.28ms DONE
  2025-11-20 11:53:03 App\Jobs\Notifications\AndroidPushNotification  79.33ms DONE
  2025-11-20 11:53:21 App\Jobs\Notifications\SendPushNotification .... RUNNING
  2025-11-20 11:53:21 App\Jobs\Notifications\SendPushNotification  8.89ms DONE
  2025-11-20 11:53:21 App\Jobs\Notifications\AndroidPushNotification . RUNNING
  2025-11-20 11:53:21 App\Jobs\Notifications\AndroidPushNotification  103.88ms DONE
  2025-11-20 12:15:01 App\Jobs\Notifications\SendPushNotification .... RUNNING
  2025-11-20 12:15:01 App\Jobs\Notifications\SendPushNotification  40.50ms DONE
  2025-11-20 12:15:01 App\Jobs\Notifications\AndroidPushNotification . RUNNING
  2025-11-20 12:15:01 App\Jobs\Notifications\AndroidPushNotification  82.91ms DONE
  2025-11-20 12:15:16 App\Jobs\Notifications\SendPushNotification .... RUNNING
  2025-11-20 12:15:16 App\Jobs\Notifications\SendPushNotification  7.69ms DONE
  2025-11-20 12:15:16 App\Jobs\Notifications\AndroidPushNotification . RUNNING
  2025-11-20 12:15:16 App\Jobs\Notifications\AndroidPushNotification  77.71ms DONE
  2025-11-20 12:36:50 App\Jobs\Notifications\SendPushNotification .... RUNNING
  2025-11-20 12:36:50 App\Jobs\Notifications\SendPushNotification  107.32ms DONE
  2025-11-20 12:36:50 App\Jobs\Notifications\AndroidPushNotification . RUNNING
  2025-11-20 12:36:51 App\Jobs\Notifications\AndroidPushNotification  261.91ms DONE
  2025-11-20 12:37:29 App\Jobs\Notifications\SendPushNotification .... RUNNING
  2025-11-20 12:37:29 App\Jobs\Notifications\SendPushNotification  19.04ms DONE
  2025-11-20 12:37:29 App\Jobs\Notifications\AndroidPushNotification . RUNNING
  2025-11-20 12:37:29 App\Jobs\Notifications\AndroidPushNotification  54.19ms DONE
  2025-11-20 12:37:50 App\Jobs\Notifications\SendPushNotification .... RUNNING
  2025-11-20 12:37:50 App\Jobs\Notifications\SendPushNotification  7.54ms DONE
  2025-11-20 12:37:50 App\Jobs\Notifications\AndroidPushNotification . RUNNING
  2025-11-20 12:37:50 App\Jobs\Notifications\AndroidPushNotification  98.13ms DONE
  2025-11-20 12:44:05 App\Jobs\Notifications\SendPushNotification .... RUNNING
  2025-11-20 12:44:05 App\Jobs\Notifications\SendPushNotification  42.82ms DONE
  2025-11-20 12:44:05 App\Jobs\Notifications\AndroidPushNotification . RUNNING
  2025-11-20 12:44:05 App\Jobs\Notifications\AndroidPushNotification  104.61ms DONE
  2025-11-20 12:45:12 App\Jobs\Notifications\SendPushNotification .... RUNNING
  2025-11-20 12:45:12 App\Jobs\Notifications\SendPushNotification  12.38ms DONE
  2025-11-20 12:45:12 App\Jobs\Notifications\AndroidPushNotification . RUNNING
  2025-11-20 12:45:12 App\Jobs\Notifications\AndroidPushNotification  64.56ms DONE
  2025-11-20 12:46:15 App\Jobs\Notifications\SendPushNotification .... RUNNING
  2025-11-20 12:46:15 App\Jobs\Notifications\SendPushNotification  10.40ms DONE
  2025-11-20 12:46:15 App\Jobs\Notifications\AndroidPushNotification . RUNNING
  2025-11-20 12:46:15 App\Jobs\Notifications\AndroidPushNotification  58.83ms DONE
  2025-11-20 22:12:23 App\Jobs\ValidateAndGeneratePeakZone ........... RUNNING
  2025-11-20 22:12:23 App\Jobs\ValidateAndGeneratePeakZone ...... 84.37ms DONE
  2025-11-21 00:00:07 App\Jobs\Notifications\SendPushNotification .... RUNNING
  2025-11-21 00:00:08 App\Jobs\Notifications\SendPushNotification  900.01ms DONE
  2025-11-21 00:00:08 App\Jobs\Notifications\AndroidPushNotification . RUNNING
  2025-11-21 00:00:09 App\Jobs\Notifications\AndroidPushNotification  653.61ms DONE
  2025-11-21 00:14:04 App\Jobs\Notifications\SendPushNotification .... RUNNING
  2025-11-21 00:14:04 App\Jobs\Notifications\SendPushNotification  29.29ms DONE
  2025-11-21 00:14:04 App\Jobs\Notifications\AndroidPushNotification . RUNNING
  2025-11-21 00:14:04 App\Jobs\Notifications\AndroidPushNotification  112.95ms DONE
  2025-11-21 00:14:05 App\Jobs\Notifications\SendPushNotification .... RUNNING
  2025-11-21 00:14:05 App\Jobs\Notifications\SendPushNotification  122.82ms DONE
  2025-11-21 00:14:05 App\Jobs\Notifications\AndroidPushNotification . RUNNING
  2025-11-21 00:14:05 App\Jobs\Notifications\AndroidPushNotification  271.72ms DONE

   Illuminate\Database\QueryException 

  SQLSTATE[HY000] [2002] Connection refused (Connection: mysql, SQL: select table_name as `name`, (data_length + index_length) as `size`, table_comment as `comment`, engine as `engine`, table_collation as `collation` from information_schema.tables where table_schema = 'chapchap' and table_type in ('BASE TABLE', 'SYSTEM VERSIONED') order by table_name)

  at /var/www/html/chapchap/vendor/laravel/framework/src/Illuminate/Database/Connection.php:829
    825▕                     $this->getName(), $query, $this->prepareBindings($bindings), $e
    826▕                 );
    827▕             }
    828▕ 
  ➜ 829▕             throw new QueryException(
    830▕                 $this->getName(), $query, $this->prepareBindings($bindings), $e
    831▕             );
    832▕         }
    833▕     }

  1   [internal]:0
      Illuminate\Foundation\Application::Illuminate\Foundation\{closure}()
      [2m+19 vendor frames [22m

  21  /var/www/html/chapchap/app/Providers/AppServiceProvider.php:51
      Illuminate\Support\Facades\Facade::__callStatic()


   Illuminate\Database\QueryException 

  SQLSTATE[HY000] [2002] Connection refused (Connection: mysql, SQL: select table_name as `name`, (data_length + index_length) as `size`, table_comment as `comment`, engine as `engine`, table_collation as `collation` from information_schema.tables where table_schema = 'chapchap' and table_type in ('BASE TABLE', 'SYSTEM VERSIONED') order by table_name)

  at /var/www/html/chapchap/vendor/laravel/framework/src/Illuminate/Database/Connection.php:829
    825▕                     $this->getName(), $query, $this->prepareBindings($bindings), $e
    826▕                 );
    827▕             }
    828▕ 
  ➜ 829▕             throw new QueryException(
    830▕                 $this->getName(), $query, $this->prepareBindings($bindings), $e
    831▕             );
    832▕         }
    833▕     }

  1   [internal]:0
      Illuminate\Foundation\Application::Illuminate\Foundation\{closure}()
      [2m+19 vendor frames [22m

  21  /var/www/html/chapchap/app/Providers/AppServiceProvider.php:51
      Illuminate\Support\Facades\Facade::__callStatic()


   Illuminate\Database\QueryException 

  SQLSTATE[HY000] [2002] Connection refused (Connection: mysql, SQL: select table_name as `name`, (data_length + index_length) as `size`, table_comment as `comment`, engine as `engine`, table_collation as `collation` from information_schema.tables where table_schema = 'chapchap' and table_type in ('BASE TABLE', 'SYSTEM VERSIONED') order by table_name)

  at /var/www/html/chapchap/vendor/laravel/framework/src/Illuminate/Database/Connection.php:829
    825▕                     $this->getName(), $query, $this->prepareBindings($bindings), $e
    826▕                 );
    827▕             }
    828▕ 
  ➜ 829▕             throw new QueryException(
    830▕                 $this->getName(), $query, $this->prepareBindings($bindings), $e
    831▕             );
    832▕         }
    833▕     }

  1   [internal]:0
      Illuminate\Foundation\Application::Illuminate\Foundation\{closure}()
      [2m+19 vendor frames [22m

  21  /var/www/html/chapchap/app/Providers/AppServiceProvider.php:51
      Illuminate\Support\Facades\Facade::__callStatic()


   Illuminate\Database\QueryException 

  SQLSTATE[HY000] [2002] Connection refused (Connection: mysql, SQL: select table_name as `name`, (data_length + index_length) as `size`, table_comment as `comment`, engine as `engine`, table_collation as `collation` from information_schema.tables where table_schema = 'chapchap' and table_type in ('BASE TABLE', 'SYSTEM VERSIONED') order by table_name)

  at /var/www/html/chapchap/vendor/laravel/framework/src/Illuminate/Database/Connection.php:829
    825▕                     $this->getName(), $query, $this->prepareBindings($bindings), $e
    826▕                 );
    827▕             }
    828▕ 
  ➜ 829▕             throw new QueryException(
    830▕                 $this->getName(), $query, $this->prepareBindings($bindings), $e
    831▕             );
    832▕         }
    833▕     }

  1   [internal]:0
      Illuminate\Foundation\Application::Illuminate\Foundation\{closure}()
      [2m+19 vendor frames [22m

  21  /var/www/html/chapchap/app/Providers/AppServiceProvider.php:51
      Illuminate\Support\Facades\Facade::__callStatic()


   Illuminate\Database\QueryException 

  SQLSTATE[HY000] [2002] Connection refused (Connection: mysql, SQL: select table_name as `name`, (data_length + index_length) as `size`, table_comment as `comment`, engine as `engine`, table_collation as `collation` from information_schema.tables where table_schema = 'chapchap' and table_type in ('BASE TABLE', 'SYSTEM VERSIONED') order by table_name)

  at /var/www/html/chapchap/vendor/laravel/framework/src/Illuminate/Database/Connection.php:829

   Illuminate\Database\QueryException 

  SQLSTATE[HY000] [2002] Connection refused (Connection: mysql, SQL: select table_name as `name`, (data_length + index_length) as `size`, table_comment as `comment`, engine as `engine`, table_collation as `collation` from information_schema.tables where table_schema = 'chapchap' and table_type in ('BASE TABLE', 'SYSTEM VERSIONED') order by table_name)

  at /var/www/html/chapchap/vendor/laravel/framework/src/Illuminate/Database/Connection.php:829

   Illuminate\Database\QueryException 

  SQLSTATE[HY000] [2002] Connection refused (Connection: mysql, SQL: select table_name as `name`, (data_length + index_length) as `size`, table_comment as `comment`, engine as `engine`, table_collation as `collation` from information_schema.tables where table_schema = 'chapchap' and table_type in ('BASE TABLE', 'SYSTEM VERSIONED') order by table_name)

  at /var/www/html/chapchap/vendor/laravel/framework/src/Illuminate/Database/Connection.php:829
    825▕                     $this->getName(), $query, $this->prepareBindings($bindings), $e
    826▕                 );
    827▕             }
    828▕ 
  ➜ 829▕             throw new QueryException(
    830▕                 $this->getName(), $query, $this->prepareBindings($bindings), $e
    831▕             );
    832▕         }
    833▕     }

  1   [internal]:0
      Illuminate\Foundation\Application::Illuminate\Foundation\{closure}()
      [2m+19 vendor frames [22m

  21  /var/www/html/chapchap/app/Providers/AppServiceProvider.php:51
      Illuminate\Support\Facades\Facade::__callStatic()

    825▕                     $this->getName(), $query, $this->prepareBindings($bindings), $e
    826▕                 );
    827▕             }
    828▕ 
  ➜ 829▕             throw new QueryException(
    830▕                 $this->getName(), $query, $this->prepareBindings($bindings), $e
    831▕             );
    832▕         }
    833▕     }

  1   [internal]:0
      Illuminate\Foundation\Application::Illuminate\Foundation\{closure}()
      [2m+19 vendor frames [22m

  21  /var/www/html/chapchap/app/Providers/AppServiceProvider.php:51
      Illuminate\Support\Facades\Facade::__callStatic()

    825▕                     $this->getName(), $query, $this->prepareBindings($bindings), $e
    826▕                 );
    827▕             }
    828▕ 
  ➜ 829▕             throw new QueryException(
    830▕                 $this->getName(), $query, $this->prepareBindings($bindings), $e
    831▕             );
    832▕         }
    833▕     }

  1   [internal]:0
      Illuminate\Foundation\Application::Illuminate\Foundation\{closure}()
      [2m+19 vendor frames [22m

  21  /var/www/html/chapchap/app/Providers/AppServiceProvider.php:51
      Illuminate\Support\Facades\Facade::__callStatic()


   Illuminate\Database\QueryException 

  SQLSTATE[HY000] [2002] Connection refused (Connection: mysql, SQL: select table_name as `name`, (data_length + index_length) as `size`, table_comment as `comment`, engine as `engine`, table_collation as `collation` from information_schema.tables where table_schema = 'chapchap' and table_type in ('BASE TABLE', 'SYSTEM VERSIONED') order by table_name)

  at /var/www/html/chapchap/vendor/laravel/framework/src/Illuminate/Database/Connection.php:829
    825▕                     $this->getName(), $query, $this->prepareBindings($bindings), $e
    826▕                 );
    827▕             }
    828▕ 
  ➜ 829▕             throw new QueryException(
    830▕                 $this->getName(), $query, $this->prepareBindings($bindings), $e
    831▕             );
    832▕         }
    833▕     }

  1   [internal]:0
      Illuminate\Foundation\Application::Illuminate\Foundation\{closure}()
      [2m+19 vendor frames [22m

  21  /var/www/html/chapchap/app/Providers/AppServiceProvider.php:51
      Illuminate\Support\Facades\Facade::__callStatic()


   Illuminate\Database\QueryException 

  SQLSTATE[HY000] [2002] Connection refused (Connection: mysql, SQL: select table_name as `name`, (data_length + index_length) as `size`, table_comment as `comment`, engine as `engine`, table_collation as `collation` from information_schema.tables where table_schema = 'chapchap' and table_type in ('BASE TABLE', 'SYSTEM VERSIONED') order by table_name)

  at /var/www/html/chapchap/vendor/laravel/framework/src/Illuminate/Database/Connection.php:829
    825▕                     $this->getName(), $query, $this->prepareBindings($bindings), $e
    826▕                 );
    827▕             }
    828▕ 
  ➜ 829▕             throw new QueryException(
    830▕                 $this->getName(), $query, $this->prepareBindings($bindings), $e
    831▕             );
    832▕         }
    833▕     }

  1   [internal]:0
      Illuminate\Foundation\Application::Illuminate\Foundation\{closure}()
      [2m+19 vendor frames [22m

  21  /var/www/html/chapchap/app/Providers/AppServiceProvider.php:51
      Illuminate\Support\Facades\Facade::__callStatic()


   Illuminate\Database\QueryException 

  SQLSTATE[HY000] [2002] Connection refused (Connection: mysql, SQL: select table_name as `name`, (data_length + index_length) as `size`, table_comment as `comment`, engine as `engine`, table_collation as `collation` from information_schema.tables where table_schema = 'chapchap' and table_type in ('BASE TABLE', 'SYSTEM VERSIONED') order by table_name)

  at /var/www/html/chapchap/vendor/laravel/framework/src/Illuminate/Database/Connection.php:829
    825▕                     $this->getName(), $query, $this->prepareBindings($bindings), $e
    826▕                 );
    827▕             }
    828▕ 
  ➜ 829▕             throw new QueryException(
    830▕                 $this->getName(), $query, $this->prepareBindings($bindings), $e
    831▕             );
    832▕         }
    833▕     }

  1   [internal]:0
      Illuminate\Foundation\Application::Illuminate\Foundation\{closure}()
      [2m+19 vendor frames [22m

  21  /var/www/html/chapchap/app/Providers/AppServiceProvider.php:51
      Illuminate\Support\Facades\Facade::__callStatic()


   Illuminate\Database\QueryException 

  SQLSTATE[HY000] [2002] Connection refused (Connection: mysql, SQL: select table_name as `name`, (data_length + index_length) as `size`, table_comment as `comment`, engine as `engine`, table_collation as `collation` from information_schema.tables where table_schema = 'chapchap' and table_type in ('BASE TABLE', 'SYSTEM VERSIONED') order by table_name)

  at /var/www/html/chapchap/vendor/laravel/framework/src/Illuminate/Database/Connection.php:829
    825▕                     $this->getName(), $query, $this->prepareBindings($bindings), $e
    826▕                 );
    827▕             }
    828▕ 
  ➜ 829▕             throw new QueryException(
    830▕                 $this->getName(), $query, $this->prepareBindings($bindings), $e
    831▕             );
    832▕         }
    833▕     }

  1   [internal]:0
      Illuminate\Foundation\Application::Illuminate\Foundation\{closure}()
      [2m+19 vendor frames [22m

  21  /var/www/html/chapchap/app/Providers/AppServiceProvider.php:51
      Illuminate\Support\Facades\Facade::__callStatic()


   Illuminate\Database\QueryException 

  SQLSTATE[HY000] [2002] Connection refused (Connection: mysql, SQL: select table_name as `name`, (data_length + index_length) as `size`, table_comment as `comment`, engine as `engine`, table_collation as `collation` from information_schema.tables where table_schema = 'chapchap' and table_type in ('BASE TABLE', 'SYSTEM VERSIONED') order by table_name)

  at /var/www/html/chapchap/vendor/laravel/framework/src/Illuminate/Database/Connection.php:829
    825▕                     $this->getName(), $query, $this->prepareBindings($bindings), $e
    826▕                 );
    827▕             }
    828▕ 
  ➜ 829▕             throw new QueryException(
    830▕                 $this->getName(), $query, $this->prepareBindings($bindings), $e
    831▕             );
    832▕         }
    833▕     }

  1   [internal]:0
      Illuminate\Foundation\Application::Illuminate\Foundation\{closure}()
      [2m+19 vendor frames [22m

  21  /var/www/html/chapchap/app/Providers/AppServiceProvider.php:51
      Illuminate\Support\Facades\Facade::__callStatic()


   Illuminate\Database\QueryException 

  SQLSTATE[HY000] [2002] Connection refused (Connection: mysql, SQL: select table_name as `name`, (data_length + index_length) as `size`, table_comment as `comment`, engine as `engine`, table_collation as `collation` from information_schema.tables where table_schema = 'chapchap' and table_type in ('BASE TABLE', 'SYSTEM VERSIONED') order by table_name)

  at /var/www/html/chapchap/vendor/laravel/framework/src/Illuminate/Database/Connection.php:829
    825▕                     $this->getName(), $query, $this->prepareBindings($bindings), $e
    826▕                 );
    827▕             }
    828▕ 
  ➜ 829▕             throw new QueryException(
    830▕                 $this->getName(), $query, $this->prepareBindings($bindings), $e
    831▕             );
    832▕         }
    833▕     }

  1   [internal]:0
      Illuminate\Foundation\Application::Illuminate\Foundation\{closure}()
      [2m+19 vendor frames [22m

  21  /var/www/html/chapchap/app/Providers/AppServiceProvider.php:51
      Illuminate\Support\Facades\Facade::__callStatic()


   Illuminate\Database\QueryException 

  SQLSTATE[HY000] [2002] Connection refused (Connection: mysql, SQL: select table_name as `name`, (data_length + index_length) as `size`, table_comment as `comment`, engine as `engine`, table_collation as `collation` from information_schema.tables where table_schema = 'chapchap' and table_type in ('BASE TABLE', 'SYSTEM VERSIONED') order by table_name)

  at /var/www/html/chapchap/vendor/laravel/framework/src/Illuminate/Database/Connection.php:829
    825▕                     $this->getName(), $query, $this->prepareBindings($bindings), $e
    826▕                 );
    827▕             }
    828▕ 
  ➜ 829▕             throw new QueryException(
    830▕                 $this->getName(), $query, $this->prepareBindings($bindings), $e
    831▕             );
    832▕         }
    833▕     }

  1   [internal]:0
      Illuminate\Foundation\Application::Illuminate\Foundation\{closure}()
      [2m+19 vendor frames [22m

  21  /var/www/html/chapchap/app/Providers/AppServiceProvider.php:51
      Illuminate\Support\Facades\Facade::__callStatic()


   Illuminate\Database\QueryException 

  SQLSTATE[HY000] [2002] Connection refused (Connection: mysql, SQL: select table_name as `name`, (data_length + index_length) as `size`, table_comment as `comment`, engine as `engine`, table_collation as `collation` from information_schema.tables where table_schema = 'chapchap' and table_type in ('BASE TABLE', 'SYSTEM VERSIONED') order by table_name)

  at /var/www/html/chapchap/vendor/laravel/framework/src/Illuminate/Database/Connection.php:829

   Illuminate\Database\QueryException 

  SQLSTATE[HY000] [2002] Connection refused (Connection: mysql, SQL: select table_name as `name`, (data_length + index_length) as `size`, table_comment as `comment`, engine as `engine`, table_collation as `collation` from information_schema.tables where table_schema = 'chapchap' and table_type in ('BASE TABLE', 'SYSTEM VERSIONED') order by table_name)

  at /var/www/html/chapchap/vendor/laravel/framework/src/Illuminate/Database/Connection.php:829
    825▕                     $this->getName(), $query, $this->prepareBindings($bindings), $e
    826▕                 );
    827▕             }
    828▕ 
  ➜ 829▕             throw new QueryException(
    830▕                 $this->getName(), $query, $this->prepareBindings($bindings), $e
    831▕             );
    832▕         }
    833▕     }

  1   [internal]:0
      Illuminate\Foundation\Application::Illuminate\Foundation\{closure}()
      [2m+19 vendor frames [22m

  21  /var/www/html/chapchap/app/Providers/AppServiceProvider.php:51
      Illuminate\Support\Facades\Facade::__callStatic()

    825▕                     $this->getName(), $query, $this->prepareBindings($bindings), $e
    826▕                 );
    827▕             }
    828▕ 
  ➜ 829▕             throw new QueryException(
    830▕                 $this->getName(), $query, $this->prepareBindings($bindings), $e
    831▕             );
    832▕         }
    833▕     }

  1   [internal]:0
      Illuminate\Foundation\Application::Illuminate\Foundation\{closure}()
      [2m+19 vendor frames [22m

  21  /var/www/html/chapchap/app/Providers/AppServiceProvider.php:51
      Illuminate\Support\Facades\Facade::__callStatic()


   Illuminate\Database\QueryException 

  SQLSTATE[HY000] [2002] Connection refused (Connection: mysql, SQL: select table_name as `name`, (data_length + index_length) as `size`, table_comment as `comment`, engine as `engine`, table_collation as `collation` from information_schema.tables where table_schema = 'chapchap' and table_type in ('BASE TABLE', 'SYSTEM VERSIONED') order by table_name)

  at /var/www/html/chapchap/vendor/laravel/framework/src/Illuminate/Database/Connection.php:829
    825▕                     $this->getName(), $query, $this->prepareBindings($bindings), $e
    826▕                 );
    827▕             }
    828▕ 
  ➜ 829▕             throw new QueryException(
    830▕                 $this->getName(), $query, $this->prepareBindings($bindings), $e
    831▕             );
    832▕         }
    833▕     }

  1   [internal]:0
      Illuminate\Foundation\Application::Illuminate\Foundation\{closure}()
      [2m+19 vendor frames [22m

  21  /var/www/html/chapchap/app/Providers/AppServiceProvider.php:51
      Illuminate\Support\Facades\Facade::__callStatic()


   Illuminate\Database\QueryException 

  SQLSTATE[HY000] [2002] Connection refused (Connection: mysql, SQL: select table_name as `name`, (data_length + index_length) as `size`, table_comment as `comment`, engine as `engine`, table_collation as `collation` from information_schema.tables where table_schema = 'chapchap' and table_type in ('BASE TABLE', 'SYSTEM VERSIONED') order by table_name)

  at /var/www/html/chapchap/vendor/laravel/framework/src/Illuminate/Database/Connection.php:829
    825▕                     $this->getName(), $query, $this->prepareBindings($bindings), $e
    826▕                 );
    827▕             }
    828▕ 
  ➜ 829▕             throw new QueryException(
    830▕                 $this->getName(), $query, $this->prepareBindings($bindings), $e
    831▕             );
    832▕         }
    833▕     }

  1   [internal]:0
      Illuminate\Foundation\Application::Illuminate\Foundation\{closure}()
      [2m+19 vendor frames [22m

  21  /var/www/html/chapchap/app/Providers/AppServiceProvider.php:51
      Illuminate\Support\Facades\Facade::__callStatic()


   Illuminate\Database\QueryException 

  SQLSTATE[HY000] [2002] Connection refused (Connection: mysql, SQL: select table_name as `name`, (data_length + index_length) as `size`, table_comment as `comment`, engine as `engine`, table_collation as `collation` from information_schema.tables where table_schema = 'chapchap' and table_type in ('BASE TABLE', 'SYSTEM VERSIONED') order by table_name)

  at /var/www/html/chapchap/vendor/laravel/framework/src/Illuminate/Database/Connection.php:829
    825▕                     $this->getName(), $query, $this->prepareBindings($bindings), $e
    826▕                 );
    827▕             }
    828▕ 
  ➜ 829▕             throw new QueryException(
    830▕                 $this->getName(), $query, $this->prepareBindings($bindings), $e
    831▕             );
    832▕         }
    833▕     }

  1   [internal]:0
      Illuminate\Foundation\Application::Illuminate\Foundation\{closure}()
      [2m+19 vendor frames [22m

  21  /var/www/html/chapchap/app/Providers/AppServiceProvider.php:51
      Illuminate\Support\Facades\Facade::__callStatic()


   Illuminate\Database\QueryException 

  SQLSTATE[HY000] [2002] Connection refused (Connection: mysql, SQL: select table_name as `name`, (data_length + index_length) as `size`, table_comment as `comment`, engine as `engine`, table_collation as `collation` from information_schema.tables where table_schema = 'chapchap' and table_type in ('BASE TABLE', 'SYSTEM VERSIONED') order by table_name)

  at /var/www/html/chapchap/vendor/laravel/framework/src/Illuminate/Database/Connection.php:829
    825▕                     $this->getName(), $query, $this->prepareBindings($bindings), $e
    826▕                 );
    827▕             }
    828▕ 
  ➜ 829▕             throw new QueryException(
    830▕                 $this->getName(), $query, $this->prepareBindings($bindings), $e
    831▕             );
    832▕         }
    833▕     }

  1   [internal]:0
      Illuminate\Foundation\Application::Illuminate\Foundation\{closure}()
      [2m+19 vendor frames [22m

  21  /var/www/html/chapchap/app/Providers/AppServiceProvider.php:51
      Illuminate\Support\Facades\Facade::__callStatic()


   Illuminate\Database\QueryException 

  SQLSTATE[HY000] [2002] Connection refused (Connection: mysql, SQL: select table_name as `name`, (data_length + index_length) as `size`, table_comment as `comment`, engine as `engine`, table_collation as `collation` from information_schema.tables where table_schema = 'chapchap' and table_type in ('BASE TABLE', 'SYSTEM VERSIONED') order by table_name)

  at /var/www/html/chapchap/vendor/laravel/framework/src/Illuminate/Database/Connection.php:829

   Illuminate\Database\QueryException 

  SQLSTATE[HY000] [2002] Connection refused (Connection: mysql, SQL: select table_name as `name`, (data_length + index_length) as `size`, table_comment as `comment`, engine as `engine`, table_collation as `collation` from information_schema.tables where table_schema = 'chapchap' and table_type in ('BASE TABLE', 'SYSTEM VERSIONED') order by table_name)

  at /var/www/html/chapchap/vendor/laravel/framework/src/Illuminate/Database/Connection.php:829
    825▕                     $this->getName(), $query, $this->prepareBindings($bindings), $e
    826▕                 );
    827▕             }
    828▕ 
  ➜ 829▕             throw new QueryException(
    830▕                 $this->getName(), $query, $this->prepareBindings($bindings), $e
    831▕             );
    832▕         }
    833▕     }

  1   [internal]:0
      Illuminate\Foundation\Application::Illuminate\Foundation\{closure}()
      [2m+19 vendor frames [22m

  21  /var/www/html/chapchap/app/Providers/AppServiceProvider.php:51
      Illuminate\Support\Facades\Facade::__callStatic()

    825▕                     $this->getName(), $query, $this->prepareBindings($bindings), $e
    826▕                 );
    827▕             }
    828▕ 
  ➜ 829▕             throw new QueryException(
    830▕                 $this->getName(), $query, $this->prepareBindings($bindings), $e
    831▕             );
    832▕         }
    833▕     }

  1   [internal]:0
      Illuminate\Foundation\Application::Illuminate\Foundation\{closure}()
      [2m+19 vendor frames [22m

  21  /var/www/html/chapchap/app/Providers/AppServiceProvider.php:51
      Illuminate\Support\Facades\Facade::__callStatic()


   Illuminate\Database\QueryException 

  SQLSTATE[HY000] [2002] Connection refused (Connection: mysql, SQL: select table_name as `name`, (data_length + index_length) as `size`, table_comment as `comment`, engine as `engine`, table_collation as `collation` from information_schema.tables where table_schema = 'chapchap' and table_type in ('BASE TABLE', 'SYSTEM VERSIONED') order by table_name)

  at /var/www/html/chapchap/vendor/laravel/framework/src/Illuminate/Database/Connection.php:829
    825▕                     $this->getName(), $query, $this->prepareBindings($bindings), $e
    826▕                 );
    827▕             }
    828▕ 
  ➜ 829▕             throw new QueryException(
    830▕                 $this->getName(), $query, $this->prepareBindings($bindings), $e
    831▕             );
    832▕         }
    833▕     }

  1   [internal]:0
      Illuminate\Foundation\Application::Illuminate\Foundation\{closure}()
      [2m+19 vendor frames [22m

  21  /var/www/html/chapchap/app/Providers/AppServiceProvider.php:51
      Illuminate\Support\Facades\Facade::__callStatic()


   Illuminate\Database\QueryException 

  SQLSTATE[HY000] [2002] Connection refused (Connection: mysql, SQL: select table_name as `name`, (data_length + index_length) as `size`, table_comment as `comment`, engine as `engine`, table_collation as `collation` from information_schema.tables where table_schema = 'chapchap' and table_type in ('BASE TABLE', 'SYSTEM VERSIONED') order by table_name)

  at /var/www/html/chapchap/vendor/laravel/framework/src/Illuminate/Database/Connection.php:829
    825▕                     $this->getName(), $query, $this->prepareBindings($bindings), $e
    826▕                 );
    827▕             }
    828▕ 
  ➜ 829▕             throw new QueryException(
    830▕                 $this->getName(), $query, $this->prepareBindings($bindings), $e
    831▕             );
    832▕         }
    833▕     }

  1   [internal]:0
      Illuminate\Foundation\Application::Illuminate\Foundation\{closure}()
      [2m+19 vendor frames [22m

  21  /var/www/html/chapchap/app/Providers/AppServiceProvider.php:51
      Illuminate\Support\Facades\Facade::__callStatic()


   Illuminate\Database\QueryException 

  SQLSTATE[HY000] [2002] Connection refused (Connection: mysql, SQL: select table_name as `name`, (data_length + index_length) as `size`, table_comment as `comment`, engine as `engine`, table_collation as `collation` from information_schema.tables where table_schema = 'chapchap' and table_type in ('BASE TABLE', 'SYSTEM VERSIONED') order by table_name)

  at /var/www/html/chapchap/vendor/laravel/framework/src/Illuminate/Database/Connection.php:829
    825▕                     $this->getName(), $query, $this->prepareBindings($bindings), $e
    826▕                 );
    827▕             }
    828▕ 
  ➜ 829▕             throw new QueryException(
    830▕                 $this->getName(), $query, $this->prepareBindings($bindings), $e
    831▕             );
    832▕         }
    833▕     }

  1   [internal]:0
      Illuminate\Foundation\Application::Illuminate\Foundation\{closure}()
      [2m+19 vendor frames [22m

  21  /var/www/html/chapchap/app/Providers/AppServiceProvider.php:51
      Illuminate\Support\Facades\Facade::__callStatic()


   Illuminate\Database\QueryException 

  SQLSTATE[HY000] [2002] Connection refused (Connection: mysql, SQL: select table_name as `name`, (data_length + index_length) as `size`, table_comment as `comment`, engine as `engine`, table_collation as `collation` from information_schema.tables where table_schema = 'chapchap' and table_type in ('BASE TABLE', 'SYSTEM VERSIONED') order by table_name)

  at /var/www/html/chapchap/vendor/laravel/framework/src/Illuminate/Database/Connection.php:829
    825▕                     $this->getName(), $query, $this->prepareBindings($bindings), $e
    826▕                 );
    827▕             }
    828▕ 
  ➜ 829▕             throw new QueryException(
    830▕                 $this->getName(), $query, $this->prepareBindings($bindings), $e
    831▕             );
    832▕         }
    833▕     }

  1   [internal]:0
      Illuminate\Foundation\Application::Illuminate\Foundation\{closure}()
      [2m+19 vendor frames [22m

  21  /var/www/html/chapchap/app/Providers/AppServiceProvider.php:51
      Illuminate\Support\Facades\Facade::__callStatic()


   Illuminate\Database\QueryException 

  SQLSTATE[HY000] [2002] Connection refused (Connection: mysql, SQL: select table_name as `name`, (data_length + index_length) as `size`, table_comment as `comment`, engine as `engine`, table_collation as `collation` from information_schema.tables where table_schema = 'chapchap' and table_type in ('BASE TABLE', 'SYSTEM VERSIONED') order by table_name)

  at /var/www/html/chapchap/vendor/laravel/framework/src/Illuminate/Database/Connection.php:829
    825▕                     $this->getName(), $query, $this->prepareBindings($bindings), $e
    826▕                 );
    827▕             }
    828▕ 
  ➜ 829▕             throw new QueryException(
    830▕                 $this->getName(), $query, $this->prepareBindings($bindings), $e
    831▕             );
    832▕         }
    833▕     }

  1   [internal]:0
      Illuminate\Foundation\Application::Illuminate\Foundation\{closure}()
      [2m+19 vendor frames [22m

  21  /var/www/html/chapchap/app/Providers/AppServiceProvider.php:51
      Illuminate\Support\Facades\Facade::__callStatic()


   Illuminate\Database\QueryException 

  SQLSTATE[HY000] [2002] Connection refused (Connection: mysql, SQL: select table_name as `name`, (data_length + index_length) as `size`, table_comment as `comment`, engine as `engine`, table_collation as `collation` from information_schema.tables where table_schema = 'chapchap' and table_type in ('BASE TABLE', 'SYSTEM VERSIONED') order by table_name)

  at /var/www/html/chapchap/vendor/laravel/framework/src/Illuminate/Database/Connection.php:829
    825▕                     $this->getName(), $query, $this->prepareBindings($bindings), $e
    826▕                 );
    827▕             }
    828▕ 
  ➜ 829▕             throw new QueryException(
    830▕                 $this->getName(), $query, $this->prepareBindings($bindings), $e
    831▕             );
    832▕         }
    833▕     }

  1   [internal]:0
      Illuminate\Foundation\Application::Illuminate\Foundation\{closure}()
      [2m+19 vendor frames [22m

  21  /var/www/html/chapchap/app/Providers/AppServiceProvider.php:51
      Illuminate\Support\Facades\Facade::__callStatic()


   Illuminate\Database\QueryException 

  SQLSTATE[HY000] [2002] Connection refused (Connection: mysql, SQL: select table_name as `name`, (data_length + index_length) as `size`, table_comment as `comment`, engine as `engine`, table_collation as `collation` from information_schema.tables where table_schema = 'chapchap' and table_type in ('BASE TABLE', 'SYSTEM VERSIONED') order by table_name)

  at /var/www/html/chapchap/vendor/laravel/framework/src/Illuminate/Database/Connection.php:829
    825▕                     $this->getName(), $query, $this->prepareBindings($bindings), $e
    826▕                 );
    827▕             }
    828▕ 
  ➜ 829▕             throw new QueryException(
    830▕                 $this->getName(), $query, $this->prepareBindings($bindings), $e
    831▕             );
    832▕         }
    833▕     }

  1   [internal]:0
      Illuminate\Foundation\Application::Illuminate\Foundation\{closure}()
      [2m+19 vendor frames [22m

  21  /var/www/html/chapchap/app/Providers/AppServiceProvider.php:51
      Illuminate\Support\Facades\Facade::__callStatic()


   Illuminate\Database\QueryException 

  SQLSTATE[HY000] [2002] Connection refused (Connection: mysql, SQL: select table_name as `name`, (data_length + index_length) as `size`, table_comment as `comment`, engine as `engine`, table_collation as `collation` from information_schema.tables where table_schema = 'chapchap' and table_type in ('BASE TABLE', 'SYSTEM VERSIONED') order by table_name)

  at /var/www/html/chapchap/vendor/laravel/framework/src/Illuminate/Database/Connection.php:829
    825▕                     $this->getName(), $query, $this->prepareBindings($bindings), $e
    826▕                 );
    827▕             }
    828▕ 
  ➜ 829▕             throw new QueryException(
    830▕                 $this->getName(), $query, $this->prepareBindings($bindings), $e
    831▕             );
    832▕         }
    833▕     }

  1   [internal]:0
      Illuminate\Foundation\Application::Illuminate\Foundation\{closure}()
      [2m+19 vendor frames [22m

  21  /var/www/html/chapchap/app/Providers/AppServiceProvider.php:51
      Illuminate\Support\Facades\Facade::__callStatic()


   Illuminate\Database\QueryException 

  SQLSTATE[HY000] [2002] Connection refused (Connection: mysql, SQL: select table_name as `name`, (data_length + index_length) as `size`, table_comment as `comment`, engine as `engine`, table_collation as `collation` from information_schema.tables where table_schema = 'chapchap' and table_type in ('BASE TABLE', 'SYSTEM VERSIONED') order by table_name)

  at /var/www/html/chapchap/vendor/laravel/framework/src/Illuminate/Database/Connection.php:829
    825▕                     $this->getName(), $query, $this->prepareBindings($bindings), $e
    826▕                 );
    827▕             }
    828▕ 
  ➜ 829▕             throw new QueryException(
    830▕                 $this->getName(), $query, $this->prepareBindings($bindings), $e
    831▕             );
    832▕         }
    833▕     }

  1   [internal]:0
      Illuminate\Foundation\Application::Illuminate\Foundation\{closure}()
      [2m+19 vendor frames [22m

  21  /var/www/html/chapchap/app/Providers/AppServiceProvider.php:51
      Illuminate\Support\Facades\Facade::__callStatic()


   Illuminate\Database\QueryException 

  SQLSTATE[HY000] [2002] Connection refused (Connection: mysql, SQL: select table_name as `name`, (data_length + index_length) as `size`, table_comment as `comment`, engine as `engine`, table_collation as `collation` from information_schema.tables where table_schema = 'chapchap' and table_type in ('BASE TABLE', 'SYSTEM VERSIONED') order by table_name)

  at /var/www/html/chapchap/vendor/laravel/framework/src/Illuminate/Database/Connection.php:829
    825▕                     $this->getName(), $query, $this->prepareBindings($bindings), $e
    826▕                 );
    827▕             }
    828▕ 
  ➜ 829▕             throw new QueryException(
    830▕                 $this->getName(), $query, $this->prepareBindings($bindings), $e
    831▕             );
    832▕         }
    833▕     }

  1   [internal]:0
      Illuminate\Foundation\Application::Illuminate\Foundation\{closure}()
      [2m+19 vendor frames [22m

  21  /var/www/html/chapchap/app/Providers/AppServiceProvider.php:51
      Illuminate\Support\Facades\Facade::__callStatic()

  2025-11-25 06:26:21 App\Jobs\ValidateAndGeneratePeakZone ........... RUNNING
  2025-11-25 06:26:21 App\Jobs\Notifications\SendPushNotification .... RUNNING
  2025-11-25 06:26:21 App\Jobs\ValidateAndGeneratePeakZone ..... 168.78ms DONE
  2025-11-25 06:26:21 App\Jobs\ValidateAndGeneratePeakZone ........... RUNNING
  2025-11-25 06:26:21 App\Jobs\Notifications\SendPushNotification  41.33ms DONE
  2025-11-25 06:26:21 App\Jobs\Notifications\SendPushNotification .... RUNNING
  2025-11-25 06:26:21 App\Jobs\ValidateAndGeneratePeakZone ...... 43.82ms DONE
  2025-11-25 06:26:21 App\Jobs\Notifications\SendPushNotification  28.13ms DONE
  2025-11-25 06:26:21 App\Jobs\Notifications\SendPushNotification .... RUNNING
  2025-11-25 06:26:21 App\Jobs\Notifications\SendPushNotification .... RUNNING
  2025-11-25 06:26:21 App\Jobs\Notifications\SendPushNotification  17.70ms DONE
  2025-11-25 06:26:21 App\Jobs\ValidateAndUpdateIncentivesJob ........ RUNNING
  2025-11-25 06:26:21 App\Jobs\Notifications\SendPushNotification  71.72ms DONE
  2025-11-25 06:26:21 App\Jobs\ValidateAndUpdateDriverLoyaltyJob ..... RUNNING
  2025-11-25 06:26:21 App\Jobs\Mails\SendUserInvoiceMailNotification . RUNNING
  2025-11-25 06:26:21 App\Jobs\Notifications\SendPushNotification .... RUNNING
  2025-11-25 06:26:21 App\Jobs\ValidateAndUpdateIncentivesJob .. 179.00ms DONE
  2025-11-25 06:26:21 App\Jobs\Mails\SendDriverInvoiceMailNotification  RUNNING
  2025-11-25 06:26:21 App\Jobs\Notifications\SendPushNotification  66.24ms DONE
  2025-11-25 06:26:21 App\Jobs\Notifications\SendPushNotification .... RUNNING
  2025-11-25 06:26:21 App\Jobs\ValidateAndUpdateDriverLoyaltyJob  205.55ms DONE
  2025-11-25 06:26:21 App\Jobs\Notifications\SendPushNotification  22.63ms DONE
  2025-11-25 06:26:21 App\Jobs\Notifications\SendPushNotification .... RUNNING
  2025-11-25 06:26:21 App\Jobs\Notifications\SendPushNotification .... RUNNING
  2025-11-25 06:26:21 App\Jobs\Notifications\SendPushNotification .... RUNNING
  2025-11-25 06:26:21 App\Jobs\Notifications\SendPushNotification  16.96ms DONE
  2025-11-25 06:26:21 App\Jobs\Notifications\SendPushNotification .... RUNNING
  2025-11-25 06:26:21 App\Jobs\Notifications\AndroidPushNotification . RUNNING
  2025-11-25 06:26:21 App\Jobs\Notifications\SendPushNotification  33.69ms DONE
  2025-11-25 06:26:21 App\Jobs\Notifications\SendPushNotification  45.49ms DONE
  2025-11-25 06:26:21 App\Jobs\Notifications\AndroidPushNotification . RUNNING
  2025-11-25 06:26:21 App\Jobs\Notifications\AndroidPushNotification . RUNNING
  2025-11-25 06:26:21 App\Jobs\Notifications\AndroidPushNotification . RUNNING
  2025-11-25 06:26:21 App\Jobs\Notifications\SendPushNotification  67.78ms DONE
  2025-11-25 06:26:21 App\Jobs\Notifications\AndroidPushNotification . RUNNING
  2025-11-25 06:26:21 App\Jobs\Notifications\AndroidPushNotification . RUNNING
  2025-11-25 06:26:21 App\Jobs\Notifications\AndroidPushNotification  143.45ms DONE
  2025-11-25 06:26:21 App\Jobs\Notifications\AndroidPushNotification  128.75ms DONE
  2025-11-25 06:26:21 App\Jobs\Notifications\AndroidPushNotification  119.82ms DONE
  2025-11-25 06:26:21 App\Jobs\Notifications\AndroidPushNotification  80.96ms DONE
  2025-11-25 06:26:21 App\Jobs\Notifications\AndroidPushNotification . RUNNING
  2025-11-25 06:26:21 App\Jobs\Notifications\AndroidPushNotification . RUNNING
  2025-11-25 06:26:21 App\Jobs\Notifications\AndroidPushNotification . RUNNING
  2025-11-25 06:26:21 App\Jobs\Notifications\AndroidPushNotification . RUNNING
  2025-11-25 06:26:21 App\Jobs\Notifications\AndroidPushNotification  31.75ms DONE
  2025-11-25 06:26:21 App\Jobs\Notifications\AndroidPushNotification  124.31ms DONE
  2025-11-25 06:26:21 App\Jobs\Notifications\AndroidPushNotification  38.92ms DONE
  2025-11-25 06:26:21 App\Jobs\Notifications\AndroidPushNotification  159.48ms DONE
  2025-11-25 06:26:21 App\Jobs\Notifications\AndroidPushNotification  57.90ms DONE
  2025-11-25 06:26:21 App\Jobs\Notifications\AndroidPushNotification  62.48ms DONE
  2025-11-25 06:26:22 App\Jobs\Mails\SendDriverInvoiceMailNotification  611.00ms DONE
  2025-11-25 06:26:22 App\Jobs\Mails\SendUserInvoiceMailNotification  811.61ms DONE
  2025-11-25 09:48:34 App\Jobs\ValidateAndGeneratePeakZone ........... RUNNING
  2025-11-25 09:48:34 App\Jobs\ValidateAndGeneratePeakZone ..... 195.97ms DONE
  2025-11-25 14:10:23 App\Jobs\Mails\SendUserRegistationMailNotification  RUNNING
  2025-11-25 14:10:24 App\Jobs\Mails\SendUserRegistationMailNotification  750.97ms DONE
  2025-11-25 20:42:37 App\Jobs\ValidateAndGeneratePeakZone ........... RUNNING
  2025-11-25 20:42:37 App\Jobs\ValidateAndGeneratePeakZone ..... 221.79ms DONE
  2025-11-26 09:28:09 App\Jobs\ValidateAndGeneratePeakZone ........... RUNNING
  2025-11-26 09:28:09 App\Jobs\Notifications\SendPushNotification .... RUNNING
  2025-11-26 09:28:09 App\Jobs\ValidateAndGeneratePeakZone ...... 83.71ms DONE
  2025-11-26 09:28:09 App\Jobs\Notifications\SendPushNotification  174.86ms DONE
  2025-11-26 09:28:09 App\Jobs\Notifications\AndroidPushNotification . RUNNING
  2025-11-26 09:28:09 App\Jobs\Notifications\AndroidPushNotification  214.56ms DONE
  2025-11-26 09:28:18 App\Jobs\Notifications\SendPushNotification .... RUNNING
  2025-11-26 09:28:18 App\Jobs\Notifications\SendPushNotification  52.63ms DONE
  2025-11-26 09:28:18 App\Jobs\Notifications\AndroidPushNotification . RUNNING
  2025-11-26 09:28:18 App\Jobs\Notifications\AndroidPushNotification  567.48ms DONE
  2025-11-26 09:28:28 App\Jobs\Notifications\SendPushNotification .... RUNNING
  2025-11-26 09:28:28 App\Jobs\Notifications\SendPushNotification  93.14ms DONE
  2025-11-26 09:28:28 App\Jobs\Notifications\AndroidPushNotification . RUNNING
  2025-11-26 09:28:29 App\Jobs\Notifications\AndroidPushNotification  527.24ms DONE
  2025-11-26 09:28:51 App\Jobs\Notifications\SendPushNotification .... RUNNING
  2025-11-26 09:28:51 App\Jobs\Notifications\SendPushNotification  92.29ms DONE
  2025-11-26 09:28:51 App\Jobs\Notifications\AndroidPushNotification . RUNNING
  2025-11-26 09:28:51 App\Jobs\Notifications\AndroidPushNotification  502.70ms DONE
  2025-11-26 09:29:12 App\Jobs\ValidateAndUpdateIncentivesJob ........ RUNNING
  2025-11-26 09:29:12 App\Jobs\ValidateAndUpdateDriverLoyaltyJob  2025-11-26 09:29:12 App\Jobs\Mails\SendUserInvoiceMailNotification ..... RUNNING
 . RUNNING
  2025-11-26 09:29:12 App\Jobs\ValidateAndUpdateIncentivesJob ... 76.94ms DONE
  2025-11-26 09:29:12 App\Jobs\Notifications\SendPushNotification .... RUNNING
  2025-11-26 09:29:12 App\Jobs\Notifications\SendPushNotification  13.89ms DONE
  2025-11-26 09:29:12 App\Jobs\Mails\SendDriverInvoiceMailNotification  RUNNING
  2025-11-26 09:29:12 App\Jobs\ValidateAndUpdateDriverLoyaltyJob  192.46ms DONE
  2025-11-26 09:29:12 App\Jobs\Notifications\AndroidPushNotification . RUNNING
  2025-11-26 09:29:13 App\Jobs\Mails\SendDriverInvoiceMailNotification  473.31ms DONE
  2025-11-26 09:29:13 App\Jobs\Notifications\AndroidPushNotification  420.86ms DONE
  2025-11-26 09:29:13 App\Jobs\Mails\SendUserInvoiceMailNotification  684.61ms DONE
  2025-11-26 09:42:46 App\Jobs\Notifications\SendPushNotification .... RUNNING
  2025-11-26 09:42:46 App\Jobs\Notifications\SendPushNotification  10.87ms DONE
  2025-11-26 09:42:46 App\Jobs\Notifications\AndroidPushNotification . RUNNING
  2025-11-26 09:42:46 App\Jobs\Notifications\AndroidPushNotification  52.22ms DONE
  2025-11-26 09:43:02 App\Jobs\Notifications\SendPushNotification .... RUNNING
  2025-11-26 09:43:02 App\Jobs\Notifications\SendPushNotification  12.25ms DONE
  2025-11-26 09:43:02 App\Jobs\Notifications\AndroidPushNotification . RUNNING
  2025-11-26 09:43:03 App\Jobs\Notifications\AndroidPushNotification  464.83ms DONE
  2025-11-26 11:50:13 App\Jobs\Notifications\SendPushNotification .... RUNNING
  2025-11-26 11:50:13 App\Jobs\Notifications\SendPushNotification  59.93ms DONE
  2025-11-26 11:50:13 App\Jobs\Notifications\AndroidPushNotification . RUNNING
  2025-11-26 11:50:13 App\Jobs\Notifications\AndroidPushNotification  487.90ms DONE
  2025-11-26 12:31:04 App\Jobs\Notifications\SendPushNotification .... RUNNING
  2025-11-26 12:31:04 App\Jobs\Notifications\SendPushNotification  96.24ms DONE
  2025-11-26 12:31:04 App\Jobs\Notifications\AndroidPushNotification . RUNNING
  2025-11-26 12:31:05 App\Jobs\Notifications\AndroidPushNotification  231.99ms DONE
  2025-11-26 12:31:23 App\Jobs\Notifications\SendPushNotification .... RUNNING
  2025-11-26 12:31:23 App\Jobs\Notifications\SendPushNotification  11.71ms DONE
  2025-11-26 12:31:23 App\Jobs\Notifications\AndroidPushNotification . RUNNING
  2025-11-26 12:31:23 App\Jobs\Notifications\AndroidPushNotification  24.74ms DONE
  2025-11-26 12:31:29 App\Jobs\Notifications\SendPushNotification .... RUNNING
  2025-11-26 12:31:29 App\Jobs\Notifications\SendPushNotification  8.58ms DONE
  2025-11-26 12:31:29 App\Jobs\Notifications\AndroidPushNotification . RUNNING
  2025-11-26 12:31:29 App\Jobs\Notifications\AndroidPushNotification  438.25ms DONE
  2025-11-26 12:37:03 App\Jobs\Notifications\SendPushNotification .... RUNNING
  2025-11-26 12:37:03 App\Jobs\Notifications\SendPushNotification  237.35ms DONE
  2025-11-26 12:37:03 App\Jobs\Notifications\AndroidPushNotification . RUNNING
  2025-11-26 12:37:04 App\Jobs\Notifications\AndroidPushNotification  542.34ms DONE
  2025-11-26 12:38:04 App\Jobs\Notifications\SendPushNotification .... RUNNING
  2025-11-26 12:38:04 App\Jobs\Notifications\SendPushNotification  20.28ms DONE
  2025-11-26 12:38:04 App\Jobs\Notifications\AndroidPushNotification . RUNNING
  2025-11-26 12:38:04 App\Jobs\Notifications\AndroidPushNotification  175.52ms DONE
  2025-11-26 13:02:03 App\Jobs\Notifications\SendPushNotification .... RUNNING
  2025-11-26 13:02:03 App\Jobs\Notifications\SendPushNotification  11.58ms DONE
  2025-11-26 13:02:03 App\Jobs\Notifications\AndroidPushNotification . RUNNING
  2025-11-26 13:02:04 App\Jobs\Notifications\AndroidPushNotification  112.82ms DONE
  2025-11-26 13:05:11 App\Jobs\ValidateAndUpdateIncentivesJob ........ RUNNING
  2025-11-26 13:05:12 App\Jobs\ValidateAndUpdateIncentivesJob .. 109.51ms DONE
  2025-11-26 13:05:12 App\Jobs\ValidateAndUpdateDriverLoyaltyJob ..... RUNNING
  2025-11-26 13:05:12 App\Jobs\ValidateAndUpdateDriverLoyaltyJob  34.22ms DONE
  2025-11-26 13:05:12 App\Jobs\Mails\SendUserInvoiceMailNotification . RUNNING
  2025-11-26 13:05:12 App\Jobs\Mails\SendUserInvoiceMailNotification  549.60ms DONE
  2025-11-26 13:05:12 App\Jobs\Notifications\SendPushNotification .... RUNNING
  2025-11-26 13:05:12 App\Jobs\Notifications\SendPushNotification  10.15ms DONE
  2025-11-26 13:05:12 App\Jobs\Mails\SendDriverInvoiceMailNotification  RUNNING
  2025-11-26 13:05:12 App\Jobs\Mails\SendDriverInvoiceMailNotification  226.32ms DONE
  2025-11-26 13:05:12 App\Jobs\Notifications\AndroidPushNotification . RUNNING
  2025-11-26 13:05:13 App\Jobs\Notifications\AndroidPushNotification  105.00ms DONE
  2025-11-26 13:08:10 App\Jobs\ValidateAndGeneratePeakZone ........... RUNNING
  2025-11-26 13:08:10 App\Jobs\ValidateAndGeneratePeakZone ....... 9.95ms DONE
  2025-11-26 13:08:44 App\Jobs\Notifications\SendPushNotification .... RUNNING
  2025-11-26 13:08:44 App\Jobs\Notifications\SendPushNotification  8.12ms DONE
  2025-11-26 13:08:44 App\Jobs\Notifications\AndroidPushNotification . RUNNING
  2025-11-26 13:08:44 App\Jobs\Notifications\AndroidPushNotification  105.36ms DONE
  2025-11-26 13:13:55 App\Jobs\ValidateAndGeneratePeakZone ........... RUNNING
  2025-11-26 13:13:55 App\Jobs\ValidateAndGeneratePeakZone ....... 5.65ms DONE
  2025-11-26 13:21:04 App\Jobs\Notifications\SendPushNotification .... RUNNING
  2025-11-26 13:21:04 App\Jobs\Notifications\SendPushNotification  12.47ms DONE
  2025-11-26 13:21:04 App\Jobs\Notifications\AndroidPushNotification . RUNNING
  2025-11-26 13:21:04 App\Jobs\Notifications\AndroidPushNotification  90.60ms DONE
  2025-11-26 13:29:20 App\Jobs\Notifications\SendPushNotification .... RUNNING
  2025-11-26 13:29:20 App\Jobs\Notifications\SendPushNotification  8.55ms DONE
  2025-11-26 13:29:20 App\Jobs\Notifications\AndroidPushNotification . RUNNING
  2025-11-26 13:29:20 App\Jobs\Notifications\AndroidPushNotification  288.28ms DONE
  2025-11-26 13:31:11 App\Jobs\Notifications\SendPushNotification .... RUNNING
  2025-11-26 13:31:11 App\Jobs\Notifications\SendPushNotification  11.32ms DONE
  2025-11-26 13:31:11 App\Jobs\Notifications\AndroidPushNotification . RUNNING
  2025-11-26 13:31:11 App\Jobs\Notifications\AndroidPushNotification  47.14ms DONE
  2025-11-26 13:31:14 App\Jobs\Notifications\SendPushNotification .... RUNNING
  2025-11-26 13:31:14 App\Jobs\Notifications\SendPushNotification  8.63ms DONE
  2025-11-26 13:31:14 App\Jobs\Notifications\AndroidPushNotification . RUNNING
  2025-11-26 13:31:14 App\Jobs\Notifications\AndroidPushNotification  274.80ms DONE
  2025-11-26 19:09:08 App\Jobs\Mails\SendUserRegistationMailNotification  RUNNING
  2025-11-26 19:09:09 App\Jobs\Mails\SendUserRegistationMailNotification  726.19ms DONE
  2025-11-28 12:37:03 App\Jobs\Notifications\SendPushNotification .... RUNNING
  2025-11-28 12:37:03 App\Jobs\Notifications\SendPushNotification  152.77ms DONE
  2025-11-28 12:37:04 App\Jobs\Notifications\AndroidPushNotification . RUNNING
  2025-11-28 12:37:04 App\Jobs\Notifications\AndroidPushNotification  254.65ms DONE
  2025-11-28 12:40:03 App\Jobs\Notifications\SendPushNotification .... RUNNING
  2025-11-28 12:40:04 App\Jobs\Notifications\SendPushNotification  296.97ms DONE
  2025-11-28 12:40:04 App\Jobs\Notifications\AndroidPushNotification . RUNNING
  2025-11-28 12:40:04 App\Jobs\Notifications\AndroidPushNotification  663.54ms DONE
  2025-11-28 21:42:41 App\Jobs\Notifications\SendPushNotification .... RUNNING
  2025-11-28 21:42:41 App\Jobs\Notifications\SendPushNotification  123.16ms DONE
  2025-11-28 21:42:41 App\Jobs\Notifications\AndroidPushNotification . RUNNING
  2025-11-28 21:42:42 App\Jobs\Notifications\AndroidPushNotification  200.39ms DONE
  2025-11-28 21:42:45 App\Jobs\Notifications\SendPushNotification .... RUNNING
  2025-11-28 21:42:45 App\Jobs\Notifications\SendPushNotification  92.26ms DONE
  2025-11-28 21:42:45 App\Jobs\Notifications\AndroidPushNotification . RUNNING
  2025-11-28 21:42:45 App\Jobs\Notifications\AndroidPushNotification  433.21ms DONE
  2025-11-28 21:44:00 App\Jobs\Notifications\SendPushNotification .... RUNNING
  2025-11-28 21:44:00 App\Jobs\Notifications\SendPushNotification  14.50ms DONE
  2025-11-28 21:44:00 App\Jobs\Notifications\AndroidPushNotification . RUNNING
  2025-11-28 21:44:00 App\Jobs\Notifications\AndroidPushNotification  53.13ms DONE
  2025-11-28 21:45:46 App\Jobs\Notifications\SendPushNotification .... RUNNING
  2025-11-28 21:45:46 App\Jobs\Notifications\SendPushNotification  87.43ms DONE
  2025-11-28 21:45:46 App\Jobs\Notifications\AndroidPushNotification . RUNNING
  2025-11-28 21:45:46 App\Jobs\Notifications\AndroidPushNotification  169.08ms DONE
  2025-11-28 21:45:57 App\Jobs\Notifications\SendPushNotification .... RUNNING
  2025-11-28 21:45:57 App\Jobs\Notifications\SendPushNotification  9.13ms DONE
  2025-11-28 21:45:57 App\Jobs\Notifications\AndroidPushNotification . RUNNING
  2025-11-28 21:45:57 App\Jobs\Notifications\AndroidPushNotification  426.20ms DONE
  2025-11-28 21:46:04 App\Jobs\Notifications\SendPushNotification .... RUNNING
  2025-11-28 21:46:04 App\Jobs\Notifications\SendPushNotification  107.83ms DONE
  2025-11-28 21:46:04 App\Jobs\Notifications\AndroidPushNotification . RUNNING
  2025-11-28 21:46:05 App\Jobs\Notifications\AndroidPushNotification  467.90ms DONE
  2025-11-28 21:50:05 App\Jobs\Notifications\SendPushNotification .... RUNNING
  2025-11-28 21:50:05 App\Jobs\Notifications\SendPushNotification  178.66ms DONE
  2025-11-28 21:50:05 App\Jobs\Notifications\AndroidPushNotification . RUNNING
  2025-11-28 21:50:08 App\Jobs\Notifications\AndroidPushNotification . 3s DONE
  2025-11-28 21:51:04 App\Jobs\Notifications\SendPushNotification .... RUNNING
  2025-11-28 21:51:04 App\Jobs\Notifications\SendPushNotification  11.24ms DONE
  2025-11-28 21:51:04 App\Jobs\Notifications\AndroidPushNotification . RUNNING
  2025-11-28 21:51:04 App\Jobs\Notifications\AndroidPushNotification  49.96ms DONE
  2025-11-28 21:51:07 App\Jobs\Notifications\SendPushNotification .... RUNNING
  2025-11-28 21:51:07 App\Jobs\Notifications\SendPushNotification  8.00ms DONE
  2025-11-28 21:51:07 App\Jobs\Notifications\AndroidPushNotification . RUNNING
  2025-11-28 21:51:07 App\Jobs\Notifications\AndroidPushNotification  427.80ms DONE
  2025-11-28 21:59:46 App\Jobs\Notifications\SendPushNotification .... RUNNING
  2025-11-28 21:59:46 App\Jobs\Notifications\SendPushNotification  10.24ms DONE
  2025-11-28 21:59:46 App\Jobs\Notifications\AndroidPushNotification . RUNNING
  2025-11-28 21:59:46 App\Jobs\Notifications\AndroidPushNotification  59.11ms DONE
  2025-11-28 21:59:52 App\Jobs\Notifications\SendPushNotification .... RUNNING
  2025-11-28 21:59:52 App\Jobs\Notifications\SendPushNotification  20.78ms DONE
  2025-11-28 21:59:52 App\Jobs\Notifications\AndroidPushNotification . RUNNING
  2025-11-28 21:59:53 App\Jobs\Notifications\AndroidPushNotification  348.30ms DONE
  2025-11-28 22:00:08 App\Jobs\Notifications\SendPushNotification .... RUNNING
  2025-11-28 22:00:08 App\Jobs\Notifications\SendPushNotification  265.49ms DONE
  2025-11-28 22:00:08 App\Jobs\Notifications\AndroidPushNotification . RUNNING
  2025-11-28 22:00:09 App\Jobs\Notifications\AndroidPushNotification  641.40ms DONE
  2025-11-28 22:00:43 App\Jobs\Notifications\SendPushNotification .... RUNNING
  2025-11-28 22:00:43 App\Jobs\Notifications\SendPushNotification  12.33ms DONE
  2025-11-28 22:00:43 App\Jobs\Notifications\AndroidPushNotification . RUNNING
  2025-11-28 22:00:43 App\Jobs\Notifications\AndroidPushNotification  40.97ms DONE
  2025-11-28 22:00:49 App\Jobs\Notifications\SendPushNotification .... RUNNING
  2025-11-28 22:00:49 App\Jobs\Notifications\SendPushNotification  8.81ms DONE
  2025-11-28 22:00:49 App\Jobs\Notifications\AndroidPushNotification . RUNNING
  2025-11-28 22:00:50 App\Jobs\Notifications\AndroidPushNotification  390.49ms DONE
  2025-11-28 22:19:28 App\Jobs\Notifications\SendPushNotification .... RUNNING
  2025-11-28 22:19:28 App\Jobs\Notifications\SendPushNotification  20.95ms DONE
  2025-11-28 22:19:28 App\Jobs\Notifications\AndroidPushNotification . RUNNING
  2025-11-28 22:19:28 App\Jobs\Notifications\AndroidPushNotification  70.89ms DONE
  2025-11-28 22:19:43 App\Jobs\Notifications\SendPushNotification .... RUNNING
  2025-11-28 22:19:43 App\Jobs\Notifications\SendPushNotification  18.86ms DONE
  2025-11-28 22:19:43 App\Jobs\Notifications\AndroidPushNotification . RUNNING
  2025-11-28 22:19:43 App\Jobs\Notifications\AndroidPushNotification  354.40ms DONE
  2025-11-28 22:19:57 App\Jobs\CheckMoovMoneyStatus .................. RUNNING
  2025-11-28 22:19:57 App\Jobs\CheckMoovMoneyStatus ............. 23.33ms DONE
  2025-11-28 22:20:27 App\Jobs\CheckMoovMoneyStatus .................. RUNNING
  2025-11-28 22:20:27 App\Jobs\CheckMoovMoneyStatus .............. 6.79ms DONE
  2025-11-28 22:28:40 App\Jobs\Notifications\SendPushNotification .... RUNNING
  2025-11-28 22:28:41 App\Jobs\Notifications\SendPushNotification  16.84ms DONE
  2025-11-28 22:28:41 App\Jobs\Notifications\AndroidPushNotification . RUNNING
  2025-11-28 22:28:41 App\Jobs\Notifications\AndroidPushNotification  59.84ms DONE
  2025-11-28 22:29:11 App\Jobs\CheckMoovMoneyStatus .................. RUNNING
  2025-11-28 22:29:11 App\Jobs\CheckMoovMoneyStatus ............. 12.28ms DONE
  2025-11-28 22:29:41 App\Jobs\CheckMoovMoneyStatus .................. RUNNING
  2025-11-28 22:29:41 App\Jobs\CheckMoovMoneyStatus .............. 5.51ms DONE
  2025-11-28 22:36:04 App\Jobs\Notifications\SendPushNotification .... RUNNING
  2025-11-28 22:36:04 App\Jobs\Notifications\SendPushNotification  42.85ms DONE
  2025-11-28 22:36:04 App\Jobs\Notifications\AndroidPushNotification . RUNNING
  2025-11-28 22:36:05 App\Jobs\Notifications\AndroidPushNotification  472.78ms DONE
  2025-11-28 22:49:35 App\Jobs\Notifications\SendPushNotification .... RUNNING
  2025-11-28 22:49:35 App\Jobs\Notifications\SendPushNotification  15.90ms DONE
  2025-11-28 22:49:35 App\Jobs\Notifications\AndroidPushNotification . RUNNING
  2025-11-28 22:49:35 App\Jobs\Notifications\AndroidPushNotification  58.49ms DONE
  2025-11-28 22:49:50 App\Jobs\Notifications\SendPushNotification .... RUNNING
  2025-11-28 22:49:50 App\Jobs\Notifications\SendPushNotification  9.35ms DONE
  2025-11-28 22:49:50 App\Jobs\Notifications\AndroidPushNotification . RUNNING
  2025-11-28 22:49:50 App\Jobs\Notifications\AndroidPushNotification  297.43ms DONE
  2025-11-28 22:50:05 App\Jobs\CheckMoovMoneyStatus .................. RUNNING
  2025-11-28 22:50:05 App\Jobs\CheckMoovMoneyStatus ............. 27.01ms DONE
  2025-11-28 22:50:33 App\Jobs\Notifications\SendPushNotification .... RUNNING
  2025-11-28 22:50:33 App\Jobs\Notifications\SendPushNotification  18.29ms DONE
  2025-11-28 22:50:33 App\Jobs\Notifications\AndroidPushNotification . RUNNING
  2025-11-28 22:50:33 App\Jobs\Notifications\AndroidPushNotification  54.25ms DONE
  2025-11-28 22:50:35 App\Jobs\CheckMoovMoneyStatus .................. RUNNING
  2025-11-28 22:50:35 App\Jobs\CheckMoovMoneyStatus .............. 5.17ms DONE
  2025-11-28 22:51:03 App\Jobs\CheckMoovMoneyStatus .................. RUNNING
  2025-11-28 22:51:03 App\Jobs\CheckMoovMoneyStatus ............. 14.75ms DONE
  2025-11-28 22:51:33 App\Jobs\CheckMoovMoneyStatus .................. RUNNING
  2025-11-28 22:51:33 App\Jobs\CheckMoovMoneyStatus .............. 7.61ms DONE
  2025-11-28 22:51:34 App\Jobs\Notifications\SendPushNotification .... RUNNING
  2025-11-28 22:51:34 App\Jobs\Notifications\SendPushNotification  19.58ms DONE
  2025-11-28 22:51:34 App\Jobs\Notifications\AndroidPushNotification . RUNNING
  2025-11-28 22:51:34 App\Jobs\Notifications\AndroidPushNotification  60.84ms DONE
  2025-11-28 22:52:03 App\Jobs\CheckMoovMoneyStatus .................. RUNNING
  2025-11-28 22:52:03 App\Jobs\CheckMoovMoneyStatus ............. 12.58ms DONE
  2025-11-28 22:52:03 App\Jobs\CheckMoovMoneyStatus .................. RUNNING
  2025-11-28 22:52:03 App\Jobs\CheckMoovMoneyStatus .............. 9.88ms DONE
  2025-11-28 22:52:33 App\Jobs\CheckMoovMoneyStatus .................. RUNNING
  2025-11-28 22:52:33 App\Jobs\CheckMoovMoneyStatus .............. 7.14ms DONE
  2025-11-28 22:52:33 App\Jobs\CheckMoovMoneyStatus .................. RUNNING
  2025-11-28 22:52:33 App\Jobs\CheckMoovMoneyStatus .............. 6.77ms DONE
  2025-11-28 22:53:03 App\Jobs\CheckMoovMoneyStatus .................. RUNNING
  2025-11-28 22:53:03 App\Jobs\CheckMoovMoneyStatus ............. 13.12ms DONE
  2025-11-28 22:53:03 App\Jobs\CheckMoovMoneyStatus .................. RUNNING
  2025-11-28 22:53:03 App\Jobs\CheckMoovMoneyStatus ............. 10.70ms DONE
  2025-11-28 22:53:33 App\Jobs\CheckMoovMoneyStatus .................. RUNNING
  2025-11-28 22:53:33 App\Jobs\CheckMoovMoneyStatus ............. 10.79ms DONE
  2025-11-28 22:53:33 App\Jobs\CheckMoovMoneyStatus .................. RUNNING
  2025-11-28 22:53:33 App\Jobs\CheckMoovMoneyStatus .............. 8.84ms DONE
  2025-11-28 22:54:03 App\Jobs\CheckMoovMoneyStatus .................. RUNNING
  2025-11-28 22:54:03 App\Jobs\CheckMoovMoneyStatus .............. 8.19ms DONE
  2025-11-28 22:54:03 App\Jobs\CheckMoovMoneyStatus .................. RUNNING
  2025-11-28 22:54:03 App\Jobs\CheckMoovMoneyStatus .............. 9.99ms DONE
  2025-11-28 22:54:33 App\Jobs\CheckMoovMoneyStatus .................. RUNNING
  2025-11-28 22:54:33 App\Jobs\CheckMoovMoneyStatus .............. 8.26ms DONE
  2025-11-28 22:54:33 App\Jobs\CheckMoovMoneyStatus .................. RUNNING
  2025-11-28 22:54:33 App\Jobs\CheckMoovMoneyStatus .............. 8.06ms DONE
  2025-11-28 22:55:03 App\Jobs\CheckMoovMoneyStatus .................. RUNNING
  2025-11-28 22:55:03 App\Jobs\CheckMoovMoneyStatus ............. 13.72ms DONE
  2025-11-28 22:55:03 App\Jobs\CheckMoovMoneyStatus .................. RUNNING
  2025-11-28 22:55:03 App\Jobs\CheckMoovMoneyStatus ............. 15.17ms DONE
  2025-11-28 22:55:33 App\Jobs\CheckMoovMoneyStatus .................. RUNNING
  2025-11-28 22:55:33 App\Jobs\CheckMoovMoneyStatus .............. 9.16ms DONE
  2025-11-28 22:55:33 App\Jobs\CheckMoovMoneyStatus .................. RUNNING
  2025-11-28 22:55:33 App\Jobs\CheckMoovMoneyStatus .............. 8.43ms DONE
  2025-11-28 22:56:03 App\Jobs\CheckMoovMoneyStatus .................. RUNNING
  2025-11-28 22:56:03 App\Jobs\CheckMoovMoneyStatus ............. 11.07ms DONE
  2025-11-28 22:56:03 App\Jobs\CheckMoovMoneyStatus .................. RUNNING
  2025-11-28 22:56:03 App\Jobs\CheckMoovMoneyStatus ............. 20.86ms DONE
  2025-11-28 22:56:03 App\Jobs\Notifications\SendPushNotification .... RUNNING
  2025-11-28 22:56:04 App\Jobs\Notifications\SendPushNotification  56.64ms DONE
  2025-11-28 22:56:04 App\Jobs\Notifications\AndroidPushNotification . RUNNING
  2025-11-28 22:56:04 App\Jobs\Notifications\AndroidPushNotification  329.61ms DONE
  2025-11-28 22:56:33 App\Jobs\CheckMoovMoneyStatus .................. RUNNING
  2025-11-28 22:56:33 App\Jobs\CheckMoovMoneyStatus .............. 8.16ms DONE
  2025-11-28 22:57:03 App\Jobs\CheckMoovMoneyStatus .................. RUNNING
  2025-11-28 22:57:03 App\Jobs\CheckMoovMoneyStatus ............. 15.75ms DONE
  2025-11-28 22:58:03 App\Jobs\Notifications\SendPushNotification .... RUNNING
  2025-11-28 22:58:04 App\Jobs\Notifications\SendPushNotification  25.53ms DONE
  2025-11-28 22:58:04 App\Jobs\Notifications\AndroidPushNotification . RUNNING
  2025-11-28 22:58:04 App\Jobs\Notifications\AndroidPushNotification  341.63ms DONE
  2025-12-01 09:10:12 App\Jobs\CheckMoovMoneyStatus .................. RUNNING
  2025-12-01 09:10:12 App\Jobs\CheckMoovMoneyStatus ............ 208.96ms DONE
  2025-12-01 09:10:42 App\Jobs\CheckMoovMoneyStatus .................. RUNNING
  2025-12-01 09:10:42 App\Jobs\CheckMoovMoneyStatus ............ 180.39ms DONE
  2025-12-01 09:11:12 App\Jobs\CheckMoovMoneyStatus .................. RUNNING
  2025-12-01 09:11:12 App\Jobs\CheckMoovMoneyStatus ............ 120.45ms DONE
  2025-12-01 09:11:42 App\Jobs\CheckMoovMoneyStatus .................. RUNNING
  2025-12-01 09:11:42 App\Jobs\CheckMoovMoneyStatus ............. 12.54ms DONE
  2025-12-01 09:12:12 App\Jobs\CheckMoovMoneyStatus .................. RUNNING
  2025-12-01 09:12:12 App\Jobs\CheckMoovMoneyStatus .............. 8.69ms DONE
  2025-12-01 09:12:42 App\Jobs\CheckMoovMoneyStatus .................. RUNNING
  2025-12-01 09:12:42 App\Jobs\CheckMoovMoneyStatus .............. 8.85ms DONE
  2025-12-01 09:13:12 App\Jobs\CheckMoovMoneyStatus .................. RUNNING
  2025-12-01 09:13:12 App\Jobs\CheckMoovMoneyStatus .............. 9.96ms DONE
  2025-12-01 09:13:42 App\Jobs\CheckMoovMoneyStatus .................. RUNNING
  2025-12-01 09:13:42 App\Jobs\CheckMoovMoneyStatus ............. 10.54ms DONE
  2025-12-01 09:14:12 App\Jobs\CheckMoovMoneyStatus .................. RUNNING
  2025-12-01 09:14:12 App\Jobs\CheckMoovMoneyStatus ............ 423.92ms DONE
  2025-12-01 09:16:03 App\Jobs\Notifications\SendPushNotification .... RUNNING
  2025-12-01 09:16:03 App\Jobs\Notifications\SendPushNotification  28.04ms DONE
  2025-12-01 09:16:03 App\Jobs\Notifications\AndroidPushNotification . RUNNING
  2025-12-01 09:16:04 App\Jobs\Notifications\AndroidPushNotification  353.67ms DONE
  2025-12-01 09:16:05 App\Jobs\Notifications\SendPushNotification .... RUNNING
  2025-12-01 09:16:05 App\Jobs\Notifications\SendPushNotification  22.57ms DONE
  2025-12-01 09:16:05 App\Jobs\Notifications\AndroidPushNotification . RUNNING
  2025-12-01 09:16:05 App\Jobs\Notifications\AndroidPushNotification  322.67ms DONE
  2025-12-01 09:17:04 App\Jobs\Notifications\SendPushNotification .... RUNNING
  2025-12-01 09:17:04 App\Jobs\Notifications\SendPushNotification  27.32ms DONE
  2025-12-01 09:17:04 App\Jobs\Notifications\AndroidPushNotification . RUNNING
  2025-12-01 09:17:04 App\Jobs\Notifications\AndroidPushNotification  190.34ms DONE
  2025-12-01 09:18:04 App\Jobs\Notifications\SendPushNotification .... RUNNING
  2025-12-01 09:18:04 App\Jobs\Notifications\SendPushNotification  25.09ms DONE
  2025-12-01 09:18:04 App\Jobs\Notifications\AndroidPushNotification . RUNNING
  2025-12-01 09:18:04 App\Jobs\Notifications\AndroidPushNotification  285.72ms DONE
  2025-12-01 10:37:05 App\Jobs\Notifications\SendPushNotification .... RUNNING
  2025-12-01 10:37:05 App\Jobs\Notifications\SendPushNotification  21.49ms DONE
  2025-12-01 10:37:05 App\Jobs\Notifications\AndroidPushNotification . RUNNING
  2025-12-01 10:37:05 App\Jobs\Notifications\AndroidPushNotification  71.48ms DONE
  2025-12-01 10:37:08 App\Jobs\Notifications\SendPushNotification .... RUNNING
  2025-12-01 10:37:08 App\Jobs\Notifications\SendPushNotification  11.74ms DONE
  2025-12-01 10:37:08 App\Jobs\Notifications\AndroidPushNotification . RUNNING
  2025-12-01 10:37:08 App\Jobs\Notifications\AndroidPushNotification  62.99ms DONE
  2025-12-01 10:37:35 App\Jobs\CheckMoovMoneyStatus .................. RUNNING
  2025-12-01 10:37:36 App\Jobs\CheckMoovMoneyStatus .................. 1s DONE
  2025-12-01 12:31:11 App\Jobs\Notifications\SendPushNotification .... RUNNING
  2025-12-01 12:31:11 App\Jobs\Notifications\SendPushNotification  112.53ms DONE
  2025-12-01 12:31:11 App\Jobs\Notifications\AndroidPushNotification . RUNNING
  2025-12-01 12:31:11 App\Jobs\Notifications\AndroidPushNotification  144.74ms DONE
  2025-12-01 12:31:40 App\Jobs\CheckMoovMoneyStatus .................. RUNNING
  2025-12-01 12:31:41 App\Jobs\Notifications\SendPushNotification .... RUNNING
  2025-12-01 12:31:41 App\Jobs\Notifications\SendPushNotification  9.63ms DONE
  2025-12-01 12:31:41 App\Jobs\Notifications\AndroidPushNotification . RUNNING
  2025-12-01 12:31:41 App\Jobs\Notifications\AndroidPushNotification  69.48ms DONE
  2025-12-01 12:31:41 App\Jobs\CheckMoovMoneyStatus .................. 1s DONE
  2025-12-01 12:33:11 App\Jobs\Notifications\SendPushNotification .... RUNNING
  2025-12-01 12:33:12 App\Jobs\Notifications\SendPushNotification  29.66ms DONE
  2025-12-01 12:33:12 App\Jobs\Notifications\AndroidPushNotification . RUNNING
  2025-12-01 12:33:12 App\Jobs\Notifications\AndroidPushNotification  101.93ms DONE
  2025-12-01 12:54:48 App\Jobs\Notifications\SendPushNotification .... RUNNING
  2025-12-01 12:54:48 App\Jobs\Notifications\SendPushNotification  98.34ms DONE
  2025-12-01 12:54:48 App\Jobs\Notifications\AndroidPushNotification . RUNNING
  2025-12-01 12:54:49 App\Jobs\Notifications\AndroidPushNotification  129.22ms DONE
  2025-12-01 12:55:04 App\Jobs\Notifications\SendPushNotification .... RUNNING
  2025-12-01 12:55:04 App\Jobs\Notifications\SendPushNotification  131.86ms DONE
  2025-12-01 12:55:04 App\Jobs\Notifications\AndroidPushNotification . RUNNING
  2025-12-01 12:55:04 App\Jobs\Notifications\AndroidPushNotification  382.83ms DONE
  2025-12-01 12:55:17 App\Jobs\CheckMoovMoneyStatus .................. RUNNING
  2025-12-01 12:55:18 App\Jobs\CheckMoovMoneyStatus ............ 931.36ms DONE
  2025-12-01 13:00:54 App\Jobs\CheckMoovMoneyStatus .................. RUNNING
  2025-12-01 13:00:55 App\Jobs\CheckMoovMoneyStatus ............ 744.63ms DONE
  2025-12-01 13:09:04 App\Jobs\Notifications\SendPushNotification .... RUNNING
  2025-12-01 13:09:04 App\Jobs\Notifications\SendPushNotification  40.21ms DONE
  2025-12-01 13:09:04 App\Jobs\Notifications\AndroidPushNotification . RUNNING
  2025-12-01 13:09:04 App\Jobs\Notifications\AndroidPushNotification  123.29ms DONE
  2025-12-02 10:27:33 App\Jobs\Notifications\SendPushNotification .... RUNNING
  2025-12-02 10:27:33 App\Jobs\Notifications\SendPushNotification  126.36ms DONE
  2025-12-02 10:27:33 App\Jobs\Notifications\AndroidPushNotification . RUNNING
  2025-12-02 10:27:33 App\Jobs\Notifications\AndroidPushNotification  188.43ms DONE
  2025-12-02 10:28:41 App\Jobs\CheckMoovMoneyStatus .................. RUNNING
  2025-12-02 10:28:43 App\Jobs\CheckMoovMoneyStatus .................. 1s DONE
  2025-12-02 10:28:58 App\Jobs\Notifications\SendPushNotification .... RUNNING
  2025-12-02 10:28:58 App\Jobs\Notifications\SendPushNotification  22.36ms DONE
  2025-12-02 10:28:58 App\Jobs\Notifications\AndroidPushNotification . RUNNING
  2025-12-02 10:28:58 App\Jobs\Notifications\AndroidPushNotification  75.00ms DONE
  2025-12-02 10:29:06 App\Jobs\Notifications\SendPushNotification .... RUNNING
  2025-12-02 10:29:06 App\Jobs\Notifications\SendPushNotification  109.79ms DONE
  2025-12-02 10:29:06 App\Jobs\Notifications\AndroidPushNotification . RUNNING
  2025-12-02 10:29:06 App\Jobs\Notifications\AndroidPushNotification  185.80ms DONE
  2025-12-02 10:29:27 App\Jobs\CheckMoovMoneyStatus .................. RUNNING
  2025-12-02 10:29:28 App\Jobs\CheckMoovMoneyStatus .................. 1s DONE
  2025-12-02 10:36:04 App\Jobs\Notifications\SendPushNotification .... RUNNING
  2025-12-02 10:36:04 App\Jobs\Notifications\SendPushNotification  32.72ms DONE
  2025-12-02 10:36:04 App\Jobs\Notifications\AndroidPushNotification . RUNNING
  2025-12-02 10:36:04 App\Jobs\Notifications\AndroidPushNotification  100.83ms DONE
  2025-12-02 11:20:22 App\Jobs\Notifications\SendPushNotification .... RUNNING
  2025-12-02 11:20:22 App\Jobs\Notifications\SendPushNotification  23.20ms DONE
  2025-12-02 11:20:22 App\Jobs\Notifications\AndroidPushNotification . RUNNING
  2025-12-02 11:20:22 App\Jobs\Notifications\AndroidPushNotification  121.82ms DONE
  2025-12-02 11:24:02 App\Jobs\Notifications\SendPushNotification .... RUNNING
  2025-12-02 11:24:03 App\Jobs\Notifications\SendPushNotification  258.19ms DONE
  2025-12-02 11:24:03 App\Jobs\Notifications\AndroidPushNotification . RUNNING
  2025-12-02 11:24:03 App\Jobs\Notifications\AndroidPushNotification  185.80ms DONE
  2025-12-02 11:24:33 App\Jobs\CheckMoovMoneyStatus .................. RUNNING
  2025-12-02 11:24:34 App\Jobs\CheckMoovMoneyStatus ............ 835.15ms DONE
  2025-12-02 11:24:51 App\Jobs\Notifications\SendPushNotification .... RUNNING
  2025-12-02 11:24:51 App\Jobs\Notifications\SendPushNotification  11.59ms DONE
  2025-12-02 11:24:51 App\Jobs\Notifications\AndroidPushNotification . RUNNING
  2025-12-02 11:24:51 App\Jobs\Notifications\AndroidPushNotification  165.35ms DONE
  2025-12-02 11:25:45 App\Jobs\Notifications\SendPushNotification .... RUNNING
  2025-12-02 11:25:45 App\Jobs\Notifications\SendPushNotification  10.97ms DONE
  2025-12-02 11:25:45 App\Jobs\Notifications\AndroidPushNotification . RUNNING
  2025-12-02 11:25:45 App\Jobs\Notifications\AndroidPushNotification  21.03ms DONE
  2025-12-02 11:26:15 App\Jobs\CheckMoovMoneyStatus .................. RUNNING
  2025-12-02 11:26:16 App\Jobs\CheckMoovMoneyStatus ............ 805.05ms DONE
  2025-12-02 11:26:45 App\Jobs\Notifications\SendPushNotification .... RUNNING
  2025-12-02 11:26:45 App\Jobs\Notifications\SendPushNotification  8.34ms DONE
  2025-12-02 11:26:45 App\Jobs\Notifications\AndroidPushNotification . RUNNING
  2025-12-02 11:26:45 App\Jobs\Notifications\AndroidPushNotification  57.57ms DONE
  2025-12-02 11:29:27 App\Jobs\Notifications\SendPushNotification .... RUNNING
  2025-12-02 11:29:27 App\Jobs\Notifications\SendPushNotification  7.88ms DONE
  2025-12-02 11:29:27 App\Jobs\Notifications\AndroidPushNotification . RUNNING
  2025-12-02 11:29:27 App\Jobs\Notifications\AndroidPushNotification  87.13ms DONE
  2025-12-02 11:29:36 App\Jobs\Notifications\SendPushNotification .... RUNNING
  2025-12-02 11:29:36 App\Jobs\Notifications\SendPushNotification  8.18ms DONE
  2025-12-02 11:29:36 App\Jobs\Notifications\AndroidPushNotification . RUNNING
  2025-12-02 11:29:36 App\Jobs\Notifications\AndroidPushNotification  67.11ms DONE
  2025-12-02 11:29:40 App\Jobs\CheckMoovMoneyStatus .................. RUNNING
  2025-12-02 11:29:40 App\Jobs\CheckMoovMoneyStatus ............ 679.36ms DONE
  2025-12-02 11:31:46 App\Jobs\Notifications\SendPushNotification .... RUNNING
  2025-12-02 11:31:46 App\Jobs\Notifications\SendPushNotification  8.98ms DONE
  2025-12-02 11:31:46 App\Jobs\Notifications\AndroidPushNotification . RUNNING
  2025-12-02 11:31:46 App\Jobs\Notifications\AndroidPushNotification  54.11ms DONE
  2025-12-02 11:32:16 App\Jobs\CheckMoovMoneyStatus .................. RUNNING
  2025-12-02 11:32:16 App\Jobs\CheckMoovMoneyStatus ............ 804.41ms DONE
  2025-12-02 11:33:26 App\Jobs\CheckMoovMoneyStatus .................. RUNNING
  2025-12-02 11:33:26 App\Jobs\CheckMoovMoneyStatus ............ 696.80ms DONE
  2025-12-02 11:35:53 App\Jobs\ValidateAndGeneratePeakZone ........... RUNNING
  2025-12-02 11:35:53 App\Jobs\ValidateAndGeneratePeakZone ...... 18.43ms DONE
  2025-12-02 11:40:04 App\Jobs\Notifications\SendPushNotification .... RUNNING
  2025-12-02 11:40:05 App\Jobs\Notifications\SendPushNotification  67.54ms DONE
  2025-12-02 11:40:05 App\Jobs\Notifications\AndroidPushNotification . RUNNING
  2025-12-02 11:40:05 App\Jobs\Notifications\AndroidPushNotification  131.02ms DONE
  2025-12-02 11:43:03 App\Jobs\Notifications\SendPushNotification .... RUNNING
  2025-12-02 11:43:03 App\Jobs\Notifications\SendPushNotification  13.45ms DONE
  2025-12-02 11:43:03 App\Jobs\Notifications\AndroidPushNotification . RUNNING
  2025-12-02 11:43:03 App\Jobs\Notifications\AndroidPushNotification  260.93ms DONE
  2025-12-02 12:00:06 App\Jobs\Notifications\SendPushNotification .... RUNNING
  2025-12-02 12:00:06 App\Jobs\Notifications\SendPushNotification  99.47ms DONE
  2025-12-02 12:00:06 App\Jobs\Notifications\AndroidPushNotification . RUNNING
  2025-12-02 12:00:06 App\Jobs\Notifications\AndroidPushNotification  455.11ms DONE
  2025-12-02 12:00:06 App\Jobs\ValidateAndGeneratePeakZone ........... RUNNING
  2025-12-02 12:00:07 App\Jobs\ValidateAndGeneratePeakZone ..... 204.31ms DONE
  2025-12-02 12:00:37 App\Jobs\Notifications\SendPushNotification .... RUNNING
  2025-12-02 12:00:37 App\Jobs\Notifications\SendPushNotification  11.20ms DONE
  2025-12-02 12:00:37 App\Jobs\Notifications\AndroidPushNotification . RUNNING
  2025-12-02 12:00:37 App\Jobs\Notifications\AndroidPushNotification  389.78ms DONE
  2025-12-02 12:00:47 App\Jobs\Notifications\SendPushNotification .... RUNNING
  2025-12-02 12:00:47 App\Jobs\Notifications\SendPushNotification  103.27ms DONE
  2025-12-02 12:00:47 App\Jobs\Notifications\AndroidPushNotification . RUNNING
  2025-12-02 12:00:48 App\Jobs\Notifications\AndroidPushNotification  613.70ms DONE
  2025-12-02 12:01:19 App\Jobs\Notifications\SendPushNotification .... RUNNING
  2025-12-02 12:01:19 App\Jobs\Notifications\SendPushNotification  8.68ms DONE
  2025-12-02 12:01:19 App\Jobs\Notifications\AndroidPushNotification . RUNNING
  2025-12-02 12:01:19 App\Jobs\Notifications\AndroidPushNotification  335.06ms DONE
  2025-12-02 12:01:34 App\Jobs\ValidateAndUpdateIncentivesJob ........ RUNNING
  2025-12-02 12:01:34 App\Jobs\ValidateAndUpdateIncentivesJob ... 52.49ms DONE
  2025-12-02 12:01:34 App\Jobs\ValidateAndUpdateDriverLoyaltyJob ..... RUNNING
  2025-12-02 12:01:34 App\Jobs\ValidateAndUpdateDriverLoyaltyJob  31.38ms DONE
  2025-12-02 12:01:34 App\Jobs\Mails\SendUserInvoiceMailNotification . RUNNING
  2025-12-02 12:01:34 App\Jobs\Notifications\SendPushNotification .... RUNNING
  2025-12-02 12:01:34 App\Jobs\Notifications\SendPushNotification  15.58ms DONE
  2025-12-02 12:01:34 App\Jobs\Mails\SendDriverInvoiceMailNotification  RUNNING
  2025-12-02 12:01:35 App\Jobs\Mails\SendUserInvoiceMailNotification  894.58ms DONE
  2025-12-02 12:01:35 App\Jobs\Notifications\AndroidPushNotification . RUNNING
  2025-12-02 12:01:35 App\Jobs\Notifications\AndroidPushNotification  234.96ms DONE
  2025-12-02 12:01:36 App\Jobs\Mails\SendDriverInvoiceMailNotification  1s DONE
  2025-12-02 12:02:05 App\Jobs\Notifications\SendPushNotification .... RUNNING
  2025-12-02 12:02:05 App\Jobs\Notifications\SendPushNotification  11.19ms DONE
  2025-12-02 12:02:05 App\Jobs\Notifications\SendPushNotification .... RUNNING
  2025-12-02 12:02:05 App\Jobs\Notifications\AndroidPushNotification . RUNNING
  2025-12-02 12:02:05 App\Jobs\Notifications\SendPushNotification  23.12ms DONE
  2025-12-02 12:02:05 App\Jobs\Notifications\AndroidPushNotification  24.57ms DONE
  2025-12-02 12:02:05 App\Jobs\Notifications\AndroidPushNotification . RUNNING
  2025-12-02 12:02:05 App\Jobs\Notifications\AndroidPushNotification  8.44ms DONE
  2025-12-02 12:02:14 App\Jobs\Notifications\SendPushNotification .... RUNNING
  2025-12-02 12:02:14 App\Jobs\Notifications\SendPushNotification  9.70ms DONE
  2025-12-02 12:02:14 App\Jobs\Notifications\AndroidPushNotification . RUNNING
  2025-12-02 12:02:14 App\Jobs\Notifications\AndroidPushNotification  132.62ms DONE
  2025-12-02 12:02:35 App\Jobs\CheckMoovMoneyStatus .................. RUNNING
  2025-12-02 12:02:37 App\Jobs\CheckMoovMoneyStatus .................. 1s DONE
  2025-12-02 12:39:15 App\Jobs\Notifications\SendPushNotification .... RUNNING
  2025-12-02 12:39:15 App\Jobs\Notifications\SendPushNotification  7.73ms DONE
  2025-12-02 12:39:15 App\Jobs\Notifications\AndroidPushNotification . RUNNING
  2025-12-02 12:39:15 App\Jobs\Notifications\AndroidPushNotification  469.39ms DONE
  2025-12-02 12:44:11 App\Jobs\CheckMoovMoneyStatus .................. RUNNING
  2025-12-02 12:44:11 App\Jobs\CheckMoovMoneyStatus ............ 924.20ms DONE
  2025-12-02 12:52:03 App\Jobs\Notifications\SendPushNotification .... RUNNING
  2025-12-02 12:52:03 App\Jobs\Notifications\SendPushNotification  19.80ms DONE
  2025-12-02 12:52:03 App\Jobs\Notifications\AndroidPushNotification . RUNNING
  2025-12-02 12:52:03 App\Jobs\Notifications\AndroidPushNotification  118.80ms DONE
  2025-12-02 13:01:43 App\Jobs\CheckMoovMoneyStatus .................. RUNNING
  2025-12-02 13:01:44 App\Jobs\CheckMoovMoneyStatus ............ 981.62ms DONE
  2025-12-02 13:02:47 App\Jobs\CheckMoovMoneyStatus .................. RUNNING
  2025-12-02 13:02:48 App\Jobs\CheckMoovMoneyStatus ............ 639.52ms DONE
  2025-12-02 13:08:06 App\Jobs\Notifications\SendPushNotification .... RUNNING
  2025-12-02 13:08:06 App\Jobs\Notifications\SendPushNotification  9.49ms DONE
  2025-12-02 13:08:06 App\Jobs\Notifications\AndroidPushNotification . RUNNING
  2025-12-02 13:08:06 App\Jobs\Notifications\AndroidPushNotification  103.63ms DONE
  2025-12-02 13:09:17 App\Jobs\Notifications\SendPushNotification .... RUNNING
  2025-12-02 13:09:18 App\Jobs\Notifications\SendPushNotification  83.56ms DONE
  2025-12-02 13:09:18 App\Jobs\Notifications\AndroidPushNotification . RUNNING
  2025-12-02 13:09:18 App\Jobs\Notifications\SendPushNotification .... RUNNING
  2025-12-02 13:09:18 App\Jobs\Notifications\SendPushNotification  100.19ms DONE
  2025-12-02 13:09:18 App\Jobs\Notifications\AndroidPushNotification . RUNNING
  2025-12-02 13:09:18 App\Jobs\Notifications\AndroidPushNotification  182.32ms DONE
  2025-12-02 13:09:18 App\Jobs\Notifications\AndroidPushNotification  128.37ms DONE
  2025-12-02 13:09:48 App\Jobs\CheckMoovMoneyStatus .................. RUNNING
  2025-12-02 13:09:49 App\Jobs\CheckMoovMoneyStatus .................. 1s DONE
  2025-12-02 13:16:04 App\Jobs\Notifications\SendPushNotification .... RUNNING
  2025-12-02 13:16:04 App\Jobs\Notifications\SendPushNotification  28.41ms DONE
  2025-12-02 13:16:04 App\Jobs\Notifications\AndroidPushNotification . RUNNING
  2025-12-02 13:16:04 App\Jobs\Notifications\AndroidPushNotification  312.43ms DONE
  2025-12-02 13:47:59 App\Jobs\Notifications\SendPushNotification .... RUNNING
  2025-12-02 13:47:59 App\Jobs\Notifications\SendPushNotification  9.65ms DONE
  2025-12-02 13:47:59 App\Jobs\Notifications\AndroidPushNotification . RUNNING
  2025-12-02 13:47:59 App\Jobs\Notifications\AndroidPushNotification  82.36ms DONE
  2025-12-02 13:48:01 App\Jobs\Notifications\SendPushNotification .... RUNNING
  2025-12-02 13:48:02 App\Jobs\Notifications\SendPushNotification  203.16ms DONE
  2025-12-02 13:48:02 App\Jobs\Notifications\AndroidPushNotification . RUNNING
  2025-12-02 13:48:02 App\Jobs\Notifications\AndroidPushNotification  96.38ms DONE
  2025-12-02 13:48:16 App\Jobs\Notifications\SendPushNotification .... RUNNING
  2025-12-02 13:48:17 App\Jobs\Notifications\SendPushNotification  66.20ms DONE
  2025-12-02 13:48:17 App\Jobs\Notifications\AndroidPushNotification . RUNNING
  2025-12-02 13:48:17 App\Jobs\Notifications\AndroidPushNotification  176.83ms DONE
  2025-12-02 13:48:29 App\Jobs\CheckMoovMoneyStatus .................. RUNNING
  2025-12-02 13:48:30 App\Jobs\CheckMoovMoneyStatus ............ 927.55ms DONE
  2025-12-02 13:53:00 App\Jobs\Notifications\SendPushNotification .... RUNNING
  2025-12-02 13:53:00 App\Jobs\Notifications\SendPushNotification  11.91ms DONE
  2025-12-02 13:53:00 App\Jobs\Notifications\AndroidPushNotification . RUNNING
  2025-12-02 13:53:00 App\Jobs\Notifications\AndroidPushNotification  106.29ms DONE
  2025-12-02 13:55:33 App\Jobs\Notifications\SendPushNotification .... RUNNING
  2025-12-02 13:55:33 App\Jobs\Notifications\SendPushNotification  10.26ms DONE
  2025-12-02 13:55:33 App\Jobs\Notifications\AndroidPushNotification . RUNNING
  2025-12-02 13:55:33 App\Jobs\Notifications\AndroidPushNotification  46.58ms DONE
  2025-12-02 13:55:45 App\Jobs\Notifications\SendPushNotification .... RUNNING
  2025-12-02 13:55:45 App\Jobs\Notifications\SendPushNotification  8.80ms DONE
  2025-12-02 13:55:45 App\Jobs\Notifications\AndroidPushNotification . RUNNING
  2025-12-02 13:55:45 App\Jobs\Notifications\AndroidPushNotification  96.77ms DONE
  2025-12-02 13:56:03 App\Jobs\CheckMoovMoneyStatus .................. RUNNING
  2025-12-02 13:56:04 App\Jobs\CheckMoovMoneyStatus ............ 784.93ms DONE
  2025-12-02 13:56:44 App\Jobs\CheckMoovMoneyStatus .................. RUNNING
  2025-12-02 13:56:45 App\Jobs\CheckMoovMoneyStatus ............ 786.35ms DONE
  2025-12-02 13:57:17 App\Jobs\Notifications\SendPushNotification .... RUNNING
  2025-12-02 13:57:17 App\Jobs\Notifications\SendPushNotification  11.55ms DONE
  2025-12-02 13:57:17 App\Jobs\Notifications\SendPushNotification .... RUNNING
  2025-12-02 13:57:17 App\Jobs\Notifications\SendPushNotification  15.39ms DONE
  2025-12-02 13:57:17 App\Jobs\Notifications\AndroidPushNotification . RUNNING
  2025-12-02 13:57:17 App\Jobs\Notifications\AndroidPushNotification . RUNNING
  2025-12-02 13:57:17 App\Jobs\Notifications\AndroidPushNotification  46.28ms DONE
  2025-12-02 13:57:17 App\Jobs\Notifications\AndroidPushNotification  215.86ms DONE
  2025-12-02 13:57:26 App\Jobs\Notifications\SendPushNotification .... RUNNING
  2025-12-02 13:57:26 App\Jobs\Notifications\SendPushNotification  13.33ms DONE
  2025-12-02 13:57:26 App\Jobs\Notifications\AndroidPushNotification . RUNNING
  2025-12-02 13:57:26 App\Jobs\Notifications\AndroidPushNotification  57.00ms DONE
  2025-12-02 13:57:46 App\Jobs\CheckMoovMoneyStatus .................. RUNNING
  2025-12-02 13:57:46 App\Jobs\CheckMoovMoneyStatus ............ 667.45ms DONE
  2025-12-02 13:58:16 App\Jobs\CheckMoovMoneyStatus .................. RUNNING
  2025-12-02 13:58:17 App\Jobs\CheckMoovMoneyStatus ............ 403.65ms DONE
  2025-12-02 13:58:47 App\Jobs\CheckMoovMoneyStatus .................. RUNNING
  2025-12-02 13:58:47 App\Jobs\CheckMoovMoneyStatus ............ 499.17ms DONE
  2025-12-02 13:59:17 App\Jobs\CheckMoovMoneyStatus .................. RUNNING
  2025-12-02 13:59:18 App\Jobs\CheckMoovMoneyStatus ............ 464.28ms DONE
  2025-12-02 13:59:48 App\Jobs\CheckMoovMoneyStatus .................. RUNNING
  2025-12-02 13:59:48 App\Jobs\CheckMoovMoneyStatus ............ 453.49ms DONE
  2025-12-02 14:00:18 App\Jobs\CheckMoovMoneyStatus .................. RUNNING
  2025-12-02 14:00:18 App\Jobs\CheckMoovMoneyStatus ............ 426.87ms DONE
  2025-12-02 14:00:48 App\Jobs\CheckMoovMoneyStatus .................. RUNNING
  2025-12-02 14:00:48 App\Jobs\CheckMoovMoneyStatus ............ 470.32ms DONE
  2025-12-02 14:01:18 App\Jobs\CheckMoovMoneyStatus .................. RUNNING
  2025-12-02 14:01:19 App\Jobs\CheckMoovMoneyStatus ............ 514.07ms DONE
  2025-12-02 14:01:49 App\Jobs\CheckMoovMoneyStatus .................. RUNNING
  2025-12-02 14:01:49 App\Jobs\CheckMoovMoneyStatus ............ 536.16ms DONE
  2025-12-02 14:02:03 App\Jobs\Notifications\SendPushNotification .... RUNNING
  2025-12-02 14:02:03 App\Jobs\Notifications\SendPushNotification  103.85ms DONE
  2025-12-02 14:02:03 App\Jobs\Notifications\AndroidPushNotification . RUNNING
  2025-12-02 14:02:03 App\Jobs\Notifications\AndroidPushNotification  99.84ms DONE
  2025-12-02 14:02:19 App\Jobs\CheckMoovMoneyStatus .................. RUNNING
  2025-12-02 14:02:19 App\Jobs\CheckMoovMoneyStatus ............ 415.75ms DONE
  2025-12-02 14:02:49 App\Jobs\CheckMoovMoneyStatus .................. RUNNING
  2025-12-02 14:02:49 App\Jobs\CheckMoovMoneyStatus ............ 631.07ms DONE
  2025-12-02 14:06:55 App\Jobs\Notifications\SendPushNotification .... RUNNING
  2025-12-02 14:06:55 App\Jobs\Notifications\SendPushNotification  7.48ms DONE
  2025-12-02 14:06:55 App\Jobs\Notifications\AndroidPushNotification . RUNNING
  2025-12-02 14:06:55 App\Jobs\Notifications\AndroidPushNotification  44.63ms DONE
  2025-12-02 14:06:56 App\Jobs\Notifications\SendPushNotification .... RUNNING
  2025-12-02 14:06:56 App\Jobs\Notifications\SendPushNotification  12.36ms DONE
  2025-12-02 14:06:56 App\Jobs\Notifications\AndroidPushNotification . RUNNING
  2025-12-02 14:06:56 App\Jobs\Notifications\AndroidPushNotification  47.72ms DONE
  2025-12-02 14:07:07 App\Jobs\Notifications\SendPushNotification .... RUNNING
  2025-12-02 14:07:07 App\Jobs\Notifications\SendPushNotification  8.20ms DONE
  2025-12-02 14:07:07 App\Jobs\Notifications\AndroidPushNotification . RUNNING
  2025-12-02 14:07:07 App\Jobs\Notifications\AndroidPushNotification  51.52ms DONE
  2025-12-02 14:07:25 App\Jobs\CheckMoovMoneyStatus .................. RUNNING
  2025-12-02 14:07:25 App\Jobs\CheckMoovMoneyStatus ............ 676.96ms DONE
  2025-12-02 14:13:07 App\Jobs\Notifications\SendPushNotification .... RUNNING
  2025-12-02 14:13:07 App\Jobs\Notifications\SendPushNotification  10.84ms DONE
  2025-12-02 14:13:07 App\Jobs\Notifications\AndroidPushNotification . RUNNING
  2025-12-02 14:13:07 App\Jobs\Notifications\AndroidPushNotification  60.37ms DONE
  2025-12-02 14:13:36 App\Jobs\CheckMoovMoneyStatus .................. RUNNING
  2025-12-02 14:13:37 App\Jobs\CheckMoovMoneyStatus .................. 1s DONE
  2025-12-02 14:13:52 App\Jobs\Notifications\SendPushNotification .... RUNNING
  2025-12-02 14:13:52 App\Jobs\Notifications\SendPushNotification  8.43ms DONE
  2025-12-02 14:13:52 App\Jobs\Notifications\AndroidPushNotification . RUNNING
  2025-12-02 14:13:52 App\Jobs\Notifications\AndroidPushNotification  86.64ms DONE
  2025-12-02 14:14:01 App\Jobs\Notifications\SendPushNotification .... RUNNING
  2025-12-02 14:14:01 App\Jobs\Notifications\SendPushNotification  37.16ms DONE
  2025-12-02 14:14:01 App\Jobs\Notifications\AndroidPushNotification . RUNNING
  2025-12-02 14:14:01 App\Jobs\Notifications\AndroidPushNotification  60.43ms DONE
  2025-12-02 14:14:13 App\Jobs\Notifications\SendPushNotification .... RUNNING
  2025-12-02 14:14:13 App\Jobs\Notifications\SendPushNotification  13.18ms DONE
  2025-12-02 14:14:13 App\Jobs\Notifications\AndroidPushNotification . RUNNING
  2025-12-02 14:14:13 App\Jobs\Notifications\AndroidPushNotification  16.80ms DONE
  2025-12-02 14:14:43 App\Jobs\CheckMoovMoneyStatus .................. RUNNING
  2025-12-02 14:14:44 App\Jobs\CheckMoovMoneyStatus .................. 1s DONE
  2025-12-02 14:15:23 App\Jobs\Notifications\SendPushNotification .... RUNNING
  2025-12-02 14:15:23 App\Jobs\Notifications\SendPushNotification  9.58ms DONE
  2025-12-02 14:15:23 App\Jobs\Notifications\AndroidPushNotification . RUNNING
  2025-12-02 14:15:23 App\Jobs\Notifications\AndroidPushNotification  74.53ms DONE
  2025-12-02 14:15:51 App\Jobs\Notifications\SendPushNotification .... RUNNING
  2025-12-02 14:15:51 App\Jobs\Notifications\SendPushNotification  6.96ms DONE
  2025-12-02 14:15:51 App\Jobs\Notifications\SendPushNotification .... RUNNING
  2025-12-02 14:15:51 App\Jobs\Notifications\SendPushNotification  7.65ms DONE
  2025-12-02 14:15:51 App\Jobs\Notifications\AndroidPushNotification . RUNNING
  2025-12-02 14:15:51 App\Jobs\Notifications\AndroidPushNotification . RUNNING
  2025-12-02 14:15:51 App\Jobs\Notifications\AndroidPushNotification  47.54ms DONE
  2025-12-02 14:15:51 App\Jobs\Notifications\AndroidPushNotification  54.36ms DONE
  2025-12-02 14:16:07 App\Jobs\Notifications\SendPushNotification .... RUNNING
  2025-12-02 14:16:07 App\Jobs\Notifications\SendPushNotification  9.80ms DONE
  2025-12-02 14:16:07 App\Jobs\Notifications\AndroidPushNotification . RUNNING
  2025-12-02 14:16:08 App\Jobs\Notifications\AndroidPushNotification  274.06ms DONE
  2025-12-02 14:16:21 App\Jobs\CheckMoovMoneyStatus .................. RUNNING
  2025-12-02 14:16:22 App\Jobs\CheckMoovMoneyStatus .................. 1s DONE
  2025-12-02 14:18:03 App\Jobs\Notifications\SendPushNotification .... RUNNING
  2025-12-02 14:18:03 App\Jobs\Notifications\SendPushNotification  51.27ms DONE
  2025-12-02 14:18:03 App\Jobs\Notifications\AndroidPushNotification . RUNNING
  2025-12-02 14:18:04 App\Jobs\Notifications\AndroidPushNotification  308.61ms DONE
  2025-12-02 14:20:05 App\Jobs\Notifications\SendPushNotification .... RUNNING
  2025-12-02 14:20:05 App\Jobs\Notifications\SendPushNotification  131.09ms DONE
  2025-12-02 14:20:05 App\Jobs\Notifications\AndroidPushNotification . RUNNING
  2025-12-02 14:20:05 App\Jobs\Notifications\AndroidPushNotification  355.63ms DONE
  2025-12-02 14:58:17 App\Jobs\Notifications\SendPushNotification .... RUNNING
  2025-12-02 14:58:17 App\Jobs\Notifications\SendPushNotification  12.76ms DONE
  2025-12-02 14:58:17 App\Jobs\Notifications\AndroidPushNotification . RUNNING
  2025-12-02 14:58:18 App\Jobs\Notifications\AndroidPushNotification  300.59ms DONE
  2025-12-02 14:58:24 App\Jobs\Notifications\SendPushNotification .... RUNNING
  2025-12-02 14:58:24 App\Jobs\Notifications\SendPushNotification  9.80ms DONE
  2025-12-02 14:58:24 App\Jobs\Notifications\AndroidPushNotification . RUNNING
  2025-12-02 14:58:25 App\Jobs\Notifications\AndroidPushNotification  86.29ms DONE
  2025-12-02 15:00:04 App\Jobs\CheckMoovMoneyStatus .................. RUNNING
  2025-12-02 15:00:05 App\Jobs\CheckMoovMoneyStatus .................. 1s DONE
  2025-12-02 15:02:12 App\Jobs\Notifications\SendPushNotification .... RUNNING
  2025-12-02 15:02:12 App\Jobs\Notifications\SendPushNotification  18.69ms DONE
  2025-12-02 15:02:12 App\Jobs\Notifications\SendPushNotification .... RUNNING
  2025-12-02 15:02:12 App\Jobs\Notifications\SendPushNotification  11.59ms DONE
  2025-12-02 15:02:12 App\Jobs\Notifications\AndroidPushNotification . RUNNING
  2025-12-02 15:02:12 App\Jobs\Notifications\AndroidPushNotification  68.61ms DONE
  2025-12-02 15:02:12 App\Jobs\Notifications\AndroidPushNotification . RUNNING
  2025-12-02 15:02:12 App\Jobs\Notifications\AndroidPushNotification  16.38ms DONE
  2025-12-02 15:02:21 App\Jobs\Notifications\SendPushNotification .... RUNNING
  2025-12-02 15:02:21 App\Jobs\Notifications\SendPushNotification  9.15ms DONE
  2025-12-02 15:02:21 App\Jobs\Notifications\AndroidPushNotification . RUNNING
  2025-12-02 15:02:21 App\Jobs\Notifications\AndroidPushNotification  81.19ms DONE
  2025-12-02 15:03:54 App\Jobs\Notifications\SendPushNotification .... RUNNING
  2025-12-02 15:03:54 App\Jobs\Notifications\SendPushNotification  9.91ms DONE
  2025-12-02 15:03:54 App\Jobs\Notifications\AndroidPushNotification . RUNNING
  2025-12-02 15:03:54 App\Jobs\Notifications\AndroidPushNotification  72.58ms DONE
  2025-12-02 15:04:22 App\Jobs\Notifications\SendPushNotification .... RUNNING
  2025-12-02 15:04:22 App\Jobs\Notifications\SendPushNotification  34.01ms DONE
  2025-12-02 15:04:22 App\Jobs\Notifications\AndroidPushNotification . RUNNING
  2025-12-02 15:04:22 App\Jobs\Notifications\AndroidPushNotification  115.13ms DONE
  2025-12-02 15:04:22 App\Jobs\Notifications\SendPushNotification .... RUNNING
  2025-12-02 15:04:22 App\Jobs\Notifications\SendPushNotification  9.18ms DONE
  2025-12-02 15:04:22 App\Jobs\Notifications\AndroidPushNotification . RUNNING
  2025-12-02 15:04:22 App\Jobs\Notifications\AndroidPushNotification  20.01ms DONE
  2025-12-02 15:04:30 App\Jobs\Notifications\SendPushNotification .... RUNNING
  2025-12-02 15:04:30 App\Jobs\Notifications\SendPushNotification  11.34ms DONE
  2025-12-02 15:04:30 App\Jobs\Notifications\AndroidPushNotification . RUNNING
  2025-12-02 15:04:30 App\Jobs\Notifications\AndroidPushNotification  91.38ms DONE
  2025-12-02 15:04:52 App\Jobs\CheckMoovMoneyStatus .................. RUNNING
  2025-12-02 15:04:53 App\Jobs\CheckMoovMoneyStatus ............ 663.93ms DONE
  2025-12-02 15:08:59 App\Jobs\Notifications\SendPushNotification .... RUNNING
  2025-12-02 15:08:59 App\Jobs\Notifications\SendPushNotification  8.29ms DONE
  2025-12-02 15:08:59 App\Jobs\Notifications\AndroidPushNotification . RUNNING
  2025-12-02 15:08:59 App\Jobs\Notifications\AndroidPushNotification  99.18ms DONE
  2025-12-02 15:11:07 App\Jobs\Notifications\SendPushNotification .... RUNNING
  2025-12-02 15:11:07 App\Jobs\Notifications\SendPushNotification  8.98ms DONE
  2025-12-02 15:11:07 App\Jobs\Notifications\SendPushNotification .... RUNNING
  2025-12-02 15:11:07 App\Jobs\Notifications\SendPushNotification  8.72ms DONE
  2025-12-02 15:11:07 App\Jobs\Notifications\AndroidPushNotification . RUNNING
  2025-12-02 15:11:07 App\Jobs\Notifications\AndroidPushNotification . RUNNING
  2025-12-02 15:11:07 App\Jobs\Notifications\AndroidPushNotification  45.84ms DONE
  2025-12-02 15:11:07 App\Jobs\Notifications\AndroidPushNotification  60.51ms DONE
  2025-12-02 15:11:24 App\Jobs\Notifications\SendPushNotification .... RUNNING
  2025-12-02 15:11:24 App\Jobs\Notifications\SendPushNotification  7.05ms DONE
  2025-12-02 15:11:24 App\Jobs\Notifications\AndroidPushNotification . RUNNING
  2025-12-02 15:11:25 App\Jobs\Notifications\AndroidPushNotification  85.50ms DONE
  2025-12-02 15:11:37 App\Jobs\CheckMoovMoneyStatus .................. RUNNING
  2025-12-02 15:11:37 App\Jobs\CheckMoovMoneyStatus ............ 806.27ms DONE
  2025-12-02 15:21:37 App\Jobs\Notifications\SendPushNotification .... RUNNING
  2025-12-02 15:21:37 App\Jobs\Notifications\SendPushNotification  9.47ms DONE
  2025-12-02 15:21:37 App\Jobs\Notifications\AndroidPushNotification . RUNNING
  2025-12-02 15:21:37 App\Jobs\Notifications\AndroidPushNotification  99.81ms DONE
  2025-12-02 15:22:14 App\Jobs\Notifications\SendPushNotification .... RUNNING
  2025-12-02 15:22:14 App\Jobs\Notifications\SendPushNotification  8.43ms DONE
  2025-12-02 15:22:14 App\Jobs\Notifications\AndroidPushNotification . RUNNING
  2025-12-02 15:22:14 App\Jobs\Notifications\AndroidPushNotification  64.20ms DONE
  2025-12-02 15:22:28 App\Jobs\Notifications\SendPushNotification .... RUNNING
  2025-12-02 15:22:28 App\Jobs\Notifications\SendPushNotification  6.95ms DONE
  2025-12-02 15:22:28 App\Jobs\Notifications\AndroidPushNotification . RUNNING
  2025-12-02 15:22:28 App\Jobs\Notifications\AndroidPushNotification  71.48ms DONE
  2025-12-02 15:22:44 App\Jobs\CheckMoovMoneyStatus .................. RUNNING
  2025-12-02 15:22:45 App\Jobs\CheckMoovMoneyStatus ............ 753.15ms DONE
  2025-12-02 15:33:33 App\Jobs\Notifications\SendPushNotification .... RUNNING
  2025-12-02 15:33:33 App\Jobs\Notifications\SendPushNotification  9.19ms DONE
  2025-12-02 15:33:33 App\Jobs\Notifications\AndroidPushNotification . RUNNING
  2025-12-02 15:33:33 App\Jobs\Notifications\AndroidPushNotification  59.57ms DONE
  2025-12-02 15:33:33 App\Jobs\Notifications\SendPushNotification .... RUNNING
  2025-12-02 15:33:33 App\Jobs\Notifications\SendPushNotification  10.74ms DONE
  2025-12-02 15:33:33 App\Jobs\Notifications\AndroidPushNotification . RUNNING
  2025-12-02 15:33:33 App\Jobs\Notifications\AndroidPushNotification  54.15ms DONE
  2025-12-02 15:33:54 App\Jobs\Notifications\SendPushNotification .... RUNNING
  2025-12-02 15:33:54 App\Jobs\Notifications\SendPushNotification  7.93ms DONE
  2025-12-02 15:33:54 App\Jobs\Notifications\AndroidPushNotification . RUNNING
  2025-12-02 15:33:54 App\Jobs\Notifications\AndroidPushNotification  85.69ms DONE
  2025-12-02 15:34:03 App\Jobs\CheckMoovMoneyStatus .................. RUNNING
  2025-12-02 15:34:03 App\Jobs\CheckMoovMoneyStatus ............ 692.24ms DONE
  2025-12-02 16:02:57 App\Jobs\Notifications\SendPushNotification .... RUNNING
  2025-12-02 16:02:57 App\Jobs\Notifications\SendPushNotification  10.45ms DONE
  2025-12-02 16:02:57 App\Jobs\Notifications\AndroidPushNotification . RUNNING
  2025-12-02 16:02:57 App\Jobs\Notifications\AndroidPushNotification  108.10ms DONE
  2025-12-02 16:03:43 App\Jobs\Notifications\SendPushNotification .... RUNNING
  2025-12-02 16:03:43 App\Jobs\Notifications\SendPushNotification  7.83ms DONE
  2025-12-02 16:03:43 App\Jobs\Notifications\AndroidPushNotification . RUNNING
  2025-12-02 16:03:43 App\Jobs\Notifications\AndroidPushNotification  43.57ms DONE
  2025-12-02 16:04:01 App\Jobs\Notifications\SendPushNotification .... RUNNING
  2025-12-02 16:04:01 App\Jobs\Notifications\SendPushNotification  66.14ms DONE
  2025-12-02 16:04:01 App\Jobs\Notifications\AndroidPushNotification . RUNNING
  2025-12-02 16:04:02 App\Jobs\Notifications\AndroidPushNotification  151.33ms DONE
  2025-12-02 16:04:10 App\Jobs\Notifications\SendPushNotification .... RUNNING
  2025-12-02 16:04:10 App\Jobs\Notifications\SendPushNotification  9.79ms DONE
  2025-12-02 16:04:10 App\Jobs\Notifications\SendPushNotification .... RUNNING
  2025-12-02 16:04:10 App\Jobs\Notifications\SendPushNotification  7.92ms DONE
  2025-12-02 16:04:10 App\Jobs\Notifications\AndroidPushNotification . RUNNING
  2025-12-02 16:04:10 App\Jobs\Notifications\AndroidPushNotification . RUNNING
  2025-12-02 16:04:10 App\Jobs\Notifications\AndroidPushNotification  57.19ms DONE
  2025-12-02 16:04:10 App\Jobs\Notifications\AndroidPushNotification  53.21ms DONE
  2025-12-02 16:04:13 App\Jobs\CheckMoovMoneyStatus .................. RUNNING
  2025-12-02 16:04:13 App\Jobs\Notifications\SendPushNotification .... RUNNING
  2025-12-02 16:04:13 App\Jobs\Notifications\SendPushNotification  8.24ms DONE
  2025-12-02 16:04:13 App\Jobs\Notifications\AndroidPushNotification . RUNNING
  2025-12-02 16:04:13 App\Jobs\Notifications\AndroidPushNotification  49.67ms DONE
  2025-12-02 16:04:14 App\Jobs\CheckMoovMoneyStatus ............ 851.83ms DONE
  2025-12-02 16:04:40 App\Jobs\CheckMoovMoneyStatus .................. RUNNING
  2025-12-02 16:04:41 App\Jobs\CheckMoovMoneyStatus ............ 511.95ms DONE
  2025-12-02 16:05:11 App\Jobs\CheckMoovMoneyStatus .................. RUNNING
  2025-12-02 16:05:11 App\Jobs\CheckMoovMoneyStatus ............ 459.06ms DONE
  2025-12-02 16:05:41 App\Jobs\CheckMoovMoneyStatus .................. RUNNING
  2025-12-02 16:05:41 App\Jobs\CheckMoovMoneyStatus ............ 537.72ms DONE
  2025-12-02 16:06:11 App\Jobs\CheckMoovMoneyStatus .................. RUNNING
  2025-12-02 16:06:11 App\Jobs\CheckMoovMoneyStatus ............ 603.91ms DONE
  2025-12-02 16:06:41 App\Jobs\CheckMoovMoneyStatus .................. RUNNING
  2025-12-02 16:06:41 App\Jobs\CheckMoovMoneyStatus ............ 420.68ms DONE
  2025-12-02 16:07:11 App\Jobs\CheckMoovMoneyStatus .................. RUNNING
  2025-12-02 16:07:11 App\Jobs\CheckMoovMoneyStatus ............ 477.12ms DONE
  2025-12-02 16:07:41 App\Jobs\CheckMoovMoneyStatus .................. RUNNING
  2025-12-02 16:07:42 App\Jobs\CheckMoovMoneyStatus ............ 490.46ms DONE
  2025-12-02 16:08:12 App\Jobs\CheckMoovMoneyStatus .................. RUNNING
  2025-12-02 16:08:12 App\Jobs\CheckMoovMoneyStatus ............ 391.01ms DONE
  2025-12-02 16:08:42 App\Jobs\CheckMoovMoneyStatus .................. RUNNING
  2025-12-02 16:08:42 App\Jobs\CheckMoovMoneyStatus ............ 442.48ms DONE
  2025-12-02 16:09:12 App\Jobs\CheckMoovMoneyStatus .................. RUNNING
  2025-12-02 16:09:12 App\Jobs\CheckMoovMoneyStatus ............ 410.36ms DONE
  2025-12-02 16:09:42 App\Jobs\CheckMoovMoneyStatus .................. RUNNING
  2025-12-02 16:09:42 App\Jobs\CheckMoovMoneyStatus ............ 453.18ms DONE
  2025-12-02 16:11:03 App\Jobs\Notifications\SendPushNotification .... RUNNING
  2025-12-02 16:11:03 App\Jobs\Notifications\SendPushNotification  28.71ms DONE
  2025-12-02 16:11:04 App\Jobs\Notifications\AndroidPushNotification . RUNNING
  2025-12-02 16:11:04 App\Jobs\Notifications\AndroidPushNotification  95.60ms DONE
  2025-12-02 16:17:40 App\Jobs\Notifications\SendPushNotification .... RUNNING
  2025-12-02 16:17:40 App\Jobs\Notifications\SendPushNotification  18.55ms DONE
  2025-12-02 16:17:40 App\Jobs\Notifications\AndroidPushNotification . RUNNING
  2025-12-02 16:17:40 App\Jobs\Notifications\AndroidPushNotification  126.90ms DONE
  2025-12-02 16:19:33 App\Jobs\Notifications\SendPushNotification .... RUNNING
  2025-12-02 16:19:33 App\Jobs\Notifications\SendPushNotification  17.15ms DONE
  2025-12-02 16:19:33 App\Jobs\Notifications\AndroidPushNotification . RUNNING
  2025-12-02 16:19:33 App\Jobs\Notifications\AndroidPushNotification  52.69ms DONE
  2025-12-02 16:20:02 App\Jobs\CheckMoovMoneyStatus .................. RUNNING
  2025-12-02 16:20:03 App\Jobs\CheckMoovMoneyStatus ............ 804.66ms DONE
  2025-12-02 16:20:13 App\Jobs\Notifications\SendPushNotification .... RUNNING
  2025-12-02 16:20:13 App\Jobs\Notifications\SendPushNotification  24.37ms DONE
  2025-12-02 16:20:13 App\Jobs\Notifications\AndroidPushNotification . RUNNING
  2025-12-02 16:20:13 App\Jobs\Notifications\AndroidPushNotification  63.46ms DONE
  2025-12-02 16:20:23 App\Jobs\Notifications\SendPushNotification .... RUNNING
  2025-12-02 16:20:23 App\Jobs\Notifications\SendPushNotification  18.18ms DONE
  2025-12-02 16:20:23 App\Jobs\Notifications\AndroidPushNotification . RUNNING
  2025-12-02 16:20:23 App\Jobs\Notifications\AndroidPushNotification  78.90ms DONE
  2025-12-02 16:20:33 App\Jobs\CheckMoovMoneyStatus .................. RUNNING
  2025-12-02 16:20:33 App\Jobs\CheckMoovMoneyStatus ............ 433.94ms DONE
  2025-12-02 16:20:43 App\Jobs\CheckMoovMoneyStatus .................. RUNNING
  2025-12-02 16:20:43 App\Jobs\Notifications\SendPushNotification .... RUNNING
  2025-12-02 16:20:43 App\Jobs\Notifications\SendPushNotification  18.28ms DONE
  2025-12-02 16:20:43 App\Jobs\Notifications\SendPushNotification .... RUNNING
  2025-12-02 16:20:43 App\Jobs\Notifications\SendPushNotification  7.78ms DONE
  2025-12-02 16:20:43 App\Jobs\Notifications\AndroidPushNotification . RUNNING
  2025-12-02 16:20:43 App\Jobs\Notifications\AndroidPushNotification . RUNNING
  2025-12-02 16:20:43 App\Jobs\Notifications\AndroidPushNotification  16.71ms DONE
  2025-12-02 16:20:43 App\Jobs\Notifications\AndroidPushNotification  69.26ms DONE
  2025-12-02 16:20:43 App\Jobs\CheckMoovMoneyStatus ............ 419.39ms DONE
  2025-12-02 16:20:49 App\Jobs\Notifications\SendPushNotification .... RUNNING
  2025-12-02 16:20:49 App\Jobs\Notifications\SendPushNotification  12.22ms DONE
  2025-12-02 16:20:49 App\Jobs\Notifications\AndroidPushNotification . RUNNING
  2025-12-02 16:20:49 App\Jobs\Notifications\AndroidPushNotification  88.80ms DONE
  2025-12-02 16:21:13 App\Jobs\CheckMoovMoneyStatus .................. RUNNING
  2025-12-02 16:21:13 App\Jobs\CheckMoovMoneyStatus ............ 461.46ms DONE
  2025-12-02 16:21:43 App\Jobs\CheckMoovMoneyStatus .................. RUNNING
  2025-12-02 16:21:44 App\Jobs\CheckMoovMoneyStatus ............ 495.40ms DONE
  2025-12-02 16:22:14 App\Jobs\CheckMoovMoneyStatus .................. RUNNING
  2025-12-02 16:22:14 App\Jobs\CheckMoovMoneyStatus ............ 484.06ms DONE
  2025-12-02 16:22:44 App\Jobs\CheckMoovMoneyStatus .................. RUNNING
  2025-12-02 16:22:44 App\Jobs\CheckMoovMoneyStatus ............ 451.98ms DONE
  2025-12-02 16:23:14 App\Jobs\CheckMoovMoneyStatus .................. RUNNING
  2025-12-02 16:23:15 App\Jobs\CheckMoovMoneyStatus ............ 464.54ms DONE
  2025-12-02 16:23:45 App\Jobs\CheckMoovMoneyStatus .................. RUNNING
  2025-12-02 16:23:45 App\Jobs\CheckMoovMoneyStatus ............ 445.74ms DONE
  2025-12-02 16:24:15 App\Jobs\CheckMoovMoneyStatus .................. RUNNING
  2025-12-02 16:24:15 App\Jobs\CheckMoovMoneyStatus ............ 410.06ms DONE
  2025-12-02 16:24:45 App\Jobs\CheckMoovMoneyStatus .................. RUNNING
  2025-12-02 16:24:46 App\Jobs\CheckMoovMoneyStatus ............ 480.81ms DONE
  2025-12-02 16:25:03 App\Jobs\Notifications\SendPushNotification .... RUNNING
  2025-12-02 16:25:04 App\Jobs\Notifications\SendPushNotification  34.07ms DONE
  2025-12-02 16:25:04 App\Jobs\Notifications\AndroidPushNotification . RUNNING
  2025-12-02 16:25:04 App\Jobs\Notifications\AndroidPushNotification  166.77ms DONE
  2025-12-02 16:25:16 App\Jobs\CheckMoovMoneyStatus .................. RUNNING
  2025-12-02 16:25:16 App\Jobs\CheckMoovMoneyStatus ............ 494.77ms DONE
  2025-12-02 16:25:46 App\Jobs\CheckMoovMoneyStatus .................. RUNNING
  2025-12-02 16:25:46 App\Jobs\CheckMoovMoneyStatus ............ 420.87ms DONE
  2025-12-02 16:26:03 App\Jobs\Notifications\SendPushNotification .... RUNNING
  2025-12-02 16:26:03 App\Jobs\Notifications\SendPushNotification  36.55ms DONE
  2025-12-02 16:26:03 App\Jobs\Notifications\AndroidPushNotification . RUNNING
  2025-12-02 16:26:04 App\Jobs\Notifications\AndroidPushNotification  98.51ms DONE
  2025-12-02 16:26:16 App\Jobs\CheckMoovMoneyStatus .................. RUNNING
  2025-12-02 16:26:16 App\Jobs\CheckMoovMoneyStatus ............ 449.33ms DONE
  2025-12-02 16:39:54 App\Jobs\Notifications\SendPushNotification .... RUNNING
  2025-12-02 16:39:54 App\Jobs\Notifications\SendPushNotification  13.70ms DONE
  2025-12-02 16:39:54 App\Jobs\Notifications\AndroidPushNotification . RUNNING
  2025-12-02 16:39:54 App\Jobs\Notifications\AndroidPushNotification  86.61ms DONE
  2025-12-03 15:34:10 App\Jobs\Notifications\SendPushNotification .... RUNNING
  2025-12-03 15:34:10 App\Jobs\Notifications\SendPushNotification  88.82ms DONE
  2025-12-03 15:34:10 App\Jobs\Notifications\AndroidPushNotification . RUNNING
  2025-12-03 15:34:11 App\Jobs\Notifications\AndroidPushNotification  228.98ms DONE
  2025-12-03 15:34:28 App\Jobs\Notifications\SendPushNotification .... RUNNING
  2025-12-03 15:34:28 App\Jobs\Notifications\SendPushNotification  88.04ms DONE
  2025-12-03 15:34:28 App\Jobs\Notifications\AndroidPushNotification . RUNNING
  2025-12-03 15:34:29 App\Jobs\Notifications\AndroidPushNotification  210.83ms DONE
  2025-12-03 15:34:40 App\Jobs\CheckMoovMoneyStatus .................. RUNNING
  2025-12-03 15:34:42 App\Jobs\CheckMoovMoneyStatus .................. 1s DONE
  2025-12-03 15:43:28 App\Jobs\CheckMoovMoneyStatus .................. RUNNING
  2025-12-03 15:43:29 App\Jobs\CheckMoovMoneyStatus ............ 927.52ms DONE
  2025-12-03 15:43:47 App\Jobs\Notifications\SendPushNotification .... RUNNING
  2025-12-03 15:43:47 App\Jobs\Notifications\SendPushNotification  28.65ms DONE
  2025-12-03 15:43:47 App\Jobs\Notifications\AndroidPushNotification . RUNNING
  2025-12-03 15:43:47 App\Jobs\Notifications\AndroidPushNotification  119.09ms DONE
  2025-12-03 15:44:03 App\Jobs\CheckMoovMoneyStatus .................. RUNNING
  2025-12-03 15:44:04 App\Jobs\CheckMoovMoneyStatus .................. 1s DONE
  2025-12-03 15:45:05 App\Jobs\Notifications\SendPushNotification .... RUNNING
  2025-12-03 15:45:05 App\Jobs\Notifications\SendPushNotification  23.11ms DONE
  2025-12-03 15:45:05 App\Jobs\Notifications\AndroidPushNotification . RUNNING
  2025-12-03 15:45:05 App\Jobs\Notifications\AndroidPushNotification  40.42ms DONE
  2025-12-03 15:45:21 App\Jobs\Notifications\SendPushNotification .... RUNNING
  2025-12-03 15:45:21 App\Jobs\Notifications\SendPushNotification  42.91ms DONE
  2025-12-03 15:45:21 App\Jobs\Notifications\AndroidPushNotification . RUNNING
  2025-12-03 15:45:21 App\Jobs\Notifications\AndroidPushNotification  104.17ms DONE
  2025-12-03 15:45:34 App\Jobs\CheckMoovMoneyStatus .................. RUNNING
  2025-12-03 15:45:35 App\Jobs\CheckMoovMoneyStatus ............ 699.04ms DONE
  2025-12-03 17:50:04 App\Jobs\Notifications\SendPushNotification .... RUNNING
  2025-12-03 17:50:04 App\Jobs\Notifications\SendPushNotification  120.78ms DONE
  2025-12-03 17:50:04 App\Jobs\Notifications\AndroidPushNotification . RUNNING
  2025-12-03 17:50:05 App\Jobs\Notifications\AndroidPushNotification  201.81ms DONE
  2025-12-03 17:50:34 App\Jobs\Notifications\SendPushNotification .... RUNNING
  2025-12-03 17:50:34 App\Jobs\Notifications\SendPushNotification  77.84ms DONE
  2025-12-03 17:50:34 App\Jobs\Notifications\AndroidPushNotification . RUNNING
  2025-12-03 17:50:35 App\Jobs\Notifications\AndroidPushNotification  202.45ms DONE
  2025-12-04 08:53:33 App\Jobs\Notifications\SendPushNotification .... RUNNING
  2025-12-04 08:53:33 App\Jobs\Notifications\SendPushNotification  90.29ms DONE
  2025-12-04 08:53:33 App\Jobs\Notifications\AndroidPushNotification . RUNNING
  2025-12-04 08:53:33 App\Jobs\Notifications\AndroidPushNotification  244.36ms DONE
  2025-12-04 08:53:49 App\Jobs\Notifications\SendPushNotification .... RUNNING
  2025-12-04 08:53:49 App\Jobs\Notifications\SendPushNotification  87.25ms DONE
  2025-12-04 08:53:49 App\Jobs\Notifications\AndroidPushNotification . RUNNING
  2025-12-04 08:53:49 App\Jobs\Notifications\AndroidPushNotification  230.15ms DONE
  2025-12-04 08:54:03 App\Jobs\CheckMoovMoneyStatus .................. RUNNING
  2025-12-04 08:54:04 App\Jobs\CheckMoovMoneyStatus .................. 1s DONE
  2025-12-04 09:06:09 App\Jobs\Notifications\SendPushNotification .... RUNNING
  2025-12-04 09:06:09 App\Jobs\Notifications\SendPushNotification  100.36ms DONE
  2025-12-04 09:06:09 App\Jobs\Notifications\AndroidPushNotification . RUNNING
  2025-12-04 09:06:10 App\Jobs\Notifications\AndroidPushNotification  237.84ms DONE
  2025-12-04 09:06:26 App\Jobs\Notifications\SendPushNotification .... RUNNING
  2025-12-04 09:06:26 App\Jobs\Notifications\SendPushNotification  78.95ms DONE
  2025-12-04 09:06:26 App\Jobs\Notifications\AndroidPushNotification . RUNNING
  2025-12-04 09:06:26 App\Jobs\Notifications\AndroidPushNotification  193.14ms DONE
  2025-12-04 09:06:40 App\Jobs\CheckMoovMoneyStatus .................. RUNNING
  2025-12-04 09:06:40 App\Jobs\CheckMoovMoneyStatus ............ 878.54ms DONE
  2025-12-04 09:15:15 App\Jobs\Notifications\SendPushNotification .... RUNNING
  2025-12-04 09:15:15 App\Jobs\Notifications\SendPushNotification  18.70ms DONE
  2025-12-04 09:15:15 App\Jobs\Notifications\AndroidPushNotification . RUNNING
  2025-12-04 09:15:15 App\Jobs\Notifications\AndroidPushNotification  60.99ms DONE
  2025-12-04 09:15:31 App\Jobs\Notifications\SendPushNotification .... RUNNING
  2025-12-04 09:15:31 App\Jobs\Notifications\SendPushNotification  22.61ms DONE
  2025-12-04 09:15:31 App\Jobs\Notifications\AndroidPushNotification . RUNNING
  2025-12-04 09:15:31 App\Jobs\Notifications\AndroidPushNotification  98.71ms DONE
  2025-12-04 09:15:44 App\Jobs\CheckMoovMoneyStatus .................. RUNNING
  2025-12-04 09:15:44 App\Jobs\CheckMoovMoneyStatus .............. 8.60ms DONE
  2025-12-04 09:26:43 App\Jobs\Notifications\SendPushNotification .... RUNNING
  2025-12-04 09:26:43 App\Jobs\Notifications\SendPushNotification  18.52ms DONE
  2025-12-04 09:26:43 App\Jobs\Notifications\AndroidPushNotification . RUNNING
  2025-12-04 09:26:43 App\Jobs\Notifications\AndroidPushNotification  108.60ms DONE
  2025-12-04 09:27:40 App\Jobs\Notifications\SendPushNotification .... RUNNING
  2025-12-04 09:27:40 App\Jobs\Notifications\SendPushNotification  17.53ms DONE
  2025-12-04 09:27:40 App\Jobs\Notifications\AndroidPushNotification . RUNNING
  2025-12-04 09:27:40 App\Jobs\Notifications\AndroidPushNotification  52.24ms DONE
  2025-12-04 09:27:57 App\Jobs\Notifications\SendPushNotification .... RUNNING
  2025-12-04 09:27:57 App\Jobs\Notifications\SendPushNotification  17.64ms DONE
  2025-12-04 09:27:57 App\Jobs\Notifications\AndroidPushNotification . RUNNING
  2025-12-04 09:27:57 App\Jobs\Notifications\AndroidPushNotification  85.81ms DONE
  2025-12-04 09:28:09 App\Jobs\CheckMoovMoneyStatus .................. RUNNING
  2025-12-04 09:28:09 App\Jobs\CheckMoovMoneyStatus .............. 9.31ms DONE
  2025-12-04 09:41:04 App\Jobs\Notifications\SendPushNotification .... RUNNING
  2025-12-04 09:41:04 App\Jobs\Notifications\SendPushNotification  25.42ms DONE
  2025-12-04 09:41:04 App\Jobs\Notifications\AndroidPushNotification . RUNNING
  2025-12-04 09:41:04 App\Jobs\Notifications\AndroidPushNotification  101.70ms DONE
  2025-12-04 10:21:53 App\Jobs\Notifications\SendPushNotification .... RUNNING
  2025-12-04 10:21:53 App\Jobs\Notifications\SendPushNotification  8.53ms DONE
  2025-12-04 10:21:54 App\Jobs\Notifications\AndroidPushNotification . RUNNING
  2025-12-04 10:21:54 App\Jobs\Notifications\AndroidPushNotification  54.43ms DONE
  2025-12-04 10:22:09 App\Jobs\Notifications\SendPushNotification .... RUNNING
  2025-12-04 10:22:09 App\Jobs\Notifications\SendPushNotification  9.15ms DONE
  2025-12-04 10:22:09 App\Jobs\Notifications\AndroidPushNotification . RUNNING
  2025-12-04 10:22:09 App\Jobs\Notifications\AndroidPushNotification  133.24ms DONE
  2025-12-04 11:26:12 App\Jobs\Notifications\SendPushNotification .... RUNNING
  2025-12-04 11:26:12 App\Jobs\Notifications\SendPushNotification  137.31ms DONE
  2025-12-04 11:26:12 App\Jobs\Notifications\AndroidPushNotification . RUNNING
  2025-12-04 11:26:13 App\Jobs\Notifications\AndroidPushNotification  170.71ms DONE
  2025-12-04 11:26:18 App\Jobs\CheckMoovMoneyStatus .................. RUNNING
  2025-12-04 11:26:18 App\Jobs\CheckMoovMoneyStatus ............. 80.87ms DONE
  2025-12-04 11:26:40 App\Jobs\Notifications\SendPushNotification .... RUNNING
  2025-12-04 11:26:40 App\Jobs\Notifications\SendPushNotification  163.23ms DONE
  2025-12-04 11:26:40 App\Jobs\Notifications\AndroidPushNotification . RUNNING
  2025-12-04 11:26:40 App\Jobs\Notifications\AndroidPushNotification  128.64ms DONE
  2025-12-04 11:26:57 App\Jobs\Notifications\SendPushNotification .... RUNNING
  2025-12-04 11:26:57 App\Jobs\Notifications\SendPushNotification  9.12ms DONE
  2025-12-04 11:26:57 App\Jobs\Notifications\AndroidPushNotification . RUNNING
  2025-12-04 11:26:57 App\Jobs\Notifications\AndroidPushNotification  102.55ms DONE
  2025-12-04 11:27:09 App\Jobs\CheckMoovMoneyStatus .................. RUNNING
  2025-12-04 11:27:09 App\Jobs\CheckMoovMoneyStatus .............. 6.16ms DONE
  2025-12-04 11:30:07 App\Jobs\Notifications\SendPushNotification .... RUNNING
  2025-12-04 11:30:07 App\Jobs\Notifications\SendPushNotification  15.67ms DONE
  2025-12-04 11:30:07 App\Jobs\Notifications\AndroidPushNotification . RUNNING
  2025-12-04 11:30:07 App\Jobs\Notifications\AndroidPushNotification  103.65ms DONE
  2025-12-04 11:33:03 App\Jobs\Notifications\SendPushNotification .... RUNNING
  2025-12-04 11:33:03 App\Jobs\Notifications\SendPushNotification  34.63ms DONE
  2025-12-04 11:33:03 App\Jobs\Notifications\AndroidPushNotification . RUNNING
  2025-12-04 11:33:03 App\Jobs\Notifications\AndroidPushNotification  130.12ms DONE
  2025-12-04 15:23:02 App\Jobs\Notifications\SendPushNotification .... RUNNING
  2025-12-04 15:23:02 App\Jobs\Notifications\SendPushNotification  151.28ms DONE
  2025-12-04 15:23:02 App\Jobs\Notifications\AndroidPushNotification . RUNNING
  2025-12-04 15:23:02 App\Jobs\Notifications\AndroidPushNotification  205.92ms DONE
  2025-12-04 15:23:20 App\Jobs\Notifications\SendPushNotification .... RUNNING
  2025-12-04 15:23:20 App\Jobs\Notifications\SendPushNotification  85.25ms DONE
  2025-12-04 15:23:20 App\Jobs\Notifications\AndroidPushNotification . RUNNING
  2025-12-04 15:23:21 App\Jobs\Notifications\AndroidPushNotification  219.63ms DONE
  2025-12-04 15:23:32 App\Jobs\CheckMoovMoneyStatus .................. RUNNING
  2025-12-04 15:23:32 App\Jobs\CheckMoovMoneyStatus ............ 115.99ms DONE
  2025-12-04 15:28:21 App\Jobs\Notifications\SendPushNotification .... RUNNING
  2025-12-04 15:28:21 App\Jobs\Notifications\SendPushNotification  138.10ms DONE
  2025-12-04 15:28:21 App\Jobs\Notifications\AndroidPushNotification . RUNNING
  2025-12-04 15:28:21 App\Jobs\Notifications\AndroidPushNotification  197.64ms DONE
  2025-12-04 15:28:48 App\Jobs\Notifications\SendPushNotification .... RUNNING
  2025-12-04 15:28:48 App\Jobs\Notifications\SendPushNotification  145.81ms DONE
  2025-12-04 15:28:48 App\Jobs\Notifications\AndroidPushNotification . RUNNING
  2025-12-04 15:28:48 App\Jobs\Notifications\AndroidPushNotification  231.16ms DONE
  2025-12-04 15:29:24 App\Jobs\Notifications\SendPushNotification .... RUNNING
  2025-12-04 15:29:24 App\Jobs\Notifications\SendPushNotification  10.25ms DONE
  2025-12-04 15:29:24 App\Jobs\Notifications\AndroidPushNotification . RUNNING
  2025-12-04 15:29:24 App\Jobs\Notifications\AndroidPushNotification  355.83ms DONE
  2025-12-04 16:39:21 App\Jobs\Notifications\SendPushNotification .... RUNNING
  2025-12-04 16:39:21 App\Jobs\Notifications\SendPushNotification  10.09ms DONE
  2025-12-04 16:39:21 App\Jobs\Notifications\AndroidPushNotification . RUNNING
  2025-12-04 16:39:21 App\Jobs\Notifications\AndroidPushNotification  59.09ms DONE
  2025-12-04 16:39:39 App\Jobs\Notifications\SendPushNotification .... RUNNING
  2025-12-04 16:39:39 App\Jobs\Notifications\SendPushNotification  61.44ms DONE
  2025-12-04 16:39:39 App\Jobs\Notifications\AndroidPushNotification . RUNNING
  2025-12-04 16:39:39 App\Jobs\Notifications\AndroidPushNotification  149.81ms DONE
  2025-12-04 16:43:06 App\Jobs\Notifications\SendPushNotification .... RUNNING
  2025-12-04 16:43:06 App\Jobs\Notifications\SendPushNotification  9.61ms DONE
  2025-12-04 16:43:06 App\Jobs\Notifications\AndroidPushNotification . RUNNING
  2025-12-04 16:43:06 App\Jobs\Notifications\AndroidPushNotification  56.42ms DONE
  2025-12-04 16:43:24 App\Jobs\Notifications\SendPushNotification .... RUNNING
  2025-12-04 16:43:24 App\Jobs\Notifications\SendPushNotification  143.48ms DONE
  2025-12-04 16:43:24 App\Jobs\Notifications\AndroidPushNotification . RUNNING
  2025-12-04 16:43:24 App\Jobs\Notifications\AndroidPushNotification  164.77ms DONE
  2025-12-04 16:43:36 App\Jobs\CheckMoovMoneyStatus .................. RUNNING
  2025-12-04 16:43:36 App\Jobs\CheckMoovMoneyStatus ............ 110.56ms DONE
  2025-12-04 17:02:07 App\Jobs\Notifications\SendPushNotification .... RUNNING
  2025-12-04 17:02:07 App\Jobs\Notifications\SendPushNotification  172.11ms DONE
  2025-12-04 17:02:07 App\Jobs\Notifications\AndroidPushNotification . RUNNING
  2025-12-04 17:02:07 App\Jobs\Notifications\AndroidPushNotification  193.87ms DONE
  2025-12-05 12:25:59 App\Jobs\Notifications\SendPushNotification .... RUNNING
  2025-12-05 12:25:59 App\Jobs\Notifications\SendPushNotification  82.23ms DONE
  2025-12-05 12:25:59 App\Jobs\Notifications\AndroidPushNotification . RUNNING
  2025-12-05 12:25:59 App\Jobs\Notifications\AndroidPushNotification  203.70ms DONE
  2025-12-05 12:26:08 App\Jobs\Notifications\SendPushNotification .... RUNNING
  2025-12-05 12:26:08 App\Jobs\Notifications\SendPushNotification  86.65ms DONE
  2025-12-05 12:26:08 App\Jobs\Notifications\AndroidPushNotification . RUNNING
  2025-12-05 12:26:08 App\Jobs\Notifications\AndroidPushNotification  195.78ms DONE
  2025-12-05 12:26:26 App\Jobs\CheckMoovMoneyStatus .................. RUNNING
  2025-12-05 12:26:26 App\Jobs\CheckMoovMoneyStatus ............ 151.35ms DONE
  2025-12-05 12:27:56 App\Jobs\Notifications\SendPushNotification .... RUNNING
  2025-12-05 12:27:56 App\Jobs\Notifications\SendPushNotification  82.86ms DONE
  2025-12-05 12:27:56 App\Jobs\Notifications\AndroidPushNotification . RUNNING
  2025-12-05 12:27:56 App\Jobs\Notifications\AndroidPushNotification  209.93ms DONE
  2025-12-05 12:28:08 App\Jobs\Notifications\SendPushNotification .... RUNNING
  2025-12-05 12:28:08 App\Jobs\Notifications\SendPushNotification  87.69ms DONE
  2025-12-05 12:28:08 App\Jobs\Notifications\AndroidPushNotification . RUNNING
  2025-12-05 12:28:08 App\Jobs\Notifications\AndroidPushNotification  189.72ms DONE
  2025-12-05 12:28:20 App\Jobs\Notifications\SendPushNotification .... RUNNING
  2025-12-05 12:28:20 App\Jobs\Notifications\SendPushNotification  78.23ms DONE
  2025-12-05 12:28:20 App\Jobs\Notifications\AndroidPushNotification . RUNNING
  2025-12-05 12:28:20 App\Jobs\Notifications\AndroidPushNotification  218.18ms DONE
  2025-12-05 12:28:38 App\Jobs\CheckMoovMoneyStatus .................. RUNNING
  2025-12-05 12:28:38 App\Jobs\CheckMoovMoneyStatus .............. 6.72ms DONE
  2025-12-05 12:29:20 App\Jobs\Notifications\SendPushNotification .... RUNNING
  2025-12-05 12:29:20 App\Jobs\Notifications\SendPushNotification  35.02ms DONE
  2025-12-05 12:29:20 App\Jobs\Notifications\AndroidPushNotification . RUNNING
  2025-12-05 12:29:20 App\Jobs\Notifications\AndroidPushNotification  160.59ms DONE
  2025-12-05 12:30:05 App\Jobs\Notifications\SendPushNotification .... RUNNING
  2025-12-05 12:30:05 App\Jobs\Notifications\SendPushNotification  80.59ms DONE
  2025-12-05 12:30:05 App\Jobs\Notifications\AndroidPushNotification . RUNNING
  2025-12-05 12:30:05 App\Jobs\Notifications\AndroidPushNotification  62.46ms DONE
  2025-12-05 12:30:47 App\Jobs\Notifications\SendPushNotification .... RUNNING
  2025-12-05 12:30:47 App\Jobs\Notifications\SendPushNotification  18.32ms DONE
  2025-12-05 12:30:47 App\Jobs\Notifications\AndroidPushNotification . RUNNING
  2025-12-05 12:30:47 App\Jobs\Notifications\AndroidPushNotification  91.41ms DONE
  2025-12-05 12:30:53 App\Jobs\Notifications\SendPushNotification .... RUNNING
  2025-12-05 12:30:53 App\Jobs\Notifications\AndroidPushNotification . RUNNING
  2025-12-05 12:30:53 App\Jobs\Notifications\SendPushNotification  95.45ms DONE
  2025-12-05 12:30:53 App\Jobs\Notifications\AndroidPushNotification  99.53ms DONE
  2025-12-05 12:33:05 App\Jobs\Notifications\SendPushNotification .... RUNNING
  2025-12-05 12:33:05 App\Jobs\Notifications\SendPushNotification  83.65ms DONE
  2025-12-05 12:33:05 App\Jobs\Notifications\AndroidPushNotification . RUNNING
  2025-12-05 12:33:06 App\Jobs\Notifications\AndroidPushNotification  197.99ms DONE
  2025-12-05 12:33:14 App\Jobs\Notifications\SendPushNotification .... RUNNING
  2025-12-05 12:33:14 App\Jobs\Notifications\SendPushNotification  9.15ms DONE
  2025-12-05 12:33:14 App\Jobs\Notifications\AndroidPushNotification . RUNNING
  2025-12-05 12:33:14 App\Jobs\Notifications\AndroidPushNotification  87.35ms DONE
  2025-12-05 12:33:35 App\Jobs\CheckMoovMoneyStatus .................. RUNNING
  2025-12-05 12:33:35 App\Jobs\CheckMoovMoneyStatus ............. 60.64ms DONE
  2025-12-05 12:35:05 App\Jobs\Notifications\SendPushNotification .... RUNNING
  2025-12-05 12:35:06 App\Jobs\Notifications\SendPushNotification  83.11ms DONE
  2025-12-05 12:35:06 App\Jobs\Notifications\AndroidPushNotification . RUNNING
  2025-12-05 12:35:06 App\Jobs\Notifications\AndroidPushNotification  99.78ms DONE
  2025-12-05 12:35:18 App\Jobs\Notifications\SendPushNotification .... RUNNING
  2025-12-05 12:35:18 App\Jobs\Notifications\SendPushNotification  9.61ms DONE
  2025-12-05 12:35:18 App\Jobs\Notifications\AndroidPushNotification . RUNNING
  2025-12-05 12:35:18 App\Jobs\Notifications\AndroidPushNotification  52.50ms DONE
  2025-12-05 12:37:39 App\Jobs\Notifications\SendPushNotification .... RUNNING
  2025-12-05 12:37:39 App\Jobs\Notifications\SendPushNotification  10.39ms DONE
  2025-12-05 12:37:39 App\Jobs\ValidateAndGeneratePeakZone ........... RUNNING
  2025-12-05 12:37:39 App\Jobs\Notifications\AndroidPushNotification . RUNNING
  2025-12-05 12:37:39 App\Jobs\Notifications\AndroidPushNotification  88.76ms DONE
  2025-12-05 12:37:39 App\Jobs\ValidateAndGeneratePeakZone ..... 125.90ms DONE
  2025-12-05 12:37:48 App\Jobs\Notifications\SendPushNotification .... RUNNING
  2025-12-05 12:37:48 App\Jobs\Notifications\SendPushNotification  8.77ms DONE
  2025-12-05 12:37:48 App\Jobs\Notifications\AndroidPushNotification . RUNNING
  2025-12-05 12:37:48 App\Jobs\Notifications\AndroidPushNotification  76.38ms DONE
  2025-12-05 12:37:54 App\Jobs\Notifications\SendPushNotification .... RUNNING
  2025-12-05 12:37:54 App\Jobs\Notifications\SendPushNotification  8.48ms DONE
  2025-12-05 12:37:54 App\Jobs\Notifications\AndroidPushNotification . RUNNING
  2025-12-05 12:37:54 App\Jobs\Notifications\AndroidPushNotification  75.20ms DONE
  2025-12-05 12:38:09 App\Jobs\Notifications\SendPushNotification .... RUNNING
  2025-12-05 12:38:09 App\Jobs\Notifications\SendPushNotification  7.84ms DONE
  2025-12-05 12:38:09 App\Jobs\Notifications\AndroidPushNotification . RUNNING
  2025-12-05 12:38:09 App\Jobs\Notifications\AndroidPushNotification  87.36ms DONE
  2025-12-05 12:38:21 App\Jobs\ValidateAndUpdateIncentivesJob ........ RUNNING
  2025-12-05 12:38:21 App\Jobs\ValidateAndUpdateDriverLoyaltyJob ..... RUNNING
  2025-12-05 12:38:21 App\Jobs\Mails\SendUserInvoiceMailNotification . RUNNING
  2025-12-05 12:38:21 App\Jobs\Notifications\SendPushNotification .... RUNNING
  2025-12-05 12:38:21 App\Jobs\Mails\SendDriverInvoiceMailNotification  RUNNING
  2025-12-05 12:38:21 App\Jobs\Notifications\SendPushNotification  30.36ms DONE
  2025-12-05 12:38:21 App\Jobs\Notifications\AndroidPushNotification . RUNNING
  2025-12-05 12:38:21 App\Jobs\ValidateAndUpdateIncentivesJob .. 178.27ms DONE
  2025-12-05 12:38:21 App\Jobs\Notifications\AndroidPushNotification  72.69ms DONE
  2025-12-05 12:38:21 App\Jobs\ValidateAndUpdateDriverLoyaltyJob  133.45ms DONE
  2025-12-05 12:38:21 App\Jobs\Mails\SendUserInvoiceMailNotification  585.55ms DONE
  2025-12-05 12:38:21 App\Jobs\Mails\SendDriverInvoiceMailNotification  612.84ms DONE
  2025-12-08 13:27:29 App\Jobs\CheckMoovMoneyStatus .................. RUNNING
  2025-12-08 13:27:29 App\Jobs\CheckMoovMoneyStatus ............ 163.51ms DONE
  2025-12-08 13:27:58 App\Jobs\Notifications\SendPushNotification .... RUNNING
  2025-12-08 13:27:58 App\Jobs\Notifications\SendPushNotification  87.58ms DONE
  2025-12-08 13:27:58 App\Jobs\Notifications\AndroidPushNotification . RUNNING
  2025-12-08 13:27:58 App\Jobs\Notifications\AndroidPushNotification  171.82ms DONE
  2025-12-08 13:28:27 App\Jobs\CheckMoovMoneyStatus .................. RUNNING
  2025-12-08 13:28:27 App\Jobs\CheckMoovMoneyStatus ............. 91.66ms DONE
  2025-12-08 13:28:46 App\Jobs\Notifications\SendPushNotification .... RUNNING
  2025-12-08 13:28:46 App\Jobs\Notifications\SendPushNotification  99.19ms DONE
  2025-12-08 13:28:46 App\Jobs\Notifications\AndroidPushNotification . RUNNING
  2025-12-08 13:28:47 App\Jobs\Notifications\AndroidPushNotification  174.53ms DONE
  2025-12-08 13:29:15 App\Jobs\CheckMoovMoneyStatus .................. RUNNING
  2025-12-08 13:29:15 App\Jobs\Notifications\SendPushNotification .... RUNNING
  2025-12-08 13:29:15 App\Jobs\CheckMoovMoneyStatus ............ 157.86ms DONE
  2025-12-08 13:29:15 App\Jobs\Notifications\SendPushNotification  99.04ms DONE
  2025-12-08 13:29:15 App\Jobs\Notifications\AndroidPushNotification . RUNNING
  2025-12-08 13:29:15 App\Jobs\Notifications\AndroidPushNotification  219.84ms DONE
  2025-12-08 13:33:03 App\Jobs\Notifications\SendPushNotification .... RUNNING
  2025-12-08 13:33:03 App\Jobs\Notifications\SendPushNotification  104.95ms DONE
  2025-12-08 13:33:03 App\Jobs\Notifications\AndroidPushNotification . RUNNING
  2025-12-08 13:33:03 App\Jobs\Notifications\AndroidPushNotification  212.62ms DONE
  2025-12-08 13:34:03 App\Jobs\Notifications\SendPushNotification .... RUNNING
  2025-12-08 13:34:03 App\Jobs\Notifications\SendPushNotification  15.58ms DONE
  2025-12-08 13:34:03 App\Jobs\Notifications\AndroidPushNotification . RUNNING
  2025-12-08 13:34:04 App\Jobs\Notifications\AndroidPushNotification  67.85ms DONE
  2025-12-08 13:35:45 App\Jobs\Notifications\SendPushNotification .... RUNNING
  2025-12-08 13:35:45 App\Jobs\Notifications\SendPushNotification  9.56ms DONE
  2025-12-08 13:35:45 App\Jobs\Notifications\AndroidPushNotification . RUNNING
  2025-12-08 13:35:46 App\Jobs\Notifications\AndroidPushNotification  84.65ms DONE
  2025-12-08 13:36:02 App\Jobs\Notifications\SendPushNotification .... RUNNING
  2025-12-08 13:36:02 App\Jobs\Notifications\SendPushNotification  61.42ms DONE
  2025-12-08 13:36:02 App\Jobs\Notifications\AndroidPushNotification . RUNNING
  2025-12-08 13:36:03 App\Jobs\Notifications\AndroidPushNotification  209.95ms DONE
  2025-12-08 13:36:06 App\Jobs\Notifications\SendPushNotification .... RUNNING
  2025-12-08 13:36:06 App\Jobs\Notifications\SendPushNotification  16.68ms DONE
  2025-12-08 13:36:06 App\Jobs\Notifications\AndroidPushNotification . RUNNING
  2025-12-08 13:36:06 App\Jobs\Notifications\AndroidPushNotification  69.07ms DONE
  2025-12-08 13:36:32 App\Jobs\CheckMoovMoneyStatus .................. RUNNING
  2025-12-08 13:36:32 App\Jobs\CheckMoovMoneyStatus ............. 82.81ms DONE
  2025-12-08 13:37:09 App\Jobs\Notifications\SendPushNotification .... RUNNING
  2025-12-08 13:37:09 App\Jobs\Notifications\SendPushNotification  38.05ms DONE
  2025-12-08 13:37:09 App\Jobs\Notifications\AndroidPushNotification . RUNNING
  2025-12-08 13:37:09 App\Jobs\Notifications\AndroidPushNotification  224.13ms DONE
  2025-12-08 13:37:39 App\Jobs\Notifications\SendPushNotification .... RUNNING
  2025-12-08 13:37:39 App\Jobs\Notifications\SendPushNotification  10.08ms DONE
  2025-12-08 13:37:39 App\Jobs\Notifications\AndroidPushNotification . RUNNING
  2025-12-08 13:37:40 App\Jobs\Notifications\AndroidPushNotification  24.76ms DONE
  2025-12-08 13:37:55 App\Jobs\Notifications\SendPushNotification .... RUNNING
  2025-12-08 13:37:55 App\Jobs\Notifications\SendPushNotification  11.90ms DONE
  2025-12-08 13:37:55 App\Jobs\Notifications\AndroidPushNotification . RUNNING
  2025-12-08 13:37:55 App\Jobs\Notifications\AndroidPushNotification  50.54ms DONE
  2025-12-08 13:38:09 App\Jobs\CheckMoovMoneyStatus .................. RUNNING
  2025-12-08 13:38:09 App\Jobs\CheckMoovMoneyStatus .............. 7.24ms DONE
  2025-12-08 13:41:06 App\Jobs\Notifications\SendPushNotification .... RUNNING
  2025-12-08 13:41:06 App\Jobs\Notifications\SendPushNotification  13.09ms DONE
  2025-12-08 13:41:06 App\Jobs\Notifications\AndroidPushNotification . RUNNING
  2025-12-08 13:41:06 App\Jobs\Notifications\AndroidPushNotification  58.74ms DONE
  2025-12-08 13:41:11 App\Jobs\Notifications\SendPushNotification .... RUNNING
  2025-12-08 13:41:11 App\Jobs\Notifications\SendPushNotification  9.12ms DONE
  2025-12-08 13:41:11 App\Jobs\Notifications\AndroidPushNotification . RUNNING
  2025-12-08 13:41:11 App\Jobs\Notifications\AndroidPushNotification  84.13ms DONE
  2025-12-08 13:41:35 App\Jobs\CheckMoovMoneyStatus .................. RUNNING
  2025-12-08 13:41:35 App\Jobs\CheckMoovMoneyStatus ............. 82.08ms DONE
  2025-12-08 13:41:37 App\Jobs\Notifications\SendPushNotification .... RUNNING
  2025-12-08 13:41:37 App\Jobs\Notifications\SendPushNotification  6.67ms DONE
  2025-12-08 13:41:37 App\Jobs\Notifications\AndroidPushNotification . RUNNING
  2025-12-08 13:41:37 App\Jobs\Notifications\AndroidPushNotification  147.64ms DONE
  2025-12-08 13:43:28 App\Jobs\Notifications\SendPushNotification .... RUNNING
  2025-12-08 13:43:28 App\Jobs\Notifications\SendPushNotification  6.36ms DONE
  2025-12-08 13:43:28 App\Jobs\Notifications\AndroidPushNotification . RUNNING
  2025-12-08 13:43:28 App\Jobs\Notifications\AndroidPushNotification  73.75ms DONE
  2025-12-08 13:43:51 App\Jobs\Notifications\SendPushNotification .... RUNNING
  2025-12-08 13:43:51 App\Jobs\Notifications\SendPushNotification  8.73ms DONE
  2025-12-08 13:43:51 App\Jobs\Notifications\AndroidPushNotification . RUNNING
  2025-12-08 13:43:51 App\Jobs\Notifications\AndroidPushNotification  50.97ms DONE
  2025-12-08 13:44:02 App\Jobs\Notifications\SendPushNotification .... RUNNING
  2025-12-08 13:44:02 App\Jobs\Notifications\SendPushNotification  13.93ms DONE
  2025-12-08 13:44:02 App\Jobs\Notifications\AndroidPushNotification . RUNNING
  2025-12-08 13:44:02 App\Jobs\Notifications\AndroidPushNotification  104.94ms DONE
  2025-12-08 13:44:21 App\Jobs\CheckMoovMoneyStatus .................. RUNNING
  2025-12-08 13:44:21 App\Jobs\CheckMoovMoneyStatus .............. 5.76ms DONE
  2025-12-09 11:24:49 App\Jobs\Notifications\SendPushNotification .... RUNNING
  2025-12-09 11:24:49 App\Jobs\Notifications\SendPushNotification  86.20ms DONE
  2025-12-09 11:24:49 App\Jobs\Notifications\AndroidPushNotification . RUNNING
  2025-12-09 11:24:49 App\Jobs\Notifications\AndroidPushNotification  202.44ms DONE
  2025-12-09 11:25:02 App\Jobs\Notifications\SendPushNotification .... RUNNING
  2025-12-09 11:25:02 App\Jobs\Notifications\SendPushNotification  155.94ms DONE
  2025-12-09 11:25:02 App\Jobs\Notifications\AndroidPushNotification . RUNNING
  2025-12-09 11:25:02 App\Jobs\Notifications\AndroidPushNotification  241.52ms DONE
  2025-12-09 11:25:24 App\Jobs\Notifications\SendPushNotification .... RUNNING
  2025-12-09 11:25:25 App\Jobs\Notifications\SendPushNotification  84.24ms DONE
  2025-12-09 11:25:25 App\Jobs\Notifications\AndroidPushNotification . RUNNING
  2025-12-09 11:25:25 App\Jobs\Notifications\AndroidPushNotification  365.39ms DONE
  2025-12-09 11:25:31 App\Jobs\CheckMoovMoneyStatus .................. RUNNING
  2025-12-09 11:25:31 App\Jobs\CheckMoovMoneyStatus ............. 33.13ms DONE
  2025-12-09 11:38:59 App\Jobs\Mails\SendUserRegistationMailNotification  RUNNING
  2025-12-09 11:39:00 App\Jobs\Mails\SendUserRegistationMailNotification  623.05ms DONE
  2025-12-09 11:54:44 App\Jobs\Notifications\SendPushNotification .... RUNNING
  2025-12-09 11:54:44 App\Jobs\Notifications\SendPushNotification  11.23ms DONE
  2025-12-09 11:54:44 App\Jobs\Notifications\AndroidPushNotification . RUNNING
  2025-12-09 11:54:44 App\Jobs\Notifications\AndroidPushNotification  86.40ms DONE
  2025-12-10 13:15:34 App\Jobs\Notifications\SendPushNotification .... RUNNING
  2025-12-10 13:15:34 App\Jobs\Notifications\SendPushNotification  91.52ms DONE
  2025-12-10 13:15:34 App\Jobs\Notifications\AndroidPushNotification . RUNNING
  2025-12-10 13:15:34 App\Jobs\Notifications\AndroidPushNotification  174.01ms DONE
  2025-12-10 13:15:58 App\Jobs\Notifications\SendPushNotification .... RUNNING
  2025-12-10 13:15:58 App\Jobs\Notifications\SendPushNotification  8.85ms DONE
  2025-12-10 13:15:58 App\Jobs\Notifications\AndroidPushNotification . RUNNING
  2025-12-10 13:15:58 App\Jobs\Notifications\AndroidPushNotification  58.87ms DONE
  2025-12-10 13:18:28 App\Jobs\Notifications\SendPushNotification .... RUNNING
  2025-12-10 13:18:28 App\Jobs\Notifications\SendPushNotification  76.70ms DONE
  2025-12-10 13:18:28 App\Jobs\Notifications\AndroidPushNotification . RUNNING
  2025-12-10 13:18:28 App\Jobs\Notifications\AndroidPushNotification  218.55ms DONE
  2025-12-10 13:23:50 App\Jobs\Notifications\SendPushNotification .... RUNNING
  2025-12-10 13:23:50 App\Jobs\Notifications\SendPushNotification  79.42ms DONE
  2025-12-10 13:23:50 App\Jobs\Notifications\AndroidPushNotification . RUNNING
  2025-12-10 13:23:50 App\Jobs\Notifications\AndroidPushNotification  198.61ms DONE
  2025-12-10 13:24:13 App\Jobs\Notifications\SendPushNotification .... RUNNING
  2025-12-10 13:24:13 App\Jobs\Notifications\SendPushNotification  87.12ms DONE
  2025-12-10 13:24:13 App\Jobs\Notifications\AndroidPushNotification . RUNNING
  2025-12-10 13:24:13 App\Jobs\Notifications\AndroidPushNotification  173.51ms DONE
  2025-12-10 13:24:22 App\Jobs\Notifications\SendPushNotification .... RUNNING
  2025-12-10 13:24:22 App\Jobs\Notifications\SendPushNotification  78.97ms DONE
  2025-12-10 13:24:22 App\Jobs\Notifications\AndroidPushNotification . RUNNING
  2025-12-10 13:24:22 App\Jobs\Notifications\AndroidPushNotification  181.33ms DONE
  2025-12-10 13:25:46 App\Jobs\Notifications\SendPushNotification .... RUNNING
  2025-12-10 13:25:46 App\Jobs\Notifications\SendPushNotification  84.90ms DONE
  2025-12-10 13:25:46 App\Jobs\Notifications\AndroidPushNotification . RUNNING
  2025-12-10 13:25:47 App\Jobs\Notifications\AndroidPushNotification  192.32ms DONE
  2025-12-10 13:25:49 App\Jobs\Notifications\SendPushNotification .... RUNNING
  2025-12-10 13:25:49 App\Jobs\Notifications\SendPushNotification  11.58ms DONE
  2025-12-10 13:25:49 App\Jobs\Notifications\AndroidPushNotification . RUNNING
  2025-12-10 13:25:50 App\Jobs\Notifications\AndroidPushNotification  84.33ms DONE
  2025-12-10 13:26:15 App\Jobs\CheckMoovMoneyStatus .................. RUNNING
  2025-12-10 13:26:15 App\Jobs\CheckMoovMoneyStatus ............. 77.15ms DONE
  2025-12-10 13:30:05 App\Jobs\Notifications\SendPushNotification .... RUNNING
  2025-12-10 13:30:05 App\Jobs\Notifications\SendPushNotification  132.68ms DONE
  2025-12-10 13:30:05 App\Jobs\Notifications\AndroidPushNotification . RUNNING
  2025-12-10 13:30:05 App\Jobs\Notifications\AndroidPushNotification  107.37ms DONE
  2025-12-10 13:49:33 App\Jobs\Notifications\SendPushNotification .... RUNNING
  2025-12-10 13:49:33 App\Jobs\Notifications\SendPushNotification  78.32ms DONE
  2025-12-10 13:49:33 App\Jobs\Notifications\AndroidPushNotification . RUNNING
  2025-12-10 13:49:33 App\Jobs\Notifications\AndroidPushNotification  204.00ms DONE
  2025-12-10 13:51:27 App\Jobs\Notifications\SendPushNotification .... RUNNING
  2025-12-10 13:51:27 App\Jobs\Notifications\SendPushNotification  10.29ms DONE
  2025-12-10 13:51:27 App\Jobs\Notifications\AndroidPushNotification . RUNNING
  2025-12-10 13:51:27 App\Jobs\Notifications\AndroidPushNotification  51.78ms DONE
  2025-12-10 13:51:30 App\Jobs\Notifications\SendPushNotification .... RUNNING
  2025-12-10 13:51:30 App\Jobs\Notifications\SendPushNotification  8.51ms DONE
  2025-12-10 13:51:30 App\Jobs\Notifications\AndroidPushNotification . RUNNING
  2025-12-10 13:51:30 App\Jobs\Notifications\AndroidPushNotification  79.11ms DONE
  2025-12-10 13:51:57 App\Jobs\CheckMoovMoneyStatus .................. RUNNING
  2025-12-10 13:51:57 App\Jobs\CheckMoovMoneyStatus ............. 26.76ms DONE
  2025-12-10 14:04:18 App\Jobs\Notifications\SendPushNotification .... RUNNING
  2025-12-10 14:04:18 App\Jobs\Notifications\SendPushNotification  8.16ms DONE
  2025-12-10 14:04:18 App\Jobs\Notifications\AndroidPushNotification . RUNNING
  2025-12-10 14:04:18 App\Jobs\Notifications\AndroidPushNotification  115.86ms DONE
  2025-12-10 14:08:36 App\Jobs\CheckMoovMoneyStatus .................. RUNNING
  2025-12-10 14:08:36 App\Jobs\CheckMoovMoneyStatus ............. 36.95ms DONE
  2025-12-10 14:09:54 App\Jobs\CheckMoovMoneyStatus .................. RUNNING
  2025-12-10 14:09:54 App\Jobs\CheckMoovMoneyStatus ............. 31.07ms DONE
  2025-12-10 14:17:04 App\Jobs\Notifications\SendPushNotification .... RUNNING
  2025-12-10 14:17:04 App\Jobs\Notifications\SendPushNotification  38.86ms DONE
  2025-12-10 14:17:04 App\Jobs\Notifications\AndroidPushNotification . RUNNING
  2025-12-10 14:17:04 App\Jobs\Notifications\AndroidPushNotification  102.02ms DONE
  2025-12-10 14:18:04 App\Jobs\Notifications\SendPushNotification .... RUNNING
  2025-12-10 14:18:04 App\Jobs\Notifications\SendPushNotification  35.46ms DONE
  2025-12-10 14:18:04 App\Jobs\Notifications\AndroidPushNotification . RUNNING
  2025-12-10 14:18:04 App\Jobs\Notifications\AndroidPushNotification  94.41ms DONE
  2025-12-10 14:28:16 App\Jobs\CheckMoovMoneyStatus .................. RUNNING
  2025-12-10 14:28:16 App\Jobs\CheckMoovMoneyStatus .............. 4.66ms DONE
  2025-12-10 14:36:04 App\Jobs\Notifications\SendPushNotification .... RUNNING
  2025-12-10 14:36:05 App\Jobs\Notifications\SendPushNotification  71.21ms DONE
  2025-12-10 14:36:05 App\Jobs\Notifications\AndroidPushNotification . RUNNING
  2025-12-10 14:36:05 App\Jobs\Notifications\AndroidPushNotification  90.44ms DONE
  2025-12-10 14:52:00 App\Jobs\Notifications\SendPushNotification .... RUNNING
  2025-12-10 14:52:00 App\Jobs\Notifications\SendPushNotification  97.48ms DONE
  2025-12-10 14:52:00 App\Jobs\Notifications\AndroidPushNotification . RUNNING
  2025-12-10 14:52:00 App\Jobs\Notifications\AndroidPushNotification  200.49ms DONE
  2025-12-10 14:55:32 App\Jobs\Notifications\SendPushNotification .... RUNNING
  2025-12-10 14:55:32 App\Jobs\Notifications\SendPushNotification  61.03ms DONE
  2025-12-10 14:55:32 App\Jobs\Notifications\AndroidPushNotification . RUNNING
  2025-12-10 14:55:32 App\Jobs\Notifications\AndroidPushNotification  124.50ms DONE
  2025-12-10 14:56:00 App\Jobs\Notifications\SendPushNotification .... RUNNING
  2025-12-10 14:56:00 App\Jobs\Notifications\SendPushNotification  15.54ms DONE
  2025-12-10 14:56:00 App\Jobs\Notifications\AndroidPushNotification . RUNNING
  2025-12-10 14:56:00 App\Jobs\Notifications\AndroidPushNotification  92.23ms DONE
  2025-12-10 14:56:02 App\Jobs\CheckMoovMoneyStatus .................. RUNNING
  2025-12-10 14:56:02 App\Jobs\CheckMoovMoneyStatus ............. 11.36ms DONE
  2025-12-10 15:02:51 App\Jobs\Notifications\SendPushNotification .... RUNNING
  2025-12-10 15:02:51 App\Jobs\Notifications\SendPushNotification  8.84ms DONE
  2025-12-10 15:02:51 App\Jobs\Notifications\AndroidPushNotification . RUNNING
  2025-12-10 15:02:51 App\Jobs\Notifications\AndroidPushNotification  86.31ms DONE
  2025-12-10 15:19:30 App\Jobs\Notifications\SendPushNotification .... RUNNING
  2025-12-10 15:19:30 App\Jobs\Notifications\SendPushNotification  89.53ms DONE
  2025-12-10 15:19:30 App\Jobs\Notifications\AndroidPushNotification . RUNNING
  2025-12-10 15:19:31 App\Jobs\Notifications\AndroidPushNotification  171.95ms DONE
  2025-12-10 15:19:45 App\Jobs\Notifications\SendPushNotification .... RUNNING
  2025-12-10 15:19:45 App\Jobs\Notifications\SendPushNotification  83.83ms DONE
  2025-12-10 15:19:45 App\Jobs\Notifications\AndroidPushNotification . RUNNING
  2025-12-10 15:19:46 App\Jobs\Notifications\AndroidPushNotification  167.65ms DONE
  2025-12-10 15:20:00 App\Jobs\CheckMoovMoneyStatus .................. RUNNING
  2025-12-10 15:20:00 App\Jobs\CheckMoovMoneyStatus .............. 6.62ms DONE
  2025-12-10 15:20:06 App\Jobs\Notifications\SendPushNotification .... RUNNING
  2025-12-10 15:20:06 App\Jobs\Notifications\SendPushNotification  13.46ms DONE
  2025-12-10 15:20:06 App\Jobs\Notifications\AndroidPushNotification . RUNNING
  2025-12-10 15:20:06 App\Jobs\Notifications\AndroidPushNotification  102.44ms DONE
  2025-12-10 15:20:15 App\Jobs\CheckMoovMoneyStatus .................. RUNNING
  2025-12-10 15:20:15 App\Jobs\CheckMoovMoneyStatus .............. 5.79ms DONE
  2025-12-10 15:25:04 App\Jobs\Notifications\SendPushNotification .... RUNNING
  2025-12-10 15:25:04 App\Jobs\Notifications\SendPushNotification  46.39ms DONE
  2025-12-10 15:25:04 App\Jobs\Notifications\AndroidPushNotification . RUNNING
  2025-12-10 15:25:04 App\Jobs\Notifications\AndroidPushNotification  89.30ms DONE
  2025-12-10 15:34:20 App\Jobs\Notifications\SendPushNotification .... RUNNING
  2025-12-10 15:34:20 App\Jobs\Notifications\SendPushNotification  7.99ms DONE
  2025-12-10 15:34:20 App\Jobs\Notifications\AndroidPushNotification . RUNNING
  2025-12-10 15:34:20 App\Jobs\Notifications\AndroidPushNotification  96.13ms DONE
  2025-12-10 15:35:19 App\Jobs\Notifications\SendPushNotification .... RUNNING
  2025-12-10 15:35:19 App\Jobs\Notifications\SendPushNotification  90.80ms DONE
  2025-12-10 15:35:19 App\Jobs\Notifications\AndroidPushNotification . RUNNING
  2025-12-10 15:35:19 App\Jobs\Notifications\AndroidPushNotification  175.80ms DONE
  2025-12-10 15:35:37 App\Jobs\Notifications\SendPushNotification .... RUNNING
  2025-12-10 15:35:37 App\Jobs\Notifications\SendPushNotification  7.63ms DONE
  2025-12-10 15:35:37 App\Jobs\Notifications\AndroidPushNotification . RUNNING
  2025-12-10 15:35:37 App\Jobs\Notifications\AndroidPushNotification  87.22ms DONE
  2025-12-10 15:35:49 App\Jobs\CheckMoovMoneyStatus .................. RUNNING
  2025-12-10 15:35:49 App\Jobs\CheckMoovMoneyStatus ............. 18.40ms DONE
  2025-12-10 16:57:14 App\Jobs\Notifications\SendPushNotification .... RUNNING
  2025-12-10 16:57:14 App\Jobs\Notifications\SendPushNotification  81.33ms DONE
  2025-12-10 16:57:14 App\Jobs\Notifications\AndroidPushNotification . RUNNING
  2025-12-10 16:57:15 App\Jobs\Notifications\AndroidPushNotification  294.91ms DONE
  2025-12-10 16:57:18 App\Jobs\Notifications\SendPushNotification .... RUNNING
  2025-12-10 16:57:18 App\Jobs\Notifications\SendPushNotification  9.09ms DONE
  2025-12-10 16:57:18 App\Jobs\Notifications\AndroidPushNotification . RUNNING
  2025-12-10 16:57:18 App\Jobs\Notifications\AndroidPushNotification  80.35ms DONE
  2025-12-10 16:57:44 App\Jobs\CheckMoovMoneyStatus .................. RUNNING
  2025-12-10 16:57:44 App\Jobs\CheckMoovMoneyStatus ............. 64.18ms DONE
  2025-12-10 17:18:22 App\Jobs\Notifications\SendPushNotification .... RUNNING
  2025-12-10 17:18:22 App\Jobs\Notifications\SendPushNotification  77.17ms DONE
  2025-12-10 17:18:22 App\Jobs\Notifications\AndroidPushNotification . RUNNING
  2025-12-10 17:18:22 App\Jobs\Notifications\AndroidPushNotification  157.18ms DONE
  2025-12-10 17:18:25 App\Jobs\Notifications\SendPushNotification .... RUNNING
  2025-12-10 17:18:25 App\Jobs\Notifications\SendPushNotification  8.54ms DONE
  2025-12-10 17:18:25 App\Jobs\Notifications\AndroidPushNotification . RUNNING
  2025-12-10 17:18:25 App\Jobs\Notifications\AndroidPushNotification  88.87ms DONE
  2025-12-10 17:18:51 App\Jobs\CheckMoovMoneyStatus .................. RUNNING
  2025-12-10 17:18:51 App\Jobs\CheckMoovMoneyStatus ............. 68.75ms DONE
  2025-12-10 17:21:35 App\Jobs\Notifications\SendPushNotification .... RUNNING
  2025-12-10 17:21:36 App\Jobs\Notifications\SendPushNotification  87.08ms DONE
  2025-12-10 17:21:36 App\Jobs\Notifications\AndroidPushNotification . RUNNING
  2025-12-10 17:21:36 App\Jobs\Notifications\AndroidPushNotification  172.46ms DONE
  2025-12-10 17:22:04 App\Jobs\Notifications\SendPushNotification .... RUNNING
  2025-12-10 17:22:04 App\Jobs\Notifications\SendPushNotification  13.11ms DONE
  2025-12-10 17:22:04 App\Jobs\Notifications\AndroidPushNotification . RUNNING
  2025-12-10 17:22:04 App\Jobs\Notifications\AndroidPushNotification  84.47ms DONE
  2025-12-10 17:22:05 App\Jobs\CheckMoovMoneyStatus .................. RUNNING
  2025-12-10 17:22:06 App\Jobs\CheckMoovMoneyStatus ............. 77.87ms DONE
  2025-12-10 17:31:07 App\Jobs\Notifications\SendPushNotification .... RUNNING
  2025-12-10 17:31:07 App\Jobs\Notifications\SendPushNotification  8.91ms DONE
  2025-12-10 17:31:07 App\Jobs\Notifications\AndroidPushNotification . RUNNING
  2025-12-10 17:31:07 App\Jobs\Notifications\AndroidPushNotification  50.89ms DONE
  2025-12-10 17:31:24 App\Jobs\Notifications\SendPushNotification .... RUNNING
  2025-12-10 17:31:24 App\Jobs\Notifications\SendPushNotification  82.07ms DONE
  2025-12-10 17:31:24 App\Jobs\Notifications\AndroidPushNotification . RUNNING
  2025-12-10 17:31:24 App\Jobs\Notifications\AndroidPushNotification  191.30ms DONE
  2025-12-10 17:33:06 App\Jobs\Notifications\SendPushNotification .... RUNNING
  2025-12-10 17:33:06 App\Jobs\Notifications\SendPushNotification  80.77ms DONE
  2025-12-10 17:33:06 App\Jobs\Notifications\AndroidPushNotification . RUNNING
  2025-12-10 17:33:06 App\Jobs\Notifications\AndroidPushNotification  169.84ms DONE
  2025-12-10 17:33:22 App\Jobs\Notifications\SendPushNotification .... RUNNING
  2025-12-10 17:33:22 App\Jobs\Notifications\SendPushNotification  8.81ms DONE
  2025-12-10 17:33:22 App\Jobs\Notifications\AndroidPushNotification . RUNNING
  2025-12-10 17:33:23 App\Jobs\Notifications\AndroidPushNotification  88.04ms DONE
  2025-12-10 17:33:35 App\Jobs\CheckMoovMoneyStatus .................. RUNNING
  2025-12-10 17:33:35 App\Jobs\CheckMoovMoneyStatus ............. 27.92ms DONE
  2025-12-10 17:58:52 App\Jobs\Notifications\SendPushNotification .... RUNNING
  2025-12-10 17:58:52 App\Jobs\Notifications\SendPushNotification  43.26ms DONE
  2025-12-10 17:58:52 App\Jobs\Notifications\AndroidPushNotification . RUNNING
  2025-12-10 17:58:52 App\Jobs\Notifications\AndroidPushNotification  280.71ms DONE
  2025-12-10 17:59:49 App\Jobs\Notifications\SendPushNotification .... RUNNING
  2025-12-10 17:59:49 App\Jobs\Notifications\SendPushNotification  12.14ms DONE
  2025-12-10 17:59:49 App\Jobs\Notifications\AndroidPushNotification . RUNNING
  2025-12-10 17:59:49 App\Jobs\Notifications\AndroidPushNotification  131.87ms DONE
  2025-12-10 18:00:07 App\Jobs\Notifications\SendPushNotification .... RUNNING
  2025-12-10 18:00:07 App\Jobs\Notifications\SendPushNotification  227.22ms DONE
  2025-12-10 18:00:07 App\Jobs\Notifications\AndroidPushNotification . RUNNING
  2025-12-10 18:00:08 App\Jobs\Notifications\AndroidPushNotification  460.74ms DONE
  2025-12-10 18:15:09 App\Jobs\Notifications\SendPushNotification .... RUNNING
  2025-12-10 18:15:09 App\Jobs\Notifications\SendPushNotification  8.63ms DONE
  2025-12-10 18:15:09 App\Jobs\Notifications\AndroidPushNotification . RUNNING
  2025-12-10 18:15:09 App\Jobs\Notifications\AndroidPushNotification  61.20ms DONE
  2025-12-10 18:15:38 App\Jobs\CheckMoovMoneyStatus .................. RUNNING
  2025-12-10 18:15:38 App\Jobs\Notifications\SendPushNotification .... RUNNING
  2025-12-10 18:15:38 App\Jobs\Notifications\SendPushNotification  7.05ms DONE
  2025-12-10 18:15:38 App\Jobs\Notifications\AndroidPushNotification . RUNNING
  2025-12-10 18:15:38 App\Jobs\CheckMoovMoneyStatus ............. 34.27ms DONE
  2025-12-10 18:15:38 App\Jobs\Notifications\AndroidPushNotification  89.15ms DONE
  2025-12-10 18:19:02 App\Jobs\Notifications\SendPushNotification .... RUNNING
  2025-12-10 18:19:02 App\Jobs\Notifications\SendPushNotification  12.21ms DONE
  2025-12-10 18:19:02 App\Jobs\Notifications\AndroidPushNotification . RUNNING
  2025-12-10 18:19:02 App\Jobs\Notifications\AndroidPushNotification  115.60ms DONE
  2025-12-10 18:19:30 App\Jobs\Notifications\SendPushNotification .... RUNNING
  2025-12-10 18:19:30 App\Jobs\Notifications\SendPushNotification  7.00ms DONE
  2025-12-10 18:19:30 App\Jobs\Notifications\AndroidPushNotification . RUNNING
  2025-12-10 18:19:30 App\Jobs\Notifications\AndroidPushNotification  42.40ms DONE
  2025-12-10 18:19:45 App\Jobs\Notifications\SendPushNotification .... RUNNING
  2025-12-10 18:19:45 App\Jobs\Notifications\SendPushNotification  8.55ms DONE
  2025-12-10 18:19:45 App\Jobs\Notifications\AndroidPushNotification . RUNNING
  2025-12-10 18:19:46 App\Jobs\Notifications\AndroidPushNotification  79.27ms DONE
  2025-12-10 18:28:15 App\Jobs\Notifications\SendPushNotification .... RUNNING
  2025-12-10 18:28:15 App\Jobs\Notifications\SendPushNotification  13.02ms DONE
  2025-12-10 18:28:15 App\Jobs\Notifications\AndroidPushNotification . RUNNING
  2025-12-10 18:28:15 App\Jobs\Notifications\AndroidPushNotification  150.52ms DONE
  2025-12-10 18:28:33 App\Jobs\Notifications\SendPushNotification .... RUNNING
  2025-12-10 18:28:33 App\Jobs\Notifications\SendPushNotification  8.50ms DONE
  2025-12-10 18:28:33 App\Jobs\Notifications\AndroidPushNotification . RUNNING
  2025-12-10 18:28:33 App\Jobs\Notifications\AndroidPushNotification  95.33ms DONE
  2025-12-10 18:29:01 App\Jobs\Notifications\SendPushNotification .... RUNNING
  2025-12-10 18:29:01 App\Jobs\Notifications\SendPushNotification  12.47ms DONE
  2025-12-10 18:29:01 App\Jobs\Notifications\AndroidPushNotification . RUNNING
  2025-12-10 18:29:01 App\Jobs\Notifications\AndroidPushNotification  159.85ms DONE
  2025-12-10 18:30:54 App\Jobs\Notifications\SendPushNotification .... RUNNING
  2025-12-10 18:30:54 App\Jobs\Notifications\SendPushNotification  8.54ms DONE
  2025-12-10 18:30:54 App\Jobs\Notifications\AndroidPushNotification . RUNNING
  2025-12-10 18:30:54 App\Jobs\Notifications\AndroidPushNotification  37.22ms DONE
  2025-12-10 18:31:21 App\Jobs\Notifications\SendPushNotification .... RUNNING
  2025-12-10 18:31:21 App\Jobs\Notifications\SendPushNotification  8.45ms DONE
  2025-12-10 18:31:21 App\Jobs\Notifications\AndroidPushNotification . RUNNING
  2025-12-10 18:31:21 App\Jobs\Notifications\AndroidPushNotification  86.87ms DONE
  2025-12-10 18:31:24 App\Jobs\CheckMoovMoneyStatus .................. RUNNING
  2025-12-10 18:31:24 App\Jobs\CheckMoovMoneyStatus ............. 32.79ms DONE
  2025-12-10 18:32:36 App\Jobs\Notifications\SendPushNotification .... RUNNING
  2025-12-10 18:32:36 App\Jobs\Notifications\SendPushNotification  7.37ms DONE
  2025-12-10 18:32:36 App\Jobs\Notifications\AndroidPushNotification . RUNNING
  2025-12-10 18:32:36 App\Jobs\Notifications\AndroidPushNotification  83.91ms DONE
  2025-12-10 18:33:06 App\Jobs\Notifications\SendPushNotification .... RUNNING
  2025-12-10 18:33:06 App\Jobs\Notifications\SendPushNotification  8.33ms DONE
  2025-12-10 18:33:06 App\Jobs\Notifications\AndroidPushNotification . RUNNING
  2025-12-10 18:33:06 App\Jobs\Notifications\AndroidPushNotification  39.53ms DONE
  2025-12-10 18:33:21 App\Jobs\Notifications\SendPushNotification .... RUNNING
  2025-12-10 18:33:21 App\Jobs\Notifications\SendPushNotification  10.39ms DONE
  2025-12-10 18:33:21 App\Jobs\Notifications\AndroidPushNotification . RUNNING
  2025-12-10 18:33:21 App\Jobs\Notifications\AndroidPushNotification  69.18ms DONE
  2025-12-10 18:35:43 App\Jobs\Notifications\SendPushNotification .... RUNNING
  2025-12-10 18:35:43 App\Jobs\Notifications\SendPushNotification  6.45ms DONE
  2025-12-10 18:35:43 App\Jobs\Notifications\AndroidPushNotification . RUNNING
  2025-12-10 18:35:43 App\Jobs\Notifications\AndroidPushNotification  48.75ms DONE
  2025-12-10 18:36:03 App\Jobs\Notifications\SendPushNotification .... RUNNING
  2025-12-10 18:36:03 App\Jobs\Notifications\SendPushNotification  10.38ms DONE
  2025-12-10 18:36:03 App\Jobs\Notifications\AndroidPushNotification . RUNNING
  2025-12-10 18:36:03 App\Jobs\Notifications\AndroidPushNotification  86.42ms DONE
  2025-12-10 18:36:13 App\Jobs\CheckMoovMoneyStatus .................. RUNNING
  2025-12-10 18:36:13 App\Jobs\CheckMoovMoneyStatus .............. 6.68ms DONE
  2025-12-10 20:11:46 App\Jobs\Notifications\SendPushNotification .... RUNNING
  2025-12-10 20:11:47 App\Jobs\Notifications\SendPushNotification  77.27ms DONE
  2025-12-10 20:11:47 App\Jobs\Notifications\AndroidPushNotification . RUNNING
  2025-12-10 20:11:47 App\Jobs\Notifications\AndroidPushNotification  209.29ms DONE
  2025-12-11 09:33:52 App\Jobs\Notifications\SendPushNotification .... RUNNING
  2025-12-11 09:33:52 App\Jobs\Notifications\SendPushNotification  84.39ms DONE
  2025-12-11 09:33:52 App\Jobs\Notifications\AndroidPushNotification . RUNNING
  2025-12-11 09:33:53 App\Jobs\Notifications\AndroidPushNotification  165.78ms DONE
  2025-12-11 09:34:38 App\Jobs\Notifications\SendPushNotification .... RUNNING
  2025-12-11 09:34:38 App\Jobs\Notifications\SendPushNotification  9.47ms DONE
  2025-12-11 09:34:38 App\Jobs\Notifications\AndroidPushNotification . RUNNING
  2025-12-11 09:34:38 App\Jobs\Notifications\AndroidPushNotification  19.07ms DONE
  2025-12-11 09:34:54 App\Jobs\Notifications\SendPushNotification .... RUNNING
  2025-12-11 09:34:54 App\Jobs\Notifications\SendPushNotification  107.58ms DONE
  2025-12-11 09:34:54 App\Jobs\Notifications\AndroidPushNotification . RUNNING
  2025-12-11 09:34:54 App\Jobs\Notifications\AndroidPushNotification  278.18ms DONE
  2025-12-11 09:35:08 App\Jobs\CheckMoovMoneyStatus .................. RUNNING
  2025-12-11 09:35:08 App\Jobs\CheckMoovMoneyStatus ............. 34.68ms DONE
  2025-12-11 09:42:23 App\Jobs\Notifications\SendPushNotification .... RUNNING
  2025-12-11 09:42:23 App\Jobs\Notifications\SendPushNotification  9.39ms DONE
  2025-12-11 09:42:23 App\Jobs\Notifications\AndroidPushNotification . RUNNING
  2025-12-11 09:42:23 App\Jobs\Notifications\AndroidPushNotification  90.69ms DONE
  2025-12-11 09:42:56 App\Jobs\Notifications\SendPushNotification .... RUNNING
  2025-12-11 09:42:56 App\Jobs\Notifications\SendPushNotification  5.83ms DONE
  2025-12-11 09:42:56 App\Jobs\Notifications\AndroidPushNotification . RUNNING
  2025-12-11 09:42:56 App\Jobs\Notifications\AndroidPushNotification  25.23ms DONE
  2025-12-11 09:43:03 App\Jobs\Notifications\SendPushNotification .... RUNNING
  2025-12-11 09:43:03 App\Jobs\Notifications\SendPushNotification  90.27ms DONE
  2025-12-11 09:43:03 App\Jobs\Notifications\AndroidPushNotification . RUNNING
  2025-12-11 09:43:04 App\Jobs\Notifications\AndroidPushNotification  236.77ms DONE
  2025-12-11 10:34:10 App\Jobs\Notifications\SendPushNotification .... RUNNING
  2025-12-11 10:34:10 App\Jobs\Notifications\SendPushNotification  63.06ms DONE
  2025-12-11 10:34:10 App\Jobs\Notifications\AndroidPushNotification . RUNNING
  2025-12-11 10:34:11 App\Jobs\Notifications\AndroidPushNotification  192.22ms DONE
  2025-12-11 10:59:12 App\Jobs\Notifications\SendPushNotification .... RUNNING
  2025-12-11 10:59:12 App\Jobs\Notifications\SendPushNotification  89.91ms DONE
  2025-12-11 10:59:12 App\Jobs\Notifications\AndroidPushNotification . RUNNING
  2025-12-11 10:59:12 App\Jobs\Notifications\AndroidPushNotification  188.43ms DONE
  2025-12-11 10:59:42 App\Jobs\CheckMoovMoneyStatus .................. RUNNING
  2025-12-11 10:59:42 App\Jobs\CheckMoovMoneyStatus ............. 27.60ms DONE
  2025-12-11 10:59:42 App\Jobs\Notifications\SendPushNotification .... RUNNING
  2025-12-11 10:59:42 App\Jobs\Notifications\SendPushNotification  10.49ms DONE
  2025-12-11 10:59:42 App\Jobs\Notifications\AndroidPushNotification . RUNNING
  2025-12-11 10:59:42 App\Jobs\Notifications\AndroidPushNotification  89.69ms DONE
  2025-12-11 11:01:42 App\Jobs\Notifications\SendPushNotification .... RUNNING
  2025-12-11 11:01:42 App\Jobs\Notifications\SendPushNotification  79.80ms DONE
  2025-12-11 11:01:42 App\Jobs\Notifications\AndroidPushNotification . RUNNING
  2025-12-11 11:01:42 App\Jobs\Notifications\AndroidPushNotification  210.14ms DONE
  2025-12-11 11:05:06 App\Jobs\Notifications\SendPushNotification .... RUNNING
  2025-12-11 11:05:06 App\Jobs\Notifications\SendPushNotification  8.15ms DONE
  2025-12-11 11:05:06 App\Jobs\Notifications\AndroidPushNotification . RUNNING
  2025-12-11 11:05:06 App\Jobs\Notifications\AndroidPushNotification  69.84ms DONE
  2025-12-18 19:15:31 App\Jobs\Mails\SendUserRegistationMailNotification  RUNNING
  2025-12-18 19:15:31 App\Jobs\Mails\SendUserRegistationMailNotification  615.04ms DONE
  2025-12-23 12:49:11 App\Jobs\ValidateAndGeneratePeakZone ........... RUNNING
  2025-12-23 12:49:11 App\Jobs\ValidateAndGeneratePeakZone ..... 131.35ms DONE
  2025-12-23 12:50:05 App\Jobs\ValidateAndGeneratePeakZone ........... RUNNING
  2025-12-23 12:50:05 App\Jobs\ValidateAndGeneratePeakZone ..... 146.37ms DONE
  2025-12-23 12:50:15 App\Jobs\Notifications\SendPushNotification .... RUNNING
  2025-12-23 12:50:16 App\Jobs\Notifications\SendPushNotification  152.90ms DONE
  2025-12-23 12:50:16 App\Jobs\Notifications\AndroidPushNotification . RUNNING
  2025-12-23 12:50:16 App\Jobs\Notifications\AndroidPushNotification  779.17ms DONE
  2025-12-23 12:53:17 App\Jobs\Notifications\SendPushNotification .... RUNNING
  2025-12-23 12:53:17 App\Jobs\ValidateAndGeneratePeakZone ........... RUNNING
  2025-12-23 12:53:17 App\Jobs\Notifications\SendPushNotification  135.36ms DONE
  2025-12-23 12:53:17 App\Jobs\Notifications\AndroidPushNotification . RUNNING
  2025-12-23 12:53:17 App\Jobs\ValidateAndGeneratePeakZone ..... 130.02ms DONE
  2025-12-23 12:53:18 App\Jobs\Notifications\AndroidPushNotification  471.45ms DONE
  2025-12-23 12:53:34 App\Jobs\Notifications\SendPushNotification .... RUNNING
  2025-12-23 12:53:34 App\Jobs\Notifications\SendPushNotification  135.25ms DONE
  2025-12-23 12:53:34 App\Jobs\Notifications\AndroidPushNotification . RUNNING
  2025-12-23 12:53:34 App\Jobs\Notifications\AndroidPushNotification  384.94ms DONE
  2025-12-23 12:53:39 App\Jobs\Notifications\SendPushNotification .... RUNNING
  2025-12-23 12:53:39 App\Jobs\Notifications\SendPushNotification  164.98ms DONE
  2025-12-23 12:53:39 App\Jobs\Notifications\AndroidPushNotification . RUNNING
  2025-12-23 12:53:39 App\Jobs\Notifications\AndroidPushNotification  641.56ms DONE
  2025-12-23 12:56:16 App\Jobs\Notifications\SendPushNotification .... RUNNING
  2025-12-23 12:56:16 App\Jobs\Notifications\SendPushNotification  9.84ms DONE
  2025-12-23 12:56:16 App\Jobs\Notifications\AndroidPushNotification . RUNNING
  2025-12-23 12:56:17 App\Jobs\Notifications\AndroidPushNotification  575.21ms DONE
  2025-12-23 12:56:25 App\Jobs\ValidateAndUpdateIncentivesJob ........ RUNNING
  2025-12-23 12:56:25 App\Jobs\ValidateAndUpdateIncentivesJob ... 87.00ms DONE
  2025-12-23 12:56:25 App\Jobs\ValidateAndUpdateDriverLoyaltyJob ..... RUNNING
  2025-12-23 12:56:25 App\Jobs\ValidateAndUpdateDriverLoyaltyJob  35.98ms DONE
  2025-12-23 12:56:25 App\Jobs\Mails\SendUserInvoiceMailNotification . RUNNING
  2025-12-23 12:56:26 App\Jobs\Notifications\SendPushNotification .... RUNNING
  2025-12-23 12:56:26 App\Jobs\Notifications\SendPushNotification  19.92ms DONE
  2025-12-23 12:56:26 App\Jobs\Mails\SendDriverInvoiceMailNotification  RUNNING
  2025-12-23 12:56:26 App\Jobs\Notifications\AndroidPushNotification . RUNNING
  2025-12-23 12:56:26 App\Jobs\Notifications\AndroidPushNotification  308.60ms DONE
  2025-12-23 12:56:26 App\Jobs\Mails\SendDriverInvoiceMailNotification  630.54ms DONE
  2025-12-23 12:56:27 App\Jobs\Mails\SendUserInvoiceMailNotification . 1s DONE

   Illuminate\Database\QueryException 

  SQLSTATE[HY000] [2002] Connection refused (Connection: mysql, SQL: select table_name as `name`, (data_length + index_length) as `size`, table_comment as `comment`, engine as `engine`, table_collation as `collation` from information_schema.tables where table_schema = 'chapchap' and table_type in ('BASE TABLE', 'SYSTEM VERSIONED') order by table_name)

  at /var/www/html/chapchap/vendor/laravel/framework/src/Illuminate/Database/Connection.php:829

   Illuminate\Database\QueryException 

  SQLSTATE[HY000] [2002] Connection refused (Connection: mysql, SQL: select table_name as `name`, (data_length + index_length) as `size`, table_comment as `comment`, engine as `engine`, table_collation as `collation` from information_schema.tables where table_schema = 'chapchap' and table_type in ('BASE TABLE', 'SYSTEM VERSIONED') order by table_name)

  at /var/www/html/chapchap/vendor/laravel/framework/src/Illuminate/Database/Connection.php:829

   Illuminate\Database\QueryException 

  SQLSTATE[HY000] [2002] Connection refused (Connection: mysql, SQL: select table_name as `name`, (data_length + index_length) as `size`, table_comment as `comment`, engine as `engine`, table_collation as `collation` from information_schema.tables where table_schema = 'chapchap' and table_type in ('BASE TABLE', 'SYSTEM VERSIONED') order by table_name)

  at /var/www/html/chapchap/vendor/laravel/framework/src/Illuminate/Database/Connection.php:829

   Illuminate\Database\QueryException 

  SQLSTATE[HY000] [2002] Connection refused (Connection: mysql, SQL: select table_name as `name`, (data_length + index_length) as `size`, table_comment as `comment`, engine as `engine`, table_collation as `collation` from information_schema.tables where table_schema = 'chapchap' and table_type in ('BASE TABLE', 'SYSTEM VERSIONED') order by table_name)

  at /var/www/html/chapchap/vendor/laravel/framework/src/Illuminate/Database/Connection.php:829

   Illuminate\Database\QueryException 

  SQLSTATE[HY000] [2002] Connection refused (Connection: mysql, SQL: select table_name as `name`, (data_length + index_length) as `size`, table_comment as `comment`, engine as `engine`, table_collation as `collation` from information_schema.tables where table_schema = 'chapchap' and table_type in ('BASE TABLE', 'SYSTEM VERSIONED') order by table_name)

  at /var/www/html/chapchap/vendor/laravel/framework/src/Illuminate/Database/Connection.php:829

   Illuminate\Database\QueryException 

  SQLSTATE[HY000] [2002] Connection refused (Connection: mysql, SQL: select table_name as `name`, (data_length + index_length) as `size`, table_comment as `comment`, engine as `engine`, table_collation as `collation` from information_schema.tables where table_schema = 'chapchap' and table_type in ('BASE TABLE', 'SYSTEM VERSIONED') order by table_name)

  at /var/www/html/chapchap/vendor/laravel/framework/src/Illuminate/Database/Connection.php:829
    825▕                     $this->getName(), $query, $this->prepareBindings($bindings), $e
    826▕                 );
    827▕             }
    828▕ 
  ➜ 829▕             throw new QueryException(
    830▕                 $this->getName(), $query, $this->prepareBindings($bindings), $e
    831▕             );
    832▕         }
    833▕     }

  1   [internal]:0
      Illuminate\Foundation\Application::Illuminate\Foundation\{closure}()
      [2m+19 vendor frames [22m

  21  /var/www/html/chapchap/app/Providers/AppServiceProvider.php:51
      Illuminate\Support\Facades\Facade::__callStatic()


   Illuminate\Database\QueryException 

  SQLSTATE[HY000] [2002] Connection refused (Connection: mysql, SQL: select table_name as `name`, (data_length + index_length) as `size`, table_comment as `comment`, engine as `engine`, table_collation as `collation` from information_schema.tables where table_schema = 'chapchap' and table_type in ('BASE TABLE', 'SYSTEM VERSIONED') order by table_name)

  at /var/www/html/chapchap/vendor/laravel/framework/src/Illuminate/Database/Connection.php:829

   Illuminate\Database\QueryException 

  SQLSTATE[HY000] [2002] Connection refused (Connection: mysql, SQL: select table_name as `name`, (data_length + index_length) as `size`, table_comment as `comment`, engine as `engine`, table_collation as `collation` from information_schema.tables where table_schema = 'chapchap' and table_type in ('BASE TABLE', 'SYSTEM VERSIONED') order by table_name)

  at /var/www/html/chapchap/vendor/laravel/framework/src/Illuminate/Database/Connection.php:829
    825▕                     $this->getName(), $query, $this->prepareBindings($bindings), $e
    826▕                 );
    827▕             }
    828▕ 
  ➜ 829▕             throw new QueryException(
    830▕                 $this->getName(), $query, $this->prepareBindings($bindings), $e
    831▕             );
    832▕         }
    833▕     }

  1   [internal]:0
      Illuminate\Foundation\Application::Illuminate\Foundation\{closure}()
      [2m+19 vendor frames [22m

  21  /var/www/html/chapchap/app/Providers/AppServiceProvider.php:51
      Illuminate\Support\Facades\Facade::__callStatic()

    825▕                     $this->getName(), $query, $this->prepareBindings($bindings), $e
    826▕                 );
    827▕             }
    828▕ 
  ➜ 829▕             throw new QueryException(
    830▕                 $this->getName(), $query, $this->prepareBindings($bindings), $e
    831▕             );
    832▕         }
    833▕     }

  1   [internal]:0
      Illuminate\Foundation\Application::Illuminate\Foundation\{closure}()
      [2m+19 vendor frames [22m

  21  /var/www/html/chapchap/app/Providers/AppServiceProvider.php:51
      Illuminate\Support\Facades\Facade::__callStatic()

    825▕                     $this->getName(), $query, $this->prepareBindings($bindings), $e
    826▕                 );
    827▕             }
    828▕ 
  ➜ 829▕             throw new QueryException(
    830▕                 $this->getName(), $query, $this->prepareBindings($bindings), $e
    831▕             );
    832▕         }
    833▕     }

  1   [internal]:0
      Illuminate\Foundation\Application::Illuminate\Foundation\{closure}()
      [2m+19 vendor frames [22m

  21  /var/www/html/chapchap/app/Providers/AppServiceProvider.php:51
      Illuminate\Support\Facades\Facade::__callStatic()

    825▕                     $this->getName(), $query, $this->prepareBindings($bindings), $e
    826▕                 );
    827▕             }
    828▕ 
  ➜ 829▕             throw new QueryException(
    830▕                 $this->getName(), $query, $this->prepareBindings($bindings), $e
    831▕             );
    832▕         }
    833▕     }

  1   [internal]:0
      Illuminate\Foundation\Application::Illuminate\Foundation\{closure}()
      [2m+19 vendor frames [22m

  21  /var/www/html/chapchap/app/Providers/AppServiceProvider.php:51
      Illuminate\Support\Facades\Facade::__callStatic()

    825▕                     $this->getName(), $query, $this->prepareBindings($bindings), $e
    826▕                 );
    827▕             }
    828▕ 
  ➜ 829▕             throw new QueryException(
    830▕                 $this->getName(), $query, $this->prepareBindings($bindings), $e
    831▕             );
    832▕         }
    833▕     }

  1   [internal]:0
      Illuminate\Foundation\Application::Illuminate\Foundation\{closure}()
      [2m+19 vendor frames [22m

  21  /var/www/html/chapchap/app/Providers/AppServiceProvider.php:51
      Illuminate\Support\Facades\Facade::__callStatic()

    825▕                     $this->getName(), $query, $this->prepareBindings($bindings), $e
    826▕                 );
    827▕             }
    828▕ 
  ➜ 829▕             throw new QueryException(
    830▕                 $this->getName(), $query, $this->prepareBindings($bindings), $e
    831▕             );
    832▕         }
    833▕     }
    825▕                     $this->getName(), $query, $this->prepareBindings($bindings), $e
    826▕                 );
    827▕             }
    828▕ 
  ➜ 829▕             throw new QueryException(
    830▕                 $this->getName(), $query, $this->prepareBindings($bindings), $e
    831▕             );
    832▕         }
    833▕     }

  1   [internal]:0
      Illuminate\Foundation\Application::Illuminate\Foundation\{closure}()
      [2m+19 vendor frames [22m

  21  /var/www/html/chapchap/app/Providers/AppServiceProvider.php:51
      Illuminate\Support\Facades\Facade::__callStatic()


  1   [internal]:0
      Illuminate\Foundation\Application::Illuminate\Foundation\{closure}()
      [2m+19 vendor frames [22m

  21  /var/www/html/chapchap/app/Providers/AppServiceProvider.php:51
      Illuminate\Support\Facades\Facade::__callStatic()


   Illuminate\Database\QueryException 

  SQLSTATE[HY000] [2002] Connection refused (Connection: mysql, SQL: select table_name as `name`, (data_length + index_length) as `size`, table_comment as `comment`, engine as `engine`, table_collation as `collation` from information_schema.tables where table_schema = 'chapchap' and table_type in ('BASE TABLE', 'SYSTEM VERSIONED') order by table_name)

  at /var/www/html/chapchap/vendor/laravel/framework/src/Illuminate/Database/Connection.php:829
    825▕                     $this->getName(), $query, $this->prepareBindings($bindings), $e
    826▕                 );
    827▕             }
    828▕ 
  ➜ 829▕             throw new QueryException(
    830▕                 $this->getName(), $query, $this->prepareBindings($bindings), $e
    831▕             );
    832▕         }
    833▕     }

  1   [internal]:0
      Illuminate\Foundation\Application::Illuminate\Foundation\{closure}()
      [2m+19 vendor frames [22m

  21  /var/www/html/chapchap/app/Providers/AppServiceProvider.php:51
      Illuminate\Support\Facades\Facade::__callStatic()


   Illuminate\Database\QueryException 

  SQLSTATE[HY000] [2002] Connection refused (Connection: mysql, SQL: select table_name as `name`, (data_length + index_length) as `size`, table_comment as `comment`, engine as `engine`, table_collation as `collation` from information_schema.tables where table_schema = 'chapchap' and table_type in ('BASE TABLE', 'SYSTEM VERSIONED') order by table_name)

  at /var/www/html/chapchap/vendor/laravel/framework/src/Illuminate/Database/Connection.php:829
    825▕                     $this->getName(), $query, $this->prepareBindings($bindings), $e
    826▕                 );
    827▕             }
    828▕ 
  ➜ 829▕             throw new QueryException(
    830▕                 $this->getName(), $query, $this->prepareBindings($bindings), $e
    831▕             );
    832▕         }
    833▕     }

  1   [internal]:0
      Illuminate\Foundation\Application::Illuminate\Foundation\{closure}()
      [2m+19 vendor frames [22m

  21  /var/www/html/chapchap/app/Providers/AppServiceProvider.php:51
      Illuminate\Support\Facades\Facade::__callStatic()


   Illuminate\Database\QueryException 

  SQLSTATE[HY000] [2002] Connection refused (Connection: mysql, SQL: select table_name as `name`, (data_length + index_length) as `size`, table_comment as `comment`, engine as `engine`, table_collation as `collation` from information_schema.tables where table_schema = 'chapchap' and table_type in ('BASE TABLE', 'SYSTEM VERSIONED') order by table_name)

  at /var/www/html/chapchap/vendor/laravel/framework/src/Illuminate/Database/Connection.php:829
    825▕                     $this->getName(), $query, $this->prepareBindings($bindings), $e
    826▕                 );
    827▕             }
    828▕ 
  ➜ 829▕             throw new QueryException(
    830▕                 $this->getName(), $query, $this->prepareBindings($bindings), $e
    831▕             );
    832▕         }
    833▕     }

  1   [internal]:0
      Illuminate\Foundation\Application::Illuminate\Foundation\{closure}()
      [2m+19 vendor frames [22m

  21  /var/www/html/chapchap/app/Providers/AppServiceProvider.php:51
      Illuminate\Support\Facades\Facade::__callStatic()


   Illuminate\Database\QueryException 

  SQLSTATE[HY000] [2002] Connection refused (Connection: mysql, SQL: select table_name as `name`, (data_length + index_length) as `size`, table_comment as `comment`, engine as `engine`, table_collation as `collation` from information_schema.tables where table_schema = 'chapchap' and table_type in ('BASE TABLE', 'SYSTEM VERSIONED') order by table_name)

  at /var/www/html/chapchap/vendor/laravel/framework/src/Illuminate/Database/Connection.php:829
    825▕                     $this->getName(), $query, $this->prepareBindings($bindings), $e
    826▕                 );
    827▕             }
    828▕ 
  ➜ 829▕             throw new QueryException(
    830▕                 $this->getName(), $query, $this->prepareBindings($bindings), $e
    831▕             );
    832▕         }
    833▕     }

  1   [internal]:0
      Illuminate\Foundation\Application::Illuminate\Foundation\{closure}()
      [2m+19 vendor frames [22m


  21  /var/www/html/chapchap/app/Providers/AppServiceProvider.php:51
   Illuminate\Database\QueryException 

  SQLSTATE[HY000] [2002] Connection refused (Connection: mysql, SQL: select table_name as `name`, (data_length + index_length) as `size`, table_comment as `comment`, engine as `engine`, table_collation as `collation` from information_schema.tables where table_schema = 'chapchap' and table_type in ('BASE TABLE', 'SYSTEM VERSIONED') order by table_name)
      Illuminate\Support\Facades\Facade::__callStatic()


  at /var/www/html/chapchap/vendor/laravel/framework/src/Illuminate/Database/Connection.php:829
    825▕                     $this->getName(), $query, $this->prepareBindings($bindings), $e
    826▕                 );
    827▕             }
    828▕ 
  ➜ 829▕             throw new QueryException(
    830▕                 $this->getName(), $query, $this->prepareBindings($bindings), $e
    831▕             );
    832▕         }
    833▕     }

  1   [internal]:0
      Illuminate\Foundation\Application::Illuminate\Foundation\{closure}()
      [2m+19 vendor frames [22m

  21  /var/www/html/chapchap/app/Providers/AppServiceProvider.php:51
      Illuminate\Support\Facades\Facade::__callStatic()


   Illuminate\Database\QueryException 

  SQLSTATE[HY000] [2002] Connection refused (Connection: mysql, SQL: select table_name as `name`, (data_length + index_length) as `size`, table_comment as `comment`, engine as `engine`, table_collation as `collation` from information_schema.tables where table_schema = 'chapchap' and table_type in ('BASE TABLE', 'SYSTEM VERSIONED') order by table_name)

  at /var/www/html/chapchap/vendor/laravel/framework/src/Illuminate/Database/Connection.php:829
    825▕                     $this->getName(), $query, $this->prepareBindings($bindings), $e
    826▕                 );
    827▕             }
    828▕ 
  ➜ 829▕             throw new QueryException(
    830▕                 $this->getName(), $query, $this->prepareBindings($bindings), $e
    831▕             );
    832▕         }
    833▕     }

  1   [internal]:0
      Illuminate\Foundation\Application::Illuminate\Foundation\{closure}()
      [2m+19 vendor frames [22m

  21  /var/www/html/chapchap/app/Providers/AppServiceProvider.php:51
      Illuminate\Support\Facades\Facade::__callStatic()


   Illuminate\Database\QueryException 

  SQLSTATE[HY000] [2002] Connection refused (Connection: mysql, SQL: select table_name as `name`, (data_length + index_length) as `size`, table_comment as `comment`, engine as `engine`, table_collation as `collation` from information_schema.tables where table_schema = 'chapchap' and table_type in ('BASE TABLE', 'SYSTEM VERSIONED') order by table_name)

  at /var/www/html/chapchap/vendor/laravel/framework/src/Illuminate/Database/Connection.php:829
    825▕                     $this->getName(), $query, $this->prepareBindings($bindings), $e
    826▕                 );
    827▕             }
    828▕ 
  ➜ 829▕             throw new QueryException(
    830▕                 $this->getName(), $query, $this->prepareBindings($bindings), $e
    831▕             );
    832▕         }
    833▕     }

  1   [internal]:0
      Illuminate\Foundation\Application::Illuminate\Foundation\{closure}()
      [2m+19 vendor frames [22m

  21  /var/www/html/chapchap/app/Providers/AppServiceProvider.php:51
      Illuminate\Support\Facades\Facade::__callStatic()


   Illuminate\Database\QueryException 

  SQLSTATE[HY000] [2002] Connection refused (Connection: mysql, SQL: select table_name as `name`, (data_length + index_length) as `size`, table_comment as `comment`, engine as `engine`, table_collation as `collation` from information_schema.tables where table_schema = 'chapchap' and table_type in ('BASE TABLE', 'SYSTEM VERSIONED') order by table_name)

  at /var/www/html/chapchap/vendor/laravel/framework/src/Illuminate/Database/Connection.php:829
    825▕                     $this->getName(), $query, $this->prepareBindings($bindings), $e
    826▕                 );
    827▕             }
    828▕ 
  ➜ 829▕             throw new QueryException(
    830▕                 $this->getName(), $query, $this->prepareBindings($bindings), $e
    831▕             );
    832▕         }
    833▕     }

  1   [internal]:0
      Illuminate\Foundation\Application::Illuminate\Foundation\{closure}()
      [2m+19 vendor frames [22m

  21  /var/www/html/chapchap/app/Providers/AppServiceProvider.php:51
      Illuminate\Support\Facades\Facade::__callStatic()


   Error 

  Class "App\Base\Libraries\SMS\SMSServiceProvider" not found

  at /var/www/html/chapchap/vendor/laravel/framework/src/Illuminate/Foundation/Application.php:857
    853▕      * @return \Illuminate\Support\ServiceProvider
    854▕      */
    855▕     public function resolveProvider($provider)
    856▕     {
  ➜ 857▕         return new $provider($this);
    858▕     }
    859▕ 
    860▕     /**
    861▕      * Mark the given provider as registered.

      [2m+7 vendor frames [22m

  8   /var/www/html/chapchap/artisan:35
      Illuminate\Foundation\Console\Kernel::handle()


   Error 

  Class "App\Base\Libraries\SMS\SMSServiceProvider" not found

  at /var/www/html/chapchap/vendor/laravel/framework/src/Illuminate/Foundation/Application.php:857

   Error 

  Class "App\Base\Libraries\SMS\SMSServiceProvider" not found

  at /var/www/html/chapchap/vendor/laravel/framework/src/Illuminate/Foundation/Application.php:857

   Error 

  Class "App\Base\Libraries\SMS\SMSServiceProvider" not found

  at /var/www/html/chapchap/vendor/laravel/framework/src/Illuminate/Foundation/Application.php:857
    853▕      * @return \Illuminate\Support\ServiceProvider
    854▕      */
    855▕     public function resolveProvider($provider)
    856▕     {
  ➜ 857▕         return new $provider($this);
    858▕     }
    859▕ 
    860▕     /**
    861▕      * Mark the given provider as registered.

      [2m+7 vendor frames [22m

  8   /var/www/html/chapchap/artisan:35
    853▕      * @return \Illuminate\Support\ServiceProvider
    854▕      */
    855▕     public function resolveProvider($provider)
    856▕     {
  ➜ 857▕         return new $provider($this);
    858▕     }
    859▕ 
    860▕     /**
    861▕      * Mark the given provider as registered.
      Illuminate\Foundation\Console\Kernel::handle()


   Error 

  Class "App\Base\Libraries\SMS\SMSServiceProvider" not found


  at /var/www/html/chapchap/vendor/laravel/framework/src/Illuminate/Foundation/Application.php:857
      [2m+7 vendor frames [22m

  8   /var/www/html/chapchap/artisan:35
      Illuminate\Foundation\Console\Kernel::handle()


   Error 

  Class "App\Base\Libraries\SMS\SMSServiceProvider" not found

  at /var/www/html/chapchap/vendor/laravel/framework/src/Illuminate/Foundation/Application.php:857

   Error 

  Class "App\Base\Libraries\SMS\SMSServiceProvider" not found

  at /var/www/html/chapchap/vendor/laravel/framework/src/Illuminate/Foundation/Application.php:857

   Error 

  Class "App\Base\Libraries\SMS\SMSServiceProvider" not found

  at /var/www/html/chapchap/vendor/laravel/framework/src/Illuminate/Foundation/Application.php:857
    853▕      * @return \Illuminate\Support\ServiceProvider
    854▕      */
    855▕     public function resolveProvider($provider)
    856▕     {
  ➜ 857▕         return new $provider($this);
    858▕     }
    859▕ 
    860▕     /**
    861▕      * Mark the given provider as registered.

      [2m+7 vendor frames [22m

  8   /var/www/html/chapchap/artisan:35
    853▕      * @return \Illuminate\Support\ServiceProvider
    854▕      */
    855▕     public function resolveProvider($provider)
    856▕     {
  ➜ 857▕         return new $provider($this);
    858▕     }
    859▕ 
    860▕     /**
    861▕      * Mark the given provider as registered.

      [2m+7 vendor frames [22m

  8   /var/www/html/chapchap/artisan:35
      Illuminate\Foundation\Console\Kernel::handle()

    853▕      * @return \Illuminate\Support\ServiceProvider
    854▕      */
    855▕     public function resolveProvider($provider)
    856▕     {
  ➜ 857▕         return new $provider($this);
    858▕     }
    859▕ 
    860▕     /**
    861▕      * Mark the given provider as registered.

      [2m+7 vendor frames [22m

  8   /var/www/html/chapchap/artisan:35
      Illuminate\Foundation\Console\Kernel::handle()

    853▕      * @return \Illuminate\Support\ServiceProvider
    854▕      */
    855▕     public function resolveProvider($provider)
    856▕     {
  ➜ 857▕         return new $provider($this);
    858▕     }
    859▕ 
    860▕     /**
    861▕      * Mark the given provider as registered.

      [2m+7 vendor frames [22m

  8   /var/www/html/chapchap/artisan:35
      Illuminate\Foundation\Console\Kernel::handle()

      Illuminate\Foundation\Console\Kernel::handle()

    853▕      * @return \Illuminate\Support\ServiceProvider
    854▕      */
    855▕     public function resolveProvider($provider)
    856▕     {
  ➜ 857▕         return new $provider($this);
    858▕     }
    859▕ 
    860▕     /**
    861▕      * Mark the given provider as registered.

      [2m+7 vendor frames [22m

  8   /var/www/html/chapchap/artisan:35
      Illuminate\Foundation\Console\Kernel::handle()


   Error 

  Class "App\Base\Libraries\SMS\SMSServiceProvider" not found

  at /var/www/html/chapchap/vendor/laravel/framework/src/Illuminate/Foundation/Application.php:857

   Error 

  Class "App\Base\Libraries\SMS\SMSServiceProvider" not found

  at /var/www/html/chapchap/vendor/laravel/framework/src/Illuminate/Foundation/Application.php:857
    853▕      * @return \Illuminate\Support\ServiceProvider
    854▕      */
    855▕     public function resolveProvider($provider)
    856▕     {
  ➜ 857▕         return new $provider($this);
    858▕     }
    859▕ 
    860▕     /**
    861▕      * Mark the given provider as registered.

      [2m+7 vendor frames [22m

  8   /var/www/html/chapchap/artisan:35
      Illuminate\Foundation\Console\Kernel::handle()


   Error 

  Class "App\Base\Libraries\SMS\SMSServiceProvider" not found

  at /var/www/html/chapchap/vendor/laravel/framework/src/Illuminate/Foundation/Application.php:857
    853▕      * @return \Illuminate\Support\ServiceProvider
    854▕      */
    855▕     public function resolveProvider($provider)
    856▕     {
  ➜ 857▕         return new $provider($this);
    858▕     }
    859▕ 
    860▕     /**
    861▕      * Mark the given provider as registered.

      [2m+7 vendor frames [22m

  8   /var/www/html/chapchap/artisan:35
      Illuminate\Foundation\Console\Kernel::handle()


   Error 

  Class "App\Base\Libraries\SMS\SMSServiceProvider" not found

  at /var/www/html/chapchap/vendor/laravel/framework/src/Illuminate/Foundation/Application.php:857
    853▕      * @return \Illuminate\Support\ServiceProvider
    854▕      */
    855▕     public function resolveProvider($provider)
    856▕     {
  ➜ 857▕         return new $provider($this);
    858▕     }
    859▕ 
    860▕     /**
    861▕      * Mark the given provider as registered.

      [2m+7 vendor frames [22m

  8   /var/www/html/chapchap/artisan:35
      Illuminate\Foundation\Console\Kernel::handle()

    853▕      * @return \Illuminate\Support\ServiceProvider
    854▕      */
    855▕     public function resolveProvider($provider)
    856▕     {
  ➜ 857▕         return new $provider($this);
    858▕     }
    859▕ 
    860▕     /**
    861▕      * Mark the given provider as registered.

      [2m+7 vendor frames [22m

  8   /var/www/html/chapchap/artisan:35
      Illuminate\Foundation\Console\Kernel::handle()


   Error 

  Class "App\Base\Libraries\SMS\SMSServiceProvider" not found

  at /var/www/html/chapchap/vendor/laravel/framework/src/Illuminate/Foundation/Application.php:857
    853▕      * @return \Illuminate\Support\ServiceProvider
    854▕      */
    855▕     public function resolveProvider($provider)
    856▕     {
  ➜ 857▕         return new $provider($this);
    858▕     }
    859▕ 
    860▕     /**
    861▕      * Mark the given provider as registered.

      [2m+7 vendor frames [22m

  8   /var/www/html/chapchap/artisan:35
      Illuminate\Foundation\Console\Kernel::handle()


   Error 

  Class "App\Base\Libraries\SMS\SMSServiceProvider" not found

  at /var/www/html/chapchap/vendor/laravel/framework/src/Illuminate/Foundation/Application.php:857

   Error 

  Class "App\Base\Libraries\SMS\SMSServiceProvider" not found

  at /var/www/html/chapchap/vendor/laravel/framework/src/Illuminate/Foundation/Application.php:857
    853▕      * @return \Illuminate\Support\ServiceProvider
    854▕      */
    855▕     public function resolveProvider($provider)
    856▕     {
  ➜ 857▕         return new $provider($this);
    858▕     }
    859▕ 
    860▕     /**
    861▕      * Mark the given provider as registered.

      [2m+7 vendor frames [22m

  8   /var/www/html/chapchap/artisan:35
      Illuminate\Foundation\Console\Kernel::handle()

    853▕      * @return \Illuminate\Support\ServiceProvider
    854▕      */
    855▕     public function resolveProvider($provider)
    856▕     {
  ➜ 857▕         return new $provider($this);
    858▕     }
    859▕ 
    860▕     /**
    861▕      * Mark the given provider as registered.

      [2m+7 vendor frames [22m

  8   /var/www/html/chapchap/artisan:35
      Illuminate\Foundation\Console\Kernel::handle()


   Error 

  Class "App\Base\Libraries\SMS\SMSServiceProvider" not found

  at /var/www/html/chapchap/vendor/laravel/framework/src/Illuminate/Foundation/Application.php:857
    853▕      * @return \Illuminate\Support\ServiceProvider
    854▕      */
    855▕     public function resolveProvider($provider)
    856▕     {
  ➜ 857▕         return new $provider($this);
    858▕     }
    859▕ 
    860▕     /**
    861▕      * Mark the given provider as registered.

      [2m+7 vendor frames [22m

  8   /var/www/html/chapchap/artisan:35
      Illuminate\Foundation\Console\Kernel::handle()


   Error 

  Class "App\Base\Libraries\SMS\SMSServiceProvider" not found

  at /var/www/html/chapchap/vendor/laravel/framework/src/Illuminate/Foundation/Application.php:857
    853▕      * @return \Illuminate\Support\ServiceProvider
    854▕      */
    855▕     public function resolveProvider($provider)
    856▕     {
  ➜ 857▕         return new $provider($this);
    858▕     }
    859▕ 
    860▕     /**
    861▕      * Mark the given provider as registered.

      [2m+7 vendor frames [22m

  8   /var/www/html/chapchap/artisan:35
      Illuminate\Foundation\Console\Kernel::handle()


   Error 

  Class "App\Base\Libraries\SMS\SMSServiceProvider" not found

  at /var/www/html/chapchap/vendor/laravel/framework/src/Illuminate/Foundation/Application.php:857

   Error 

  Class "App\Base\Libraries\SMS\SMSServiceProvider" not found

  at /var/www/html/chapchap/vendor/laravel/framework/src/Illuminate/Foundation/Application.php:857
    853▕      * @return \Illuminate\Support\ServiceProvider
    854▕      */
    855▕     public function resolveProvider($provider)
    856▕     {
  ➜ 857▕         return new $provider($this);
    858▕     }
    859▕ 
    860▕     /**
    861▕      * Mark the given provider as registered.

      [2m+7 vendor frames [22m

  8   /var/www/html/chapchap/artisan:35
      Illuminate\Foundation\Console\Kernel::handle()


   Error 

  Class "App\Base\Libraries\SMS\SMSServiceProvider" not found

  at /var/www/html/chapchap/vendor/laravel/framework/src/Illuminate/Foundation/Application.php:857
    853▕      * @return \Illuminate\Support\ServiceProvider
    854▕      */
    855▕     public function resolveProvider($provider)
    856▕     {
  ➜ 857▕         return new $provider($this);
    858▕     }
    859▕ 
    860▕     /**
    861▕      * Mark the given provider as registered.

      [2m+7 vendor frames [22m

  8   /var/www/html/chapchap/artisan:35
      Illuminate\Foundation\Console\Kernel::handle()


   Error 

  Class "App\Base\Libraries\SMS\SMSServiceProvider" not found

  at /var/www/html/chapchap/vendor/laravel/framework/src/Illuminate/Foundation/Application.php:857
    853▕      * @return \Illuminate\Support\ServiceProvider
    854▕      */
    855▕     public function resolveProvider($provider)
    856▕     {
  ➜ 857▕         return new $provider($this);
    858▕     }
    859▕ 
    860▕     /**
    861▕      * Mark the given provider as registered.

      [2m+7 vendor frames [22m

  8   /var/www/html/chapchap/artisan:35
      Illuminate\Foundation\Console\Kernel::handle()


   Error 

  Class "App\Base\Libraries\SMS\SMSServiceProvider" not found

  at /var/www/html/chapchap/vendor/laravel/framework/src/Illuminate/Foundation/Application.php:857
    853▕      * @return \Illuminate\Support\ServiceProvider
    854▕      */
    855▕     public function resolveProvider($provider)
    856▕     {
  ➜ 857▕         return new $provider($this);
    858▕     }
    859▕ 
    860▕     /**
    861▕      * Mark the given provider as registered.

      [2m+7 vendor frames [22m

  8   /var/www/html/chapchap/artisan:35
      Illuminate\Foundation\Console\Kernel::handle()


   Error 

  Class "App\Base\Libraries\SMS\SMSServiceProvider" not found

  at /var/www/html/chapchap/vendor/laravel/framework/src/Illuminate/Foundation/Application.php:857
    853▕      * @return \Illuminate\Support\ServiceProvider
    854▕      */
    855▕     public function resolveProvider($provider)
    856▕     {
  ➜ 857▕         return new $provider($this);
    858▕     }
    859▕ 
    860▕     /**
    861▕      * Mark the given provider as registered.

      [2m+7 vendor frames [22m

  8   /var/www/html/chapchap/artisan:35
      Illuminate\Foundation\Console\Kernel::handle()

    853▕      * @return \Illuminate\Support\ServiceProvider
    854▕      */
    855▕     public function resolveProvider($provider)
    856▕     {
  ➜ 857▕         return new $provider($this);
    858▕     }
    859▕ 
    860▕     /**
    861▕      * Mark the given provider as registered.

      [2m+7 vendor frames [22m

  8   /var/www/html/chapchap/artisan:35
      Illuminate\Foundation\Console\Kernel::handle()


   Error 

  Class "App\Base\Libraries\SMS\SMSServiceProvider" not found

  at /var/www/html/chapchap/vendor/laravel/framework/src/Illuminate/Foundation/Application.php:857
    853▕      * @return \Illuminate\Support\ServiceProvider
    854▕      */
    855▕     public function resolveProvider($provider)
    856▕     {
  ➜ 857▕         return new $provider($this);
    858▕     }
    859▕ 
    860▕     /**
    861▕      * Mark the given provider as registered.

      [2m+7 vendor frames [22m

  8   /var/www/html/chapchap/artisan:35
      Illuminate\Foundation\Console\Kernel::handle()


   Error 

  Class "App\Base\Libraries\SMS\SMSServiceProvider" not found

  at /var/www/html/chapchap/vendor/laravel/framework/src/Illuminate/Foundation/Application.php:857
    853▕      * @return \Illuminate\Support\ServiceProvider
    854▕      */
    855▕     public function resolveProvider($provider)
    856▕     {
  ➜ 857▕         return new $provider($this);
    858▕     }
    859▕ 
    860▕     /**
    861▕      * Mark the given provider as registered.

      [2m+7 vendor frames [22m

  8   /var/www/html/chapchap/artisan:35
      Illuminate\Foundation\Console\Kernel::handle()


   Error 

  Class "App\Base\Libraries\SMS\SMSServiceProvider" not found

  at /var/www/html/chapchap/vendor/laravel/framework/src/Illuminate/Foundation/Application.php:857
    853▕      * @return \Illuminate\Support\ServiceProvider
    854▕      */
    855▕     public function resolveProvider($provider)
    856▕     {
  ➜ 857▕         return new $provider($this);
    858▕     }
    859▕ 
    860▕     /**
    861▕      * Mark the given provider as registered.

      [2m+7 vendor frames [22m

  8   /var/www/html/chapchap/artisan:35
      Illuminate\Foundation\Console\Kernel::handle()


   Error 

  Class "App\Base\Libraries\SMS\SMSServiceProvider" not found

  at /var/www/html/chapchap/vendor/laravel/framework/src/Illuminate/Foundation/Application.php:857
    853▕      * @return \Illuminate\Support\ServiceProvider
    854▕      */
    855▕     public function resolveProvider($provider)
    856▕     {
  ➜ 857▕         return new $provider($this);
    858▕     }
    859▕ 
    860▕     /**
    861▕      * Mark the given provider as registered.

      [2m+7 vendor frames [22m

  8   /var/www/html/chapchap/artisan:35
      Illuminate\Foundation\Console\Kernel::handle()


   Error 

  Class "App\Base\Libraries\SMS\SMSServiceProvider" not found

  at /var/www/html/chapchap/vendor/laravel/framework/src/Illuminate/Foundation/Application.php:857
    853▕      * @return \Illuminate\Support\ServiceProvider
    854▕      */
    855▕     public function resolveProvider($provider)
    856▕     {
  ➜ 857▕         return new $provider($this);
    858▕     }
    859▕ 
    860▕     /**
    861▕      * Mark the given provider as registered.

      [2m+7 vendor frames [22m

  8   /var/www/html/chapchap/artisan:35
      Illuminate\Foundation\Console\Kernel::handle()


   Error 

  Class "App\Base\Libraries\SMS\SMSServiceProvider" not found

  at /var/www/html/chapchap/vendor/laravel/framework/src/Illuminate/Foundation/Application.php:857
    853▕      * @return \Illuminate\Support\ServiceProvider
    854▕      */
    855▕     public function resolveProvider($provider)
    856▕     {
  ➜ 857▕         return new $provider($this);
    858▕     }
    859▕ 
    860▕     /**
    861▕      * Mark the given provider as registered.

      [2m+7 vendor frames [22m

  8   /var/www/html/chapchap/artisan:35
      Illuminate\Foundation\Console\Kernel::handle()


   Error 

  Class "App\Base\Libraries\SMS\SMSServiceProvider" not found

  at /var/www/html/chapchap/vendor/laravel/framework/src/Illuminate/Foundation/Application.php:857

   Error 

  Class "App\Base\Libraries\SMS\SMSServiceProvider" not found

  at /var/www/html/chapchap/vendor/laravel/framework/src/Illuminate/Foundation/Application.php:857
    853▕      * @return \Illuminate\Support\ServiceProvider
    854▕      */
    855▕     public function resolveProvider($provider)
    856▕     {
  ➜ 857▕         return new $provider($this);
    858▕     }
    859▕ 
    860▕     /**
    861▕      * Mark the given provider as registered.

      [2m+7 vendor frames [22m

  8   /var/www/html/chapchap/artisan:35
      Illuminate\Foundation\Console\Kernel::handle()

    853▕      * @return \Illuminate\Support\ServiceProvider
    854▕      */
    855▕     public function resolveProvider($provider)
    856▕     {
  ➜ 857▕         return new $provider($this);
    858▕     }
    859▕ 
    860▕     /**
    861▕      * Mark the given provider as registered.

      [2m+7 vendor frames [22m

  8   /var/www/html/chapchap/artisan:35
      Illuminate\Foundation\Console\Kernel::handle()


   Error 

  Class "App\Base\Libraries\SMS\SMSServiceProvider" not found

  at /var/www/html/chapchap/vendor/laravel/framework/src/Illuminate/Foundation/Application.php:857
    853▕      * @return \Illuminate\Support\ServiceProvider
    854▕      */
    855▕     public function resolveProvider($provider)
    856▕     {
  ➜ 857▕         return new $provider($this);
    858▕     }
    859▕ 
    860▕     /**
    861▕      * Mark the given provider as registered.

      [2m+7 vendor frames [22m

  8   /var/www/html/chapchap/artisan:35
      Illuminate\Foundation\Console\Kernel::handle()


   Error 

  Class "App\Base\Libraries\SMS\SMSServiceProvider" not found

  at /var/www/html/chapchap/vendor/laravel/framework/src/Illuminate/Foundation/Application.php:857
    853▕      * @return \Illuminate\Support\ServiceProvider
    854▕      */
    855▕     public function resolveProvider($provider)
    856▕     {
  ➜ 857▕         return new $provider($this);
    858▕     }
    859▕ 
    860▕     /**
    861▕      * Mark the given provider as registered.

      [2m+7 vendor frames [22m

  8   /var/www/html/chapchap/artisan:35
      Illuminate\Foundation\Console\Kernel::handle()


   Error 

  Class "App\Base\Libraries\SMS\SMSServiceProvider" not found

  at /var/www/html/chapchap/vendor/laravel/framework/src/Illuminate/Foundation/Application.php:857
    853▕      * @return \Illuminate\Support\ServiceProvider
    854▕      */
    855▕     public function resolveProvider($provider)
    856▕     {
  ➜ 857▕         return new $provider($this);
    858▕     }
    859▕ 
    860▕     /**
    861▕      * Mark the given provider as registered.

      [2m+7 vendor frames [22m

  8   /var/www/html/chapchap/artisan:35
      Illuminate\Foundation\Console\Kernel::handle()


   Error 

  Class "App\Base\Libraries\SMS\SMSServiceProvider" not found

  at /var/www/html/chapchap/vendor/laravel/framework/src/Illuminate/Foundation/Application.php:857
    853▕      * @return \Illuminate\Support\ServiceProvider
    854▕      */
    855▕     public function resolveProvider($provider)
    856▕     {
  ➜ 857▕         return new $provider($this);
    858▕     }
    859▕ 
    860▕     /**
    861▕      * Mark the given provider as registered.

      [2m+7 vendor frames [22m

  8   /var/www/html/chapchap/artisan:35
      Illuminate\Foundation\Console\Kernel::handle()


   Error 

  Class "App\Base\Libraries\SMS\SMSServiceProvider" not found

  at /var/www/html/chapchap/vendor/laravel/framework/src/Illuminate/Foundation/Application.php:857

   Error 

  Class "App\Base\Libraries\SMS\SMSServiceProvider" not found

  at /var/www/html/chapchap/vendor/laravel/framework/src/Illuminate/Foundation/Application.php:857
    853▕      * @return \Illuminate\Support\ServiceProvider
    854▕      */
    855▕     public function resolveProvider($provider)
    856▕     {
  ➜ 857▕         return new $provider($this);
    858▕     }
    859▕ 
    860▕     /**
    861▕      * Mark the given provider as registered.

      [2m+7 vendor frames [22m

  8   /var/www/html/chapchap/artisan:35
      Illuminate\Foundation\Console\Kernel::handle()

    853▕      * @return \Illuminate\Support\ServiceProvider
    854▕      */
    855▕     public function resolveProvider($provider)
    856▕     {
  ➜ 857▕         return new $provider($this);
    858▕     }
    859▕ 
    860▕     /**
    861▕      * Mark the given provider as registered.

      [2m+7 vendor frames [22m

  8   /var/www/html/chapchap/artisan:35
      Illuminate\Foundation\Console\Kernel::handle()


   Error 

  Class "App\Base\Libraries\SMS\SMSServiceProvider" not found

  at /var/www/html/chapchap/vendor/laravel/framework/src/Illuminate/Foundation/Application.php:857
    853▕      * @return \Illuminate\Support\ServiceProvider
    854▕      */
    855▕     public function resolveProvider($provider)
    856▕     {
  ➜ 857▕         return new $provider($this);
    858▕     }
    859▕ 
    860▕     /**
    861▕      * Mark the given provider as registered.

      [2m+7 vendor frames [22m

  8   /var/www/html/chapchap/artisan:35
      Illuminate\Foundation\Console\Kernel::handle()


   Error 

  Class "App\Base\Libraries\SMS\SMSServiceProvider" not found

  at /var/www/html/chapchap/vendor/laravel/framework/src/Illuminate/Foundation/Application.php:857
    853▕      * @return \Illuminate\Support\ServiceProvider
    854▕      */
    855▕     public function resolveProvider($provider)
    856▕     {
  ➜ 857▕         return new $provider($this);
    858▕     }
    859▕ 
    860▕     /**
    861▕      * Mark the given provider as registered.

      [2m+7 vendor frames [22m

  8   /var/www/html/chapchap/artisan:35
      Illuminate\Foundation\Console\Kernel::handle()


   Error 

  Class "App\Base\Libraries\SMS\SMSServiceProvider" not found

  at /var/www/html/chapchap/vendor/laravel/framework/src/Illuminate/Foundation/Application.php:857
    853▕      * @return \Illuminate\Support\ServiceProvider
    854▕      */
    855▕     public function resolveProvider($provider)
    856▕     {
  ➜ 857▕         return new $provider($this);
    858▕     }
    859▕ 
    860▕     /**
    861▕      * Mark the given provider as registered.

      [2m+7 vendor frames [22m

  8   /var/www/html/chapchap/artisan:35
      Illuminate\Foundation\Console\Kernel::handle()


   Error 

  Class "App\Base\Libraries\SMS\SMSServiceProvider" not found

  at /var/www/html/chapchap/vendor/laravel/framework/src/Illuminate/Foundation/Application.php:857
    853▕      * @return \Illuminate\Support\ServiceProvider
    854▕      */
    855▕     public function resolveProvider($provider)
    856▕     {
  ➜ 857▕         return new $provider($this);
    858▕     }
    859▕ 
    860▕     /**
    861▕      * Mark the given provider as registered.

      [2m+7 vendor frames [22m

  8   /var/www/html/chapchap/artisan:35
      Illuminate\Foundation\Console\Kernel::handle()


   Illuminate\Database\QueryException 

  SQLSTATE[HY000] [2002] Connection refused (Connection: mysql, SQL: select table_name as `name`, (data_length + index_length) as `size`, table_comment as `comment`, engine as `engine`, table_collation as `collation` from information_schema.tables where table_schema = 'chapchap' and table_type in ('BASE TABLE', 'SYSTEM VERSIONED') order by table_name)

  at /var/www/html/chapchap/vendor/laravel/framework/src/Illuminate/Database/Connection.php:829

   Illuminate\Database\QueryException 

  SQLSTATE[HY000] [2002] Connection refused (Connection: mysql, SQL: select table_name as `name`, (data_length + index_length) as `size`, table_comment as `comment`, engine as `engine`, table_collation as `collation` from information_schema.tables where table_schema = 'chapchap' and table_type in ('BASE TABLE', 'SYSTEM VERSIONED') order by table_name)

  at /var/www/html/chapchap/vendor/laravel/framework/src/Illuminate/Database/Connection.php:829
    825▕                     $this->getName(), $query, $this->prepareBindings($bindings), $e
    826▕                 );
    827▕             }
    828▕ 
  ➜ 829▕             throw new QueryException(
    830▕                 $this->getName(), $query, $this->prepareBindings($bindings), $e
    831▕             );
    832▕         }
    833▕     }

  1   [internal]:0
      Illuminate\Foundation\Application::Illuminate\Foundation\{closure}()
      [2m+19 vendor frames [22m

  21  /var/www/html/chapchap/app/Providers/AppServiceProvider.php:51
      Illuminate\Support\Facades\Facade::__callStatic()


   Illuminate\Database\QueryException 

  SQLSTATE[HY000] [2002] Connection refused (Connection: mysql, SQL: select table_name as `name`, (data_length + index_length) as `size`, table_comment as `comment`, engine as `engine`, table_collation as `collation` from information_schema.tables where table_schema = 'chapchap' and table_type in ('BASE TABLE', 'SYSTEM VERSIONED') order by table_name)

  at /var/www/html/chapchap/vendor/laravel/framework/src/Illuminate/Database/Connection.php:829

   Illuminate\Database\QueryException 

  SQLSTATE[HY000] [2002] Connection refused (Connection: mysql, SQL: select table_name as `name`, (data_length + index_length) as `size`, table_comment as `comment`, engine as `engine`, table_collation as `collation` from information_schema.tables where table_schema = 'chapchap' and table_type in ('BASE TABLE', 'SYSTEM VERSIONED') order by table_name)

  at /var/www/html/chapchap/vendor/laravel/framework/src/Illuminate/Database/Connection.php:829
    825▕                     $this->getName(), $query, $this->prepareBindings($bindings), $e
    826▕                 );
    827▕             }
    828▕ 
  ➜ 829▕             throw new QueryException(
    830▕                 $this->getName(), $query, $this->prepareBindings($bindings), $e
    831▕             );
    832▕         }
    833▕     }

  1   [internal]:0
      Illuminate\Foundation\Application::Illuminate\Foundation\{closure}()
      [2m+19 vendor frames [22m

  21  /var/www/html/chapchap/app/Providers/AppServiceProvider.php:51
      Illuminate\Support\Facades\Facade::__callStatic()


   Illuminate\Database\QueryException 

  SQLSTATE[HY000] [2002] Connection refused (Connection: mysql, SQL: select table_name as `name`, (data_length + index_length) as `size`, table_comment as `comment`, engine as `engine`, table_collation as `collation` from information_schema.tables where table_schema = 'chapchap' and table_type in ('BASE TABLE', 'SYSTEM VERSIONED') order by table_name)

  at /var/www/html/chapchap/vendor/laravel/framework/src/Illuminate/Database/Connection.php:829
    825▕                     $this->getName(), $query, $this->prepareBindings($bindings), $e
    826▕                 );
    827▕             }
    828▕ 
  ➜ 829▕             throw new QueryException(
    830▕                 $this->getName(), $query, $this->prepareBindings($bindings), $e
    831▕             );
    832▕         }
    833▕     }

  1   [internal]:0
      Illuminate\Foundation\Application::Illuminate\Foundation\{closure}()
      [2m+19 vendor frames [22m

  21  /var/www/html/chapchap/app/Providers/AppServiceProvider.php:51
      Illuminate\Support\Facades\Facade::__callStatic()


   Illuminate\Database\QueryException 

  SQLSTATE[HY000] [2002] Connection refused (Connection: mysql, SQL: select table_name as `name`, (data_length + index_length) as `size`, table_comment as `comment`, engine as `engine`, table_collation as `collation` from information_schema.tables where table_schema = 'chapchap' and table_type in ('BASE TABLE', 'SYSTEM VERSIONED') order by table_name)

  at /var/www/html/chapchap/vendor/laravel/framework/src/Illuminate/Database/Connection.php:829
    825▕                     $this->getName(), $query, $this->prepareBindings($bindings), $e
    826▕                 );
    827▕             }
    828▕ 
  ➜ 829▕             throw new QueryException(
    830▕                 $this->getName(), $query, $this->prepareBindings($bindings), $e
    831▕             );
    832▕         }
    833▕     }

  1   [internal]:0
      Illuminate\Foundation\Application::Illuminate\Foundation\{closure}()
      [2m+19 vendor frames [22m

  21  /var/www/html/chapchap/app/Providers/AppServiceProvider.php:51
      Illuminate\Support\Facades\Facade::__callStatic()


   Illuminate\Database\QueryException 

  SQLSTATE[HY000] [2002] Connection refused (Connection: mysql, SQL: select table_name as `name`, (data_length + index_length) as `size`, table_comment as `comment`, engine as `engine`, table_collation as `collation` from information_schema.tables where table_schema = 'chapchap' and table_type in ('BASE TABLE', 'SYSTEM VERSIONED') order by table_name)

  at /var/www/html/chapchap/vendor/laravel/framework/src/Illuminate/Database/Connection.php:829
    825▕                     $this->getName(), $query, $this->prepareBindings($bindings), $e
    826▕                 );
    827▕             }
    828▕ 
  ➜ 829▕             throw new QueryException(
    830▕                 $this->getName(), $query, $this->prepareBindings($bindings), $e
    831▕             );
    832▕         }
    833▕     }

  1   [internal]:0
      Illuminate\Foundation\Application::Illuminate\Foundation\{closure}()
      [2m+19 vendor frames [22m

  21  /var/www/html/chapchap/app/Providers/AppServiceProvider.php:51
      Illuminate\Support\Facades\Facade::__callStatic()


   Illuminate\Database\QueryException 

  SQLSTATE[HY000] [2002] Connection refused (Connection: mysql, SQL: select table_name as `name`, (data_length + index_length) as `size`, table_comment as `comment`, engine as `engine`, table_collation as `collation` from information_schema.tables where table_schema = 'chapchap' and table_type in ('BASE TABLE', 'SYSTEM VERSIONED') order by table_name)

  at /var/www/html/chapchap/vendor/laravel/framework/src/Illuminate/Database/Connection.php:829
    825▕                     $this->getName(), $query, $this->prepareBindings($bindings), $e
    826▕                 );
    827▕             }
    828▕ 
  ➜ 829▕             throw new QueryException(
    830▕                 $this->getName(), $query, $this->prepareBindings($bindings), $e
    831▕             );
    832▕         }
    833▕     }

  1   [internal]:0
      Illuminate\Foundation\Application::Illuminate\Foundation\{closure}()
      [2m+19 vendor frames [22m

  21  /var/www/html/chapchap/app/Providers/AppServiceProvider.php:51
      Illuminate\Support\Facades\Facade::__callStatic()

    825▕                     $this->getName(), $query, $this->prepareBindings($bindings), $e
    826▕                 );
    827▕             }
    828▕ 
  ➜ 829▕             throw new QueryException(
    830▕                 $this->getName(), $query, $this->prepareBindings($bindings), $e
    831▕             );
    832▕         }
    833▕     }

  1   [internal]:0
      Illuminate\Foundation\Application::Illuminate\Foundation\{closure}()
      [2m+19 vendor frames [22m

  21  /var/www/html/chapchap/app/Providers/AppServiceProvider.php:51
      Illuminate\Support\Facades\Facade::__callStatic()

    825▕                     $this->getName(), $query, $this->prepareBindings($bindings), $e
    826▕                 );
    827▕             }
    828▕ 
  ➜ 829▕             throw new QueryException(
    830▕                 $this->getName(), $query, $this->prepareBindings($bindings), $e
    831▕             );
    832▕         }
    833▕     }

  1   [internal]:0
      Illuminate\Foundation\Application::Illuminate\Foundation\{closure}()
      [2m+19 vendor frames [22m

  21  /var/www/html/chapchap/app/Providers/AppServiceProvider.php:51
      Illuminate\Support\Facades\Facade::__callStatic()


   Illuminate\Database\QueryException 

  SQLSTATE[HY000] [2002] Connection refused (Connection: mysql, SQL: select table_name as `name`, (data_length + index_length) as `size`, table_comment as `comment`, engine as `engine`, table_collation as `collation` from information_schema.tables where table_schema = 'chapchap' and table_type in ('BASE TABLE', 'SYSTEM VERSIONED') order by table_name)

  at /var/www/html/chapchap/vendor/laravel/framework/src/Illuminate/Database/Connection.php:829
    825▕                     $this->getName(), $query, $this->prepareBindings($bindings), $e
    826▕                 );
    827▕             }
    828▕ 
  ➜ 829▕             throw new QueryException(
    830▕                 $this->getName(), $query, $this->prepareBindings($bindings), $e
    831▕             );
    832▕         }
    833▕     }

  1   [internal]:0
      Illuminate\Foundation\Application::Illuminate\Foundation\{closure}()
      [2m+19 vendor frames [22m

  21  /var/www/html/chapchap/app/Providers/AppServiceProvider.php:51
      Illuminate\Support\Facades\Facade::__callStatic()


   Illuminate\Database\QueryException 

  SQLSTATE[HY000] [2002] Connection refused (Connection: mysql, SQL: select table_name as `name`, (data_length + index_length) as `size`, table_comment as `comment`, engine as `engine`, table_collation as `collation` from information_schema.tables where table_schema = 'chapchap' and table_type in ('BASE TABLE', 'SYSTEM VERSIONED') order by table_name)

  at /var/www/html/chapchap/vendor/laravel/framework/src/Illuminate/Database/Connection.php:829
    825▕                     $this->getName(), $query, $this->prepareBindings($bindings), $e
    826▕                 );
    827▕             }
    828▕ 
  ➜ 829▕             throw new QueryException(
    830▕                 $this->getName(), $query, $this->prepareBindings($bindings), $e
    831▕             );
    832▕         }
    833▕     }

  1   [internal]:0
      Illuminate\Foundation\Application::Illuminate\Foundation\{closure}()
      [2m+19 vendor frames [22m

  21  /var/www/html/chapchap/app/Providers/AppServiceProvider.php:51
      Illuminate\Support\Facades\Facade::__callStatic()


   Illuminate\Database\QueryException 

  SQLSTATE[HY000] [2002] Connection refused (Connection: mysql, SQL: select table_name as `name`, (data_length + index_length) as `size`, table_comment as `comment`, engine as `engine`, table_collation as `collation` from information_schema.tables where table_schema = 'chapchap' and table_type in ('BASE TABLE', 'SYSTEM VERSIONED') order by table_name)

  at /var/www/html/chapchap/vendor/laravel/framework/src/Illuminate/Database/Connection.php:829

   Illuminate\Database\QueryException 

  SQLSTATE[HY000] [2002] Connection refused (Connection: mysql, SQL: select table_name as `name`, (data_length + index_length) as `size`, table_comment as `comment`, engine as `engine`, table_collation as `collation` from information_schema.tables where table_schema = 'chapchap' and table_type in ('BASE TABLE', 'SYSTEM VERSIONED') order by table_name)

  at /var/www/html/chapchap/vendor/laravel/framework/src/Illuminate/Database/Connection.php:829
    825▕                     $this->getName(), $query, $this->prepareBindings($bindings), $e
    826▕                 );
    827▕             }
    828▕ 
  ➜ 829▕             throw new QueryException(
    830▕                 $this->getName(), $query, $this->prepareBindings($bindings), $e
    831▕             );
    832▕         }
    833▕     }

  1   [internal]:0
      Illuminate\Foundation\Application::Illuminate\Foundation\{closure}()
      [2m+19 vendor frames [22m

  21  /var/www/html/chapchap/app/Providers/AppServiceProvider.php:51
      Illuminate\Support\Facades\Facade::__callStatic()

    825▕                     $this->getName(), $query, $this->prepareBindings($bindings), $e
    826▕                 );
    827▕             }
    828▕ 
  ➜ 829▕             throw new QueryException(
    830▕                 $this->getName(), $query, $this->prepareBindings($bindings), $e
    831▕             );
    832▕         }
    833▕     }

  1   [internal]:0
      Illuminate\Foundation\Application::Illuminate\Foundation\{closure}()
      [2m+19 vendor frames [22m

  21  /var/www/html/chapchap/app/Providers/AppServiceProvider.php:51
      Illuminate\Support\Facades\Facade::__callStatic()


   Illuminate\Database\QueryException 

  SQLSTATE[HY000] [2002] Connection refused (Connection: mysql, SQL: select table_name as `name`, (data_length + index_length) as `size`, table_comment as `comment`, engine as `engine`, table_collation as `collation` from information_schema.tables where table_schema = 'chapchap' and table_type in ('BASE TABLE', 'SYSTEM VERSIONED') order by table_name)

  at /var/www/html/chapchap/vendor/laravel/framework/src/Illuminate/Database/Connection.php:829

   Illuminate\Database\QueryException 

  SQLSTATE[HY000] [2002] Connection refused (Connection: mysql, SQL: select table_name as `name`, (data_length + index_length) as `size`, table_comment as `comment`, engine as `engine`, table_collation as `collation` from information_schema.tables where table_schema = 'chapchap' and table_type in ('BASE TABLE', 'SYSTEM VERSIONED') order by table_name)

  at /var/www/html/chapchap/vendor/laravel/framework/src/Illuminate/Database/Connection.php:829
    825▕                     $this->getName(), $query, $this->prepareBindings($bindings), $e
    826▕                 );
    827▕             }
    828▕ 
  ➜ 829▕             throw new QueryException(
    830▕                 $this->getName(), $query, $this->prepareBindings($bindings), $e
    831▕             );
    832▕         }
    833▕     }

  1   [internal]:0
    825▕                     $this->getName(), $query, $this->prepareBindings($bindings), $e
    826▕                 );
    827▕             }
    828▕ 
  ➜ 829▕             throw new QueryException(
    830▕                 $this->getName(), $query, $this->prepareBindings($bindings), $e
    831▕             );
    832▕         }
    833▕     }
      Illuminate\Foundation\Application::Illuminate\Foundation\{closure}()
      [2m+19 vendor frames [22m

  21  /var/www/html/chapchap/app/Providers/AppServiceProvider.php:51
      Illuminate\Support\Facades\Facade::__callStatic()


  1   [internal]:0
      Illuminate\Foundation\Application::Illuminate\Foundation\{closure}()
      [2m+19 vendor frames [22m

  21  /var/www/html/chapchap/app/Providers/AppServiceProvider.php:51
      Illuminate\Support\Facades\Facade::__callStatic()


   Illuminate\Database\QueryException 

  SQLSTATE[HY000] [2002] Connection refused (Connection: mysql, SQL: select table_name as `name`, (data_length + index_length) as `size`, table_comment as `comment`, engine as `engine`, table_collation as `collation` from information_schema.tables where table_schema = 'chapchap' and table_type in ('BASE TABLE', 'SYSTEM VERSIONED') order by table_name)

  at /var/www/html/chapchap/vendor/laravel/framework/src/Illuminate/Database/Connection.php:829
    825▕                     $this->getName(), $query, $this->prepareBindings($bindings), $e
    826▕                 );
    827▕             }
    828▕ 
  ➜ 829▕             throw new QueryException(
    830▕                 $this->getName(), $query, $this->prepareBindings($bindings), $e
    831▕             );
    832▕         }
    833▕     }

  1   [internal]:0
      Illuminate\Foundation\Application::Illuminate\Foundation\{closure}()
      [2m+19 vendor frames [22m

  21  /var/www/html/chapchap/app/Providers/AppServiceProvider.php:51
      Illuminate\Support\Facades\Facade::__callStatic()


   Illuminate\Database\QueryException 

  SQLSTATE[HY000] [2002] Connection refused (Connection: mysql, SQL: select table_name as `name`, (data_length + index_length) as `size`, table_comment as `comment`, engine as `engine`, table_collation as `collation` from information_schema.tables where table_schema = 'chapchap' and table_type in ('BASE TABLE', 'SYSTEM VERSIONED') order by table_name)

  at /var/www/html/chapchap/vendor/laravel/framework/src/Illuminate/Database/Connection.php:829
    825▕                     $this->getName(), $query, $this->prepareBindings($bindings), $e
    826▕                 );
    827▕             }
    828▕ 
  ➜ 829▕             throw new QueryException(
    830▕                 $this->getName(), $query, $this->prepareBindings($bindings), $e
    831▕             );
    832▕         }
    833▕     }

  1   [internal]:0
      Illuminate\Foundation\Application::Illuminate\Foundation\{closure}()
      [2m+19 vendor frames [22m

  21  /var/www/html/chapchap/app/Providers/AppServiceProvider.php:51
      Illuminate\Support\Facades\Facade::__callStatic()

  2025-12-29 22:42:57 App\Jobs\Notifications\SendPushNotification  2025-12-29 22:42:57 App\Jobs\Notifications\SendPushNotification .... .... RUNNING
 RUNNING
  2025-12-29 22:42:57 App\Jobs\Notifications\SendPushNotification  69.89ms DONE
  2025-12-29 22:42:57 App\Jobs\Notifications\AndroidPushNotification . RUNNING
  2025-12-29 22:42:57 App\Jobs\Notifications\AndroidPushNotification  43.03ms DONE
  2025-12-29 22:42:58 App\Jobs\Notifications\SendPushNotification  202.01ms DONE
  2025-12-29 22:42:58 App\Jobs\Notifications\AndroidPushNotification . RUNNING
  2025-12-29 22:42:58 App\Jobs\Notifications\AndroidPushNotification  39.45ms DONE

   Illuminate\Database\QueryException 

  SQLSTATE[HY000] [2002] Connection refused (Connection: mysql, SQL: select table_name as `name`, (data_length + index_length) as `size`, table_comment as `comment`, engine as `engine`, table_collation as `collation` from information_schema.tables where table_schema = 'chapchap' and table_type in ('BASE TABLE', 'SYSTEM VERSIONED') order by table_name)

  at /var/www/html/chapchap/vendor/laravel/framework/src/Illuminate/Database/Connection.php:829
    825▕                     $this->getName(), $query, $this->prepareBindings($bindings), $e
    826▕                 );
    827▕             }
    828▕ 
  ➜ 829▕             throw new QueryException(
    830▕                 $this->getName(), $query, $this->prepareBindings($bindings), $e
    831▕             );
    832▕         }
    833▕     }

  1   [internal]:0
      Illuminate\Foundation\Application::Illuminate\Foundation\{closure}()
      [2m+19 vendor frames [22m

  21  /var/www/html/chapchap/app/Providers/AppServiceProvider.php:51
      Illuminate\Support\Facades\Facade::__callStatic()


   Illuminate\Database\QueryException 

  SQLSTATE[HY000] [2002] Connection refused (Connection: mysql, SQL: select table_name as `name`, (data_length + index_length) as `size`, table_comment as `comment`, engine as `engine`, table_collation as `collation` from information_schema.tables where table_schema = 'chapchap' and table_type in ('BASE TABLE', 'SYSTEM VERSIONED') order by table_name)

  at /var/www/html/chapchap/vendor/laravel/framework/src/Illuminate/Database/Connection.php:829
    825▕                     $this->getName(), $query, $this->prepareBindings($bindings), $e
    826▕                 );
    827▕             }
    828▕ 
  ➜ 829▕             throw new QueryException(
    830▕                 $this->getName(), $query, $this->prepareBindings($bindings), $e
    831▕             );
    832▕         }
    833▕     }

  1   [internal]:0
      Illuminate\Foundation\Application::Illuminate\Foundation\{closure}()
      [2m+19 vendor frames [22m

  21  /var/www/html/chapchap/app/Providers/AppServiceProvider.php:51
      Illuminate\Support\Facades\Facade::__callStatic()


   Illuminate\Database\QueryException 

  SQLSTATE[HY000] [2002] Connection refused (Connection: mysql, SQL: select table_name as `name`, (data_length + index_length) as `size`, table_comment as `comment`, engine as `engine`, table_collation as `collation` from information_schema.tables where table_schema = 'chapchap' and table_type in ('BASE TABLE', 'SYSTEM VERSIONED') order by table_name)

  at /var/www/html/chapchap/vendor/laravel/framework/src/Illuminate/Database/Connection.php:829

   Illuminate\Database\QueryException 

  SQLSTATE[HY000] [2002] Connection refused (Connection: mysql, SQL: select table_name as `name`, (data_length + index_length) as `size`, table_comment as `comment`, engine as `engine`, table_collation as `collation` from information_schema.tables where table_schema = 'chapchap' and table_type in ('BASE TABLE', 'SYSTEM VERSIONED') order by table_name)

  at /var/www/html/chapchap/vendor/laravel/framework/src/Illuminate/Database/Connection.php:829
    825▕                     $this->getName(), $query, $this->prepareBindings($bindings), $e
    826▕                 );
    827▕             }
    828▕ 
  ➜ 829▕             throw new QueryException(
    830▕                 $this->getName(), $query, $this->prepareBindings($bindings), $e
    831▕             );
    832▕         }
    833▕     }

  1   [internal]:0
      Illuminate\Foundation\Application::Illuminate\Foundation\{closure}()
      [2m+19 vendor frames [22m

  21  /var/www/html/chapchap/app/Providers/AppServiceProvider.php:51
      Illuminate\Support\Facades\Facade::__callStatic()


   Illuminate\Database\QueryException 

  SQLSTATE[HY000] [2002] Connection refused (Connection: mysql, SQL: select table_name as `name`, (data_length + index_length) as `size`, table_comment as `comment`, engine as `engine`, table_collation as `collation` from information_schema.tables where table_schema = 'chapchap' and table_type in ('BASE TABLE', 'SYSTEM VERSIONED') order by table_name)

  at /var/www/html/chapchap/vendor/laravel/framework/src/Illuminate/Database/Connection.php:829
    825▕                     $this->getName(), $query, $this->prepareBindings($bindings), $e
    826▕                 );
    827▕             }
    828▕ 
  ➜ 829▕             throw new QueryException(
    830▕                 $this->getName(), $query, $this->prepareBindings($bindings), $e
    831▕             );
    832▕         }
    833▕     }

  1   [internal]:0
      Illuminate\Foundation\Application::Illuminate\Foundation\{closure}()
      [2m+19 vendor frames [22m

  21  /var/www/html/chapchap/app/Providers/AppServiceProvider.php:51
      Illuminate\Support\Facades\Facade::__callStatic()


   Illuminate\Database\QueryException 

  SQLSTATE[HY000] [2002] Connection refused (Connection: mysql, SQL: select table_name as `name`, (data_length + index_length) as `size`, table_comment as `comment`, engine as `engine`, table_collation as `collation` from information_schema.tables where table_schema = 'chapchap' and table_type in ('BASE TABLE', 'SYSTEM VERSIONED') order by table_name)

  at /var/www/html/chapchap/vendor/laravel/framework/src/Illuminate/Database/Connection.php:829
    825▕                     $this->getName(), $query, $this->prepareBindings($bindings), $e
    826▕                 );
    827▕             }
    828▕ 
  ➜ 829▕             throw new QueryException(
    830▕                 $this->getName(), $query, $this->prepareBindings($bindings), $e
    831▕             );
    832▕         }
    833▕     }

  1   [internal]:0
      Illuminate\Foundation\Application::Illuminate\Foundation\{closure}()
      [2m+19 vendor frames [22m

  21  /var/www/html/chapchap/app/Providers/AppServiceProvider.php:51
      Illuminate\Support\Facades\Facade::__callStatic()


   Illuminate\Database\QueryException 

  SQLSTATE[HY000] [2002] Connection refused (Connection: mysql, SQL: select table_name as `name`, (data_length + index_length) as `size`, table_comment as `comment`, engine as `engine`, table_collation as `collation` from information_schema.tables where table_schema = 'chapchap' and table_type in ('BASE TABLE', 'SYSTEM VERSIONED') order by table_name)

  at /var/www/html/chapchap/vendor/laravel/framework/src/Illuminate/Database/Connection.php:829
    825▕                     $this->getName(), $query, $this->prepareBindings($bindings), $e
    826▕                 );
    827▕             }
    828▕ 
  ➜ 829▕             throw new QueryException(
    830▕                 $this->getName(), $query, $this->prepareBindings($bindings), $e
    831▕             );
    832▕         }
    833▕     }

  1   [internal]:0
      Illuminate\Foundation\Application::Illuminate\Foundation\{closure}()
      [2m+19 vendor frames [22m

  21  /var/www/html/chapchap/app/Providers/AppServiceProvider.php:51
      Illuminate\Support\Facades\Facade::__callStatic()


   Illuminate\Database\QueryException 

  SQLSTATE[HY000] [2002] Connection refused (Connection: mysql, SQL: select table_name as `name`, (data_length + index_length) as `size`, table_comment as `comment`, engine as `engine`, table_collation as `collation` from information_schema.tables where table_schema = 'chapchap' and table_type in ('BASE TABLE', 'SYSTEM VERSIONED') order by table_name)

  at /var/www/html/chapchap/vendor/laravel/framework/src/Illuminate/Database/Connection.php:829
    825▕                     $this->getName(), $query, $this->prepareBindings($bindings), $e
    826▕                 );
    827▕             }
    828▕ 
  ➜ 829▕             throw new QueryException(
    830▕                 $this->getName(), $query, $this->prepareBindings($bindings), $e
    831▕             );
    832▕         }
    833▕     }

  1   [internal]:0
      Illuminate\Foundation\Application::Illuminate\Foundation\{closure}()
      [2m+19 vendor frames [22m

  21  /var/www/html/chapchap/app/Providers/AppServiceProvider.php:51
      Illuminate\Support\Facades\Facade::__callStatic()

    825▕                     $this->getName(), $query, $this->prepareBindings($bindings), $e
    826▕                 );
    827▕             }
    828▕ 
  ➜ 829▕             throw new QueryException(
    830▕                 $this->getName(), $query, $this->prepareBindings($bindings), $e
    831▕             );
    832▕         }
    833▕     }

  1   [internal]:0
      Illuminate\Foundation\Application::Illuminate\Foundation\{closure}()
      [2m+19 vendor frames [22m

  21  /var/www/html/chapchap/app/Providers/AppServiceProvider.php:51
      Illuminate\Support\Facades\Facade::__callStatic()


   Illuminate\Database\QueryException 

  SQLSTATE[HY000] [2002] Connection refused (Connection: mysql, SQL: select table_name as `name`, (data_length + index_length) as `size`, table_comment as `comment`, engine as `engine`, table_collation as `collation` from information_schema.tables where table_schema = 'chapchap' and table_type in ('BASE TABLE', 'SYSTEM VERSIONED') order by table_name)

  at /var/www/html/chapchap/vendor/laravel/framework/src/Illuminate/Database/Connection.php:829
    825▕                     $this->getName(), $query, $this->prepareBindings($bindings), $e
    826▕                 );
    827▕             }
    828▕ 
  ➜ 829▕             throw new QueryException(
    830▕                 $this->getName(), $query, $this->prepareBindings($bindings), $e
    831▕             );
    832▕         }
    833▕     }

  1   [internal]:0
      Illuminate\Foundation\Application::Illuminate\Foundation\{closure}()
      [2m+19 vendor frames [22m

  21  /var/www/html/chapchap/app/Providers/AppServiceProvider.php:51
      Illuminate\Support\Facades\Facade::__callStatic()


   Illuminate\Database\QueryException 

  SQLSTATE[HY000] [2002] Connection refused (Connection: mysql, SQL: select table_name as `name`, (data_length + index_length) as `size`, table_comment as `comment`, engine as `engine`, table_collation as `collation` from information_schema.tables where table_schema = 'chapchap' and table_type in ('BASE TABLE', 'SYSTEM VERSIONED') order by table_name)

  at /var/www/html/chapchap/vendor/laravel/framework/src/Illuminate/Database/Connection.php:829
    825▕                     $this->getName(), $query, $this->prepareBindings($bindings), $e
    826▕                 );
    827▕             }
    828▕ 
  ➜ 829▕             throw new QueryException(
    830▕                 $this->getName(), $query, $this->prepareBindings($bindings), $e
    831▕             );
    832▕         }
    833▕     }

  1   [internal]:0
      Illuminate\Foundation\Application::Illuminate\Foundation\{closure}()
      [2m+19 vendor frames [22m

  21  /var/www/html/chapchap/app/Providers/AppServiceProvider.php:51
      Illuminate\Support\Facades\Facade::__callStatic()


   Illuminate\Database\QueryException 

  SQLSTATE[HY000] [2002] Connection refused (Connection: mysql, SQL: select table_name as `name`, (data_length + index_length) as `size`, table_comment as `comment`, engine as `engine`, table_collation as `collation` from information_schema.tables where table_schema = 'chapchap' and table_type in ('BASE TABLE', 'SYSTEM VERSIONED') order by table_name)

  at /var/www/html/chapchap/vendor/laravel/framework/src/Illuminate/Database/Connection.php:829
    825▕                     $this->getName(), $query, $this->prepareBindings($bindings), $e
    826▕                 );
    827▕             }
    828▕ 
  ➜ 829▕             throw new QueryException(
    830▕                 $this->getName(), $query, $this->prepareBindings($bindings), $e
    831▕             );
    832▕         }
    833▕     }

  1   [internal]:0
      Illuminate\Foundation\Application::Illuminate\Foundation\{closure}()
      [2m+19 vendor frames [22m

  21  /var/www/html/chapchap/app/Providers/AppServiceProvider.php:51
      Illuminate\Support\Facades\Facade::__callStatic()


   Illuminate\Database\QueryException 

  SQLSTATE[HY000] [2002] Connection refused (Connection: mysql, SQL: select table_name as `name`, (data_length + index_length) as `size`, table_comment as `comment`, engine as `engine`, table_collation as `collation` from information_schema.tables where table_schema = 'chapchap' and table_type in ('BASE TABLE', 'SYSTEM VERSIONED') order by table_name)

  at /var/www/html/chapchap/vendor/laravel/framework/src/Illuminate/Database/Connection.php:829
    825▕                     $this->getName(), $query, $this->prepareBindings($bindings), $e
    826▕                 );
    827▕             }
    828▕ 
  ➜ 829▕             throw new QueryException(
    830▕                 $this->getName(), $query, $this->prepareBindings($bindings), $e
    831▕             );
    832▕         }
    833▕     }

  1   [internal]:0
      Illuminate\Foundation\Application::Illuminate\Foundation\{closure}()
      [2m+19 vendor frames [22m

  21  /var/www/html/chapchap/app/Providers/AppServiceProvider.php:51
      Illuminate\Support\Facades\Facade::__callStatic()


   Illuminate\Database\QueryException 

  SQLSTATE[HY000] [2002] Connection refused (Connection: mysql, SQL: select table_name as `name`, (data_length + index_length) as `size`, table_comment as `comment`, engine as `engine`, table_collation as `collation` from information_schema.tables where table_schema = 'chapchap' and table_type in ('BASE TABLE', 'SYSTEM VERSIONED') order by table_name)

  at /var/www/html/chapchap/vendor/laravel/framework/src/Illuminate/Database/Connection.php:829
    825▕                     $this->getName(), $query, $this->prepareBindings($bindings), $e
    826▕                 );
    827▕             }
    828▕ 
  ➜ 829▕             throw new QueryException(
    830▕                 $this->getName(), $query, $this->prepareBindings($bindings), $e
    831▕             );
    832▕         }
    833▕     }

  1   [internal]:0
      Illuminate\Foundation\Application::Illuminate\Foundation\{closure}()
      [2m+19 vendor frames [22m

  21  /var/www/html/chapchap/app/Providers/AppServiceProvider.php:51
      Illuminate\Support\Facades\Facade::__callStatic()


   Illuminate\Database\QueryException 

  SQLSTATE[HY000] [2002] Connection refused (Connection: mysql, SQL: select table_name as `name`, (data_length + index_length) as `size`, table_comment as `comment`, engine as `engine`, table_collation as `collation` from information_schema.tables where table_schema = 'chapchap' and table_type in ('BASE TABLE', 'SYSTEM VERSIONED') order by table_name)

  at /var/www/html/chapchap/vendor/laravel/framework/src/Illuminate/Database/Connection.php:829
    825▕                     $this->getName(), $query, $this->prepareBindings($bindings), $e
    826▕                 );
    827▕             }
    828▕ 
  ➜ 829▕             throw new QueryException(
    830▕                 $this->getName(), $query, $this->prepareBindings($bindings), $e
    831▕             );
    832▕         }
    833▕     }

  1   [internal]:0
      Illuminate\Foundation\Application::Illuminate\Foundation\{closure}()
      [2m+19 vendor frames [22m

  21  /var/www/html/chapchap/app/Providers/AppServiceProvider.php:51
      Illuminate\Support\Facades\Facade::__callStatic()


   Illuminate\Database\QueryException 

  SQLSTATE[HY000] [2002] Connection refused (Connection: mysql, SQL: select table_name as `name`, (data_length + index_length) as `size`, table_comment as `comment`, engine as `engine`, table_collation as `collation` from information_schema.tables where table_schema = 'chapchap' and table_type in ('BASE TABLE', 'SYSTEM VERSIONED') order by table_name)

  at /var/www/html/chapchap/vendor/laravel/framework/src/Illuminate/Database/Connection.php:829
    825▕                     $this->getName(), $query, $this->prepareBindings($bindings), $e
    826▕                 );
    827▕             }
    828▕ 
  ➜ 829▕             throw new QueryException(
    830▕                 $this->getName(), $query, $this->prepareBindings($bindings), $e
    831▕             );
    832▕         }
    833▕     }

  1   [internal]:0
      Illuminate\Foundation\Application::Illuminate\Foundation\{closure}()
      [2m+19 vendor frames [22m

  21  /var/www/html/chapchap/app/Providers/AppServiceProvider.php:51
      Illuminate\Support\Facades\Facade::__callStatic()


   Illuminate\Database\QueryException 

  SQLSTATE[HY000] [2002] Connection refused (Connection: mysql, SQL: select table_name as `name`, (data_length + index_length) as `size`, table_comment as `comment`, engine as `engine`, table_collation as `collation` from information_schema.tables where table_schema = 'chapchap' and table_type in ('BASE TABLE', 'SYSTEM VERSIONED') order by table_name)

  at /var/www/html/chapchap/vendor/laravel/framework/src/Illuminate/Database/Connection.php:829
    825▕                     $this->getName(), $query, $this->prepareBindings($bindings), $e
    826▕                 );
    827▕             }
    828▕ 
  ➜ 829▕             throw new QueryException(
    830▕                 $this->getName(), $query, $this->prepareBindings($bindings), $e
    831▕             );
    832▕         }
    833▕     }

  1   [internal]:0
      Illuminate\Foundation\Application::Illuminate\Foundation\{closure}()
      [2m+19 vendor frames [22m

  21  /var/www/html/chapchap/app/Providers/AppServiceProvider.php:51
      Illuminate\Support\Facades\Facade::__callStatic()


   Illuminate\Database\QueryException 

  SQLSTATE[HY000] [2002] Connection refused (Connection: mysql, SQL: select table_name as `name`, (data_length + index_length) as `size`, table_comment as `comment`, engine as `engine`, table_collation as `collation` from information_schema.tables where table_schema = 'chapchap' and table_type in ('BASE TABLE', 'SYSTEM VERSIONED') order by table_name)

  at /var/www/html/chapchap/vendor/laravel/framework/src/Illuminate/Database/Connection.php:829

   Illuminate\Database\QueryException 

  SQLSTATE[HY000] [2002] Connection refused (Connection: mysql, SQL: select table_name as `name`, (data_length + index_length) as `size`, table_comment as `comment`, engine as `engine`, table_collation as `collation` from information_schema.tables where table_schema = 'chapchap' and table_type in ('BASE TABLE', 'SYSTEM VERSIONED') order by table_name)

  at /var/www/html/chapchap/vendor/laravel/framework/src/Illuminate/Database/Connection.php:829

   Illuminate\Database\QueryException 

  SQLSTATE[HY000] [2002] Connection refused (Connection: mysql, SQL: select table_name as `name`, (data_length + index_length) as `size`, table_comment as `comment`, engine as `engine`, table_collation as `collation` from information_schema.tables where table_schema = 'chapchap' and table_type in ('BASE TABLE', 'SYSTEM VERSIONED') order by table_name)

  at /var/www/html/chapchap/vendor/laravel/framework/src/Illuminate/Database/Connection.php:829

   Illuminate\Database\QueryException 

  SQLSTATE[HY000] [2002] Connection refused (Connection: mysql, SQL: select table_name as `name`, (data_length + index_length) as `size`, table_comment as `comment`, engine as `engine`, table_collation as `collation` from information_schema.tables where table_schema = 'chapchap' and table_type in ('BASE TABLE', 'SYSTEM VERSIONED') order by table_name)

  at /var/www/html/chapchap/vendor/laravel/framework/src/Illuminate/Database/Connection.php:829

   Illuminate\Database\QueryException 

  SQLSTATE[HY000] [2002] Connection refused (Connection: mysql, SQL: select table_name as `name`, (data_length + index_length) as `size`, table_comment as `comment`, engine as `engine`, table_collation as `collation` from information_schema.tables where table_schema = 'chapchap' and table_type in ('BASE TABLE', 'SYSTEM VERSIONED') order by table_name)

  at /var/www/html/chapchap/vendor/laravel/framework/src/Illuminate/Database/Connection.php:829

   Illuminate\Database\QueryException 

  SQLSTATE[HY000] [2002] Connection refused (Connection: mysql, SQL: select table_name as `name`, (data_length + index_length) as `size`, table_comment as `comment`, engine as `engine`, table_collation as `collation` from information_schema.tables where table_schema = 'chapchap' and table_type in ('BASE TABLE', 'SYSTEM VERSIONED') order by table_name)

  at /var/www/html/chapchap/vendor/laravel/framework/src/Illuminate/Database/Connection.php:829

   Illuminate\Database\QueryException 

  SQLSTATE[HY000] [2002] Connection refused (Connection: mysql, SQL: select table_name as `name`, (data_length + index_length) as `size`, table_comment as `comment`, engine as `engine`, table_collation as `collation` from information_schema.tables where table_schema = 'chapchap' and table_type in ('BASE TABLE', 'SYSTEM VERSIONED') order by table_name)

  at /var/www/html/chapchap/vendor/laravel/framework/src/Illuminate/Database/Connection.php:829
    825▕                     $this->getName(), $query, $this->prepareBindings($bindings), $e
    826▕                 );
    827▕             }
    828▕ 
  ➜ 829▕             throw new QueryException(
    830▕                 $this->getName(), $query, $this->prepareBindings($bindings), $e
    831▕             );
    832▕         }
    833▕     }

  1   [internal]:0
      Illuminate\Foundation\Application::Illuminate\Foundation\{closure}()
      [2m+19 vendor frames [22m

  21  /var/www/html/chapchap/app/Providers/AppServiceProvider.php:51
      Illuminate\Support\Facades\Facade::__callStatic()

    825▕                     $this->getName(), $query, $this->prepareBindings($bindings), $e
    826▕                 );
    827▕             }
    828▕ 
  ➜ 829▕             throw new QueryException(
    830▕                 $this->getName(), $query, $this->prepareBindings($bindings), $e
    831▕             );
    832▕         }
    833▕     }

  1   [internal]:0
      Illuminate\Foundation\Application::Illuminate\Foundation\{closure}()
      [2m+19 vendor frames [22m

  21  /var/www/html/chapchap/app/Providers/AppServiceProvider.php:51
      Illuminate\Support\Facades\Facade::__callStatic()

    825▕                     $this->getName(), $query, $this->prepareBindings($bindings), $e
    826▕                 );
    827▕             }
    828▕ 
  ➜ 829▕             throw new QueryException(
    830▕                 $this->getName(), $query, $this->prepareBindings($bindings), $e
    831▕             );
    832▕         }
    833▕     }

  1   [internal]:0
      Illuminate\Foundation\Application::Illuminate\Foundation\{closure}()
      [2m+19 vendor frames [22m

  21  /var/www/html/chapchap/app/Providers/AppServiceProvider.php:51
      Illuminate\Support\Facades\Facade::__callStatic()


   Illuminate\Database\QueryException 

  SQLSTATE[HY000] [2002] Connection refused (Connection: mysql, SQL: select table_name as `name`, (data_length + index_length) as `size`, table_comment as `comment`, engine as `engine`, table_collation as `collation` from information_schema.tables where table_schema = 'chapchap' and table_type in ('BASE TABLE', 'SYSTEM VERSIONED') order by table_name)

  at /var/www/html/chapchap/vendor/laravel/framework/src/Illuminate/Database/Connection.php:829
    825▕                     $this->getName(), $query, $this->prepareBindings($bindings), $e
    826▕                 );
    827▕             }
    828▕ 
  ➜ 829▕             throw new QueryException(
    830▕                 $this->getName(), $query, $this->prepareBindings($bindings), $e
    831▕             );
    832▕         }
    833▕     }

  1   [internal]:0
      Illuminate\Foundation\Application::Illuminate\Foundation\{closure}()
      [2m+19 vendor frames [22m

  21  /var/www/html/chapchap/app/Providers/AppServiceProvider.php:51
      Illuminate\Support\Facades\Facade::__callStatic()

    825▕                     $this->getName(), $query, $this->prepareBindings($bindings), $e
    826▕                 );
    827▕             }
    828▕ 
  ➜ 829▕             throw new QueryException(
    830▕                 $this->getName(), $query, $this->prepareBindings($bindings), $e
    831▕             );
    832▕         }
    833▕     }

  1   [internal]:0
      Illuminate\Foundation\Application::Illuminate\Foundation\{closure}()
      [2m+19 vendor frames [22m

  21  /var/www/html/chapchap/app/Providers/AppServiceProvider.php:51
      Illuminate\Support\Facades\Facade::__callStatic()

    825▕                     $this->getName(), $query, $this->prepareBindings($bindings), $e
    826▕                 );
    827▕             }
    828▕ 
  ➜ 829▕             throw new QueryException(
    830▕                 $this->getName(), $query, $this->prepareBindings($bindings), $e
    831▕             );
    832▕         }
    833▕     }

  1   [internal]:0
      Illuminate\Foundation\Application::Illuminate\Foundation\{closure}()
      [2m+19 vendor frames [22m

  21  /var/www/html/chapchap/app/Providers/AppServiceProvider.php:51
      Illuminate\Support\Facades\Facade::__callStatic()

    825▕                     $this->getName(), $query, $this->prepareBindings($bindings), $e
    826▕                 );
    827▕             }
    828▕ 
  ➜ 829▕             throw new QueryException(
    830▕                 $this->getName(), $query, $this->prepareBindings($bindings), $e
    831▕             );
    832▕         }
    833▕     }

  1   [internal]:0
      Illuminate\Foundation\Application::Illuminate\Foundation\{closure}()
      [2m+19 vendor frames [22m

  21  /var/www/html/chapchap/app/Providers/AppServiceProvider.php:51
      Illuminate\Support\Facades\Facade::__callStatic()

    825▕                     $this->getName(), $query, $this->prepareBindings($bindings), $e
    826▕                 );
    827▕             }
    828▕ 
  ➜ 829▕             throw new QueryException(
    830▕                 $this->getName(), $query, $this->prepareBindings($bindings), $e
    831▕             );
    832▕         }
    833▕     }

  1   [internal]:0
      Illuminate\Foundation\Application::Illuminate\Foundation\{closure}()
      [2m+19 vendor frames [22m

  21  /var/www/html/chapchap/app/Providers/AppServiceProvider.php:51
      Illuminate\Support\Facades\Facade::__callStatic()


   Illuminate\Database\QueryException 

  SQLSTATE[HY000] [2002] Connection refused (Connection: mysql, SQL: select table_name as `name`, (data_length + index_length) as `size`, table_comment as `comment`, engine as `engine`, table_collation as `collation` from information_schema.tables where table_schema = 'chapchap' and table_type in ('BASE TABLE', 'SYSTEM VERSIONED') order by table_name)

  at /var/www/html/chapchap/vendor/laravel/framework/src/Illuminate/Database/Connection.php:829
    825▕                     $this->getName(), $query, $this->prepareBindings($bindings), $e
    826▕                 );
    827▕             }
    828▕ 
  ➜ 829▕             throw new QueryException(
    830▕                 $this->getName(), $query, $this->prepareBindings($bindings), $e
    831▕             );
    832▕         }
    833▕     }

  1   [internal]:0
      Illuminate\Foundation\Application::Illuminate\Foundation\{closure}()
      [2m+19 vendor frames [22m

  21  /var/www/html/chapchap/app/Providers/AppServiceProvider.php:51
      Illuminate\Support\Facades\Facade::__callStatic()


   Illuminate\Database\QueryException 

  SQLSTATE[HY000] [2002] Connection refused (Connection: mysql, SQL: select table_name as `name`, (data_length + index_length) as `size`, table_comment as `comment`, engine as `engine`, table_collation as `collation` from information_schema.tables where table_schema = 'chapchap' and table_type in ('BASE TABLE', 'SYSTEM VERSIONED') order by table_name)

  at /var/www/html/chapchap/vendor/laravel/framework/src/Illuminate/Database/Connection.php:829

   Illuminate\Database\QueryException 

  SQLSTATE[HY000] [2002] Connection refused (Connection: mysql, SQL: select table_name as `name`, (data_length + index_length) as `size`, table_comment as `comment`, engine as `engine`, table_collation as `collation` from information_schema.tables where table_schema = 'chapchap' and table_type in ('BASE TABLE', 'SYSTEM VERSIONED') order by table_name)

  at /var/www/html/chapchap/vendor/laravel/framework/src/Illuminate/Database/Connection.php:829
    825▕                     $this->getName(), $query, $this->prepareBindings($bindings), $e
    826▕                 );
    827▕             }
    828▕ 
  ➜ 829▕             throw new QueryException(
    830▕                 $this->getName(), $query, $this->prepareBindings($bindings), $e
    831▕             );
    832▕         }
    833▕     }

  1   [internal]:0
      Illuminate\Foundation\Application::Illuminate\Foundation\{closure}()
      [2m+19 vendor frames [22m

  21  /var/www/html/chapchap/app/Providers/AppServiceProvider.php:51
      Illuminate\Support\Facades\Facade::__callStatic()


   Illuminate\Database\QueryException 

  SQLSTATE[HY000] [2002] Connection refused (Connection: mysql, SQL: select table_name as `name`, (data_length + index_length) as `size`, table_comment as `comment`, engine as `engine`, table_collation as `collation` from information_schema.tables where table_schema = 'chapchap' and table_type in ('BASE TABLE', 'SYSTEM VERSIONED') order by table_name)

  at /var/www/html/chapchap/vendor/laravel/framework/src/Illuminate/Database/Connection.php:829
    825▕                     $this->getName(), $query, $this->prepareBindings($bindings), $e
    826▕                 );
    827▕             }
    828▕ 
  ➜ 829▕             throw new QueryException(
    830▕                 $this->getName(), $query, $this->prepareBindings($bindings), $e
    831▕             );
    832▕         }
    833▕     }

  1   [internal]:0
      Illuminate\Foundation\Application::Illuminate\Foundation\{closure}()
      [2m+19 vendor frames [22m

  21  /var/www/html/chapchap/app/Providers/AppServiceProvider.php:51
      Illuminate\Support\Facades\Facade::__callStatic()

    825▕                     $this->getName(), $query, $this->prepareBindings($bindings), $e
    826▕                 );
    827▕             }
    828▕ 
  ➜ 829▕             throw new QueryException(
    830▕                 $this->getName(), $query, $this->prepareBindings($bindings), $e
    831▕             );
    832▕         }
    833▕     }

  1   [internal]:0
      Illuminate\Foundation\Application::Illuminate\Foundation\{closure}()
      [2m+19 vendor frames [22m

  21  /var/www/html/chapchap/app/Providers/AppServiceProvider.php:51
      Illuminate\Support\Facades\Facade::__callStatic()


   Illuminate\Database\QueryException 

  SQLSTATE[HY000] [2002] Connection refused (Connection: mysql, SQL: select table_name as `name`, (data_length + index_length) as `size`, table_comment as `comment`, engine as `engine`, table_collation as `collation` from information_schema.tables where table_schema = 'chapchap' and table_type in ('BASE TABLE', 'SYSTEM VERSIONED') order by table_name)

  at /var/www/html/chapchap/vendor/laravel/framework/src/Illuminate/Database/Connection.php:829

   Illuminate\Database\QueryException 

  SQLSTATE[HY000] [2002] Connection refused (Connection: mysql, SQL: select table_name as `name`, (data_length + index_length) as `size`, table_comment as `comment`, engine as `engine`, table_collation as `collation` from information_schema.tables where table_schema = 'chapchap' and table_type in ('BASE TABLE', 'SYSTEM VERSIONED') order by table_name)

  at /var/www/html/chapchap/vendor/laravel/framework/src/Illuminate/Database/Connection.php:829
    825▕                     $this->getName(), $query, $this->prepareBindings($bindings), $e
    826▕                 );
    827▕             }
    828▕ 
  ➜ 829▕             throw new QueryException(
    830▕                 $this->getName(), $query, $this->prepareBindings($bindings), $e
    831▕             );
    832▕         }
    833▕     }

  1   [internal]:0
      Illuminate\Foundation\Application::Illuminate\Foundation\{closure}()
      [2m+19 vendor frames [22m

  21  /var/www/html/chapchap/app/Providers/AppServiceProvider.php:51
      Illuminate\Support\Facades\Facade::__callStatic()

    825▕                     $this->getName(), $query, $this->prepareBindings($bindings), $e
    826▕                 );
    827▕             }
    828▕ 
  ➜ 829▕             throw new QueryException(
    830▕                 $this->getName(), $query, $this->prepareBindings($bindings), $e
    831▕             );
    832▕         }
    833▕     }

  1   [internal]:0
      Illuminate\Foundation\Application::Illuminate\Foundation\{closure}()
      [2m+19 vendor frames [22m

  21  /var/www/html/chapchap/app/Providers/AppServiceProvider.php:51
      Illuminate\Support\Facades\Facade::__callStatic()


   Illuminate\Database\QueryException 

  SQLSTATE[HY000] [2002] Connection refused (Connection: mysql, SQL: select table_name as `name`, (data_length + index_length) as `size`, table_comment as `comment`, engine as `engine`, table_collation as `collation` from information_schema.tables where table_schema = 'chapchap' and table_type in ('BASE TABLE', 'SYSTEM VERSIONED') order by table_name)

  at /var/www/html/chapchap/vendor/laravel/framework/src/Illuminate/Database/Connection.php:829
    825▕                     $this->getName(), $query, $this->prepareBindings($bindings), $e
    826▕                 );
    827▕             }
    828▕ 
  ➜ 829▕             throw new QueryException(
    830▕                 $this->getName(), $query, $this->prepareBindings($bindings), $e
    831▕             );
    832▕         }
    833▕     }

  1   [internal]:0
      Illuminate\Foundation\Application::Illuminate\Foundation\{closure}()
      [2m+19 vendor frames [22m

  21  /var/www/html/chapchap/app/Providers/AppServiceProvider.php:51
      Illuminate\Support\Facades\Facade::__callStatic()


   Illuminate\Database\QueryException 

  SQLSTATE[HY000] [2002] Connection refused (Connection: mysql, SQL: select table_name as `name`, (data_length + index_length) as `size`, table_comment as `comment`, engine as `engine`, table_collation as `collation` from information_schema.tables where table_schema = 'chapchap' and table_type in ('BASE TABLE', 'SYSTEM VERSIONED') order by table_name)

  at /var/www/html/chapchap/vendor/laravel/framework/src/Illuminate/Database/Connection.php:829
    825▕                     $this->getName(), $query, $this->prepareBindings($bindings), $e
    826▕                 );
    827▕             }
    828▕ 
  ➜ 829▕             throw new QueryException(
    830▕                 $this->getName(), $query, $this->prepareBindings($bindings), $e
    831▕             );
    832▕         }
    833▕     }

  1   [internal]:0
      Illuminate\Foundation\Application::Illuminate\Foundation\{closure}()
      [2m+19 vendor frames [22m

  21  /var/www/html/chapchap/app/Providers/AppServiceProvider.php:51
      Illuminate\Support\Facades\Facade::__callStatic()



   Illuminate\Database\QueryException 


   Illuminate\Database\QueryException 


   Illuminate\Database\QueryException 

  SQLSTATE[HY000] [2002] Connection refused (Connection: mysql, SQL: select table_name as `name`, (data_length + index_length) as `size`, table_comment as `comment`, engine as `engine`, table_collation as `collation` from information_schema.tables where table_schema = 'chapchap' and table_type in ('BASE TABLE', 'SYSTEM VERSIONED') order by table_name)

  at /var/www/html/chapchap/vendor/laravel/framework/src/Illuminate/Database/Connection.php:829


   Illuminate\Database\QueryException 

  SQLSTATE[HY000] [2002] Connection refused (Connection: mysql, SQL: select table_name as `name`, (data_length + index_length) as `size`, table_comment as `comment`, engine as `engine`, table_collation as `collation` from information_schema.tables where table_schema = 'chapchap' and table_type in ('BASE TABLE', 'SYSTEM VERSIONED') order by table_name)

  at /var/www/html/chapchap/vendor/laravel/framework/src/Illuminate/Database/Connection.php:829
   Illuminate\Database\QueryException 
  SQLSTATE[HY000] [2002] Connection refused (Connection: mysql, SQL: select table_name as `name`, (data_length + index_length) as `size`, table_comment as `comment`, engine as `engine`, table_collation as `collation` from information_schema.tables where table_schema = 'chapchap' and table_type in ('BASE TABLE', 'SYSTEM VERSIONED') order by table_name)
   Illuminate\Database\QueryException 



  SQLSTATE[HY000] [2002] Connection refused (Connection: mysql, SQL: select table_name as `name`, (data_length + index_length) as `size`, table_comment as `comment`, engine as `engine`, table_collation as `collation` from information_schema.tables where table_schema = 'chapchap' and table_type in ('BASE TABLE', 'SYSTEM VERSIONED') order by table_name)
  SQLSTATE[HY000] [2002] Connection refused (Connection: mysql, SQL: select table_name as `name`, (data_length + index_length) as `size`, table_comment as `comment`, engine as `engine`, table_collation as `collation` from information_schema.tables where table_schema = 'chapchap' and table_type in ('BASE TABLE', 'SYSTEM VERSIONED') order by table_name)

  at /var/www/html/chapchap/vendor/laravel/framework/src/Illuminate/Database/Connection.php:829

  at /var/www/html/chapchap/vendor/laravel/framework/src/Illuminate/Database/Connection.php:829

    825▕                     $this->getName(), $query, $this->prepareBindings($bindings), $e
    826▕                 );
    827▕             }
    828▕ 
  ➜ 829▕             throw new QueryException(
    830▕                 $this->getName(), $query, $this->prepareBindings($bindings), $e
    831▕             );
    832▕         }
    833▕     }

  1   [internal]:0
      Illuminate\Foundation\Application::Illuminate\Foundation\{closure}()
      [2m+19 vendor frames [22m

  21  /var/www/html/chapchap/app/Providers/AppServiceProvider.php:51
      Illuminate\Support\Facades\Facade::__callStatic()

  at /var/www/html/chapchap/vendor/laravel/framework/src/Illuminate/Database/Connection.php:829
    825▕                     $this->getName(), $query, $this->prepareBindings($bindings), $e
    826▕                 );
    827▕             }
    828▕ 
  ➜ 829▕             throw new QueryException(
    830▕                 $this->getName(), $query, $this->prepareBindings($bindings), $e
    831▕             );
    832▕         }
    833▕     }

  1   [internal]:0
      Illuminate\Foundation\Application::Illuminate\Foundation\{closure}()
      [2m+19 vendor frames [22m

  21  /var/www/html/chapchap/app/Providers/AppServiceProvider.php:51
      Illuminate\Support\Facades\Facade::__callStatic()

  SQLSTATE[HY000] [2002] Connection refused (Connection: mysql, SQL: select table_name as `name`, (data_length + index_length) as `size`, table_comment as `comment`, engine as `engine`, table_collation as `collation` from information_schema.tables where table_schema = 'chapchap' and table_type in ('BASE TABLE', 'SYSTEM VERSIONED') order by table_name)

  at /var/www/html/chapchap/vendor/laravel/framework/src/Illuminate/Database/Connection.php:829
    825▕                     $this->getName(), $query, $this->prepareBindings($bindings), $e
    826▕                 );
    827▕             }
    828▕ 
  ➜ 829▕             throw new QueryException(
    830▕                 $this->getName(), $query, $this->prepareBindings($bindings), $e
    831▕             );
    832▕         }
    833▕     }

  1   [internal]:0
      Illuminate\Foundation\Application::Illuminate\Foundation\{closure}()
      [2m+19 vendor frames [22m

  21  /var/www/html/chapchap/app/Providers/AppServiceProvider.php:51
      Illuminate\Support\Facades\Facade::__callStatic()

    825▕                     $this->getName(), $query, $this->prepareBindings($bindings), $e
    826▕                 );
    827▕             }
    828▕ 
  ➜ 829▕             throw new QueryException(
    830▕                 $this->getName(), $query, $this->prepareBindings($bindings), $e
    831▕             );
    832▕         }
    833▕     }

  1   [internal]:0
      Illuminate\Foundation\Application::Illuminate\Foundation\{closure}()
      [2m+19 vendor frames [22m

  21  /var/www/html/chapchap/app/Providers/AppServiceProvider.php:51
      Illuminate\Support\Facades\Facade::__callStatic()

   Illuminate\Database\QueryException 

  SQLSTATE[HY000] [2002] Connection refused (Connection: mysql, SQL: select table_name as `name`, (data_length + index_length) as `size`, table_comment as `comment`, engine as `engine`, table_collation as `collation` from information_schema.tables where table_schema = 'chapchap' and table_type in ('BASE TABLE', 'SYSTEM VERSIONED') order by table_name)

  at /var/www/html/chapchap/vendor/laravel/framework/src/Illuminate/Database/Connection.php:829
    825▕                     $this->getName(), $query, $this->prepareBindings($bindings), $e
    826▕                 );
    827▕             }
    828▕ 
  ➜ 829▕             throw new QueryException(
    830▕                 $this->getName(), $query, $this->prepareBindings($bindings), $e
    831▕             );
    832▕         }
    833▕     }

  1   [internal]:0
      Illuminate\Foundation\Application::Illuminate\Foundation\{closure}()
      [2m+19 vendor frames [22m

  21  /var/www/html/chapchap/app/Providers/AppServiceProvider.php:51
      Illuminate\Support\Facades\Facade::__callStatic()

    825▕                     $this->getName(), $query, $this->prepareBindings($bindings), $e
    826▕                 );
    827▕             }
    828▕ 
  ➜ 829▕             throw new QueryException(
    830▕                 $this->getName(), $query, $this->prepareBindings($bindings), $e
    831▕             );
    832▕         }
    833▕     }

  1   [internal]:0
      Illuminate\Foundation\Application::Illuminate\Foundation\{closure}()
      [2m+19 vendor frames [22m

  21  /var/www/html/chapchap/app/Providers/AppServiceProvider.php:51
      Illuminate\Support\Facades\Facade::__callStatic()


   Illuminate\Database\QueryException 

  SQLSTATE[HY000] [2002] Connection refused (Connection: mysql, SQL: select table_name as `name`, (data_length + index_length) as `size`, table_comment as `comment`, engine as `engine`, table_collation as `collation` from information_schema.tables where table_schema = 'chapchap' and table_type in ('BASE TABLE', 'SYSTEM VERSIONED') order by table_name)

  at /var/www/html/chapchap/vendor/laravel/framework/src/Illuminate/Database/Connection.php:829
    825▕                     $this->getName(), $query, $this->prepareBindings($bindings), $e
    826▕                 );
    827▕             }
    828▕ 
  ➜ 829▕             throw new QueryException(
    830▕                 $this->getName(), $query, $this->prepareBindings($bindings), $e
    831▕             );
    832▕         }
    833▕     }

  1   [internal]:0
      Illuminate\Foundation\Application::Illuminate\Foundation\{closure}()
      [2m+19 vendor frames [22m

  21  /var/www/html/chapchap/app/Providers/AppServiceProvider.php:51
      Illuminate\Support\Facades\Facade::__callStatic()

    825▕                     $this->getName(), $query, $this->prepareBindings($bindings), $e
    826▕                 );
    827▕             }
    828▕ 
  ➜ 829▕             throw new QueryException(
    830▕                 $this->getName(), $query, $this->prepareBindings($bindings), $e
    831▕             );
    832▕         }
    833▕     }

  1   [internal]:0
      Illuminate\Foundation\Application::Illuminate\Foundation\{closure}()
      [2m+19 vendor frames [22m

  21  /var/www/html/chapchap/app/Providers/AppServiceProvider.php:51
      Illuminate\Support\Facades\Facade::__callStatic()


   Illuminate\Database\QueryException 

  SQLSTATE[HY000] [2002] Connection refused (Connection: mysql, SQL: select table_name as `name`, (data_length + index_length) as `size`, table_comment as `comment`, engine as `engine`, table_collation as `collation` from information_schema.tables where table_schema = 'chapchap' and table_type in ('BASE TABLE', 'SYSTEM VERSIONED') order by table_name)

  at /var/www/html/chapchap/vendor/laravel/framework/src/Illuminate/Database/Connection.php:829
    825▕                     $this->getName(), $query, $this->prepareBindings($bindings), $e
    826▕                 );
    827▕             }
    828▕ 
  ➜ 829▕             throw new QueryException(
    830▕                 $this->getName(), $query, $this->prepareBindings($bindings), $e
    831▕             );
    832▕         }
    833▕     }

  1   [internal]:0
      Illuminate\Foundation\Application::Illuminate\Foundation\{closure}()
      [2m+19 vendor frames [22m

  21  /var/www/html/chapchap/app/Providers/AppServiceProvider.php:51
      Illuminate\Support\Facades\Facade::__callStatic()


   Illuminate\Database\QueryException 

  SQLSTATE[HY000] [2002] Connection refused (Connection: mysql, SQL: select table_name as `name`, (data_length + index_length) as `size`, table_comment as `comment`, engine as `engine`, table_collation as `collation` from information_schema.tables where table_schema = 'chapchap' and table_type in ('BASE TABLE', 'SYSTEM VERSIONED') order by table_name)

  at /var/www/html/chapchap/vendor/laravel/framework/src/Illuminate/Database/Connection.php:829
    825▕                     $this->getName(), $query, $this->prepareBindings($bindings), $e
    826▕                 );
    827▕             }
    828▕ 
  ➜ 829▕             throw new QueryException(
    830▕                 $this->getName(), $query, $this->prepareBindings($bindings), $e
    831▕             );
    832▕         }
    833▕     }

  1   [internal]:0
      Illuminate\Foundation\Application::Illuminate\Foundation\{closure}()
      [2m+19 vendor frames [22m

  21  /var/www/html/chapchap/app/Providers/AppServiceProvider.php:51
      Illuminate\Support\Facades\Facade::__callStatic()


   Illuminate\Database\QueryException 

  SQLSTATE[HY000] [2002] Connection refused (Connection: mysql, SQL: select table_name as `name`, (data_length + index_length) as `size`, table_comment as `comment`, engine as `engine`, table_collation as `collation` from information_schema.tables where table_schema = 'chapchap' and table_type in ('BASE TABLE', 'SYSTEM VERSIONED') order by table_name)

  at /var/www/html/chapchap/vendor/laravel/framework/src/Illuminate/Database/Connection.php:829
    825▕                     $this->getName(), $query, $this->prepareBindings($bindings), $e
    826▕                 );
    827▕             }
    828▕ 
  ➜ 829▕             throw new QueryException(
    830▕                 $this->getName(), $query, $this->prepareBindings($bindings), $e
    831▕             );
    832▕         }
    833▕     }

  1   [internal]:0
      Illuminate\Foundation\Application::Illuminate\Foundation\{closure}()
      [2m+19 vendor frames [22m

  21  /var/www/html/chapchap/app/Providers/AppServiceProvider.php:51
      Illuminate\Support\Facades\Facade::__callStatic()


   Illuminate\Database\QueryException 

  SQLSTATE[HY000] [2002] Connection refused (Connection: mysql, SQL: select table_name as `name`, (data_length + index_length) as `size`, table_comment as `comment`, engine as `engine`, table_collation as `collation` from information_schema.tables where table_schema = 'chapchap' and table_type in ('BASE TABLE', 'SYSTEM VERSIONED') order by table_name)

  at /var/www/html/chapchap/vendor/laravel/framework/src/Illuminate/Database/Connection.php:829

   Illuminate\Database\QueryException 

  SQLSTATE[HY000] [2002] Connection refused (Connection: mysql, SQL: select table_name as `name`, (data_length + index_length) as `size`, table_comment as `comment`, engine as `engine`, table_collation as `collation` from information_schema.tables where table_schema = 'chapchap' and table_type in ('BASE TABLE', 'SYSTEM VERSIONED') order by table_name)

  at /var/www/html/chapchap/vendor/laravel/framework/src/Illuminate/Database/Connection.php:829
    825▕                     $this->getName(), $query, $this->prepareBindings($bindings), $e
    826▕                 );
    827▕             }
    828▕ 
  ➜ 829▕             throw new QueryException(
    830▕                 $this->getName(), $query, $this->prepareBindings($bindings), $e
    831▕             );
    832▕         }
    833▕     }

  1   [internal]:0
      Illuminate\Foundation\Application::Illuminate\Foundation\{closure}()
      [2m+19 vendor frames [22m

  21  /var/www/html/chapchap/app/Providers/AppServiceProvider.php:51
      Illuminate\Support\Facades\Facade::__callStatic()

    825▕                     $this->getName(), $query, $this->prepareBindings($bindings), $e
    826▕                 );
    827▕             }
    828▕ 
  ➜ 829▕             throw new QueryException(
    830▕                 $this->getName(), $query, $this->prepareBindings($bindings), $e
    831▕             );
    832▕         }
    833▕     }

  1   [internal]:0
      Illuminate\Foundation\Application::Illuminate\Foundation\{closure}()
      [2m+19 vendor frames [22m

  21  /var/www/html/chapchap/app/Providers/AppServiceProvider.php:51
      Illuminate\Support\Facades\Facade::__callStatic()


   Illuminate\Database\QueryException 

  SQLSTATE[HY000] [2002] Connection refused (Connection: mysql, SQL: select table_name as `name`, (data_length + index_length) as `size`, table_comment as `comment`, engine as `engine`, table_collation as `collation` from information_schema.tables where table_schema = 'chapchap' and table_type in ('BASE TABLE', 'SYSTEM VERSIONED') order by table_name)

  at /var/www/html/chapchap/vendor/laravel/framework/src/Illuminate/Database/Connection.php:829
    825▕                     $this->getName(), $query, $this->prepareBindings($bindings), $e
    826▕                 );
    827▕             }
    828▕ 
  ➜ 829▕             throw new QueryException(
    830▕                 $this->getName(), $query, $this->prepareBindings($bindings), $e
    831▕             );
    832▕         }
    833▕     }

  1   [internal]:0
      Illuminate\Foundation\Application::Illuminate\Foundation\{closure}()
      [2m+19 vendor frames [22m

  21  /var/www/html/chapchap/app/Providers/AppServiceProvider.php:51
      Illuminate\Support\Facades\Facade::__callStatic()


   Illuminate\Database\QueryException 

  SQLSTATE[HY000] [2002] Connection refused (Connection: mysql, SQL: select table_name as `name`, (data_length + index_length) as `size`, table_comment as `comment`, engine as `engine`, table_collation as `collation` from information_schema.tables where table_schema = 'chapchap' and table_type in ('BASE TABLE', 'SYSTEM VERSIONED') order by table_name)

  at /var/www/html/chapchap/vendor/laravel/framework/src/Illuminate/Database/Connection.php:829
    825▕                     $this->getName(), $query, $this->prepareBindings($bindings), $e
    826▕                 );
    827▕             }
    828▕ 
  ➜ 829▕             throw new QueryException(
    830▕                 $this->getName(), $query, $this->prepareBindings($bindings), $e
    831▕             );
    832▕         }
    833▕     }

  1   [internal]:0
      Illuminate\Foundation\Application::Illuminate\Foundation\{closure}()
      [2m+19 vendor frames [22m

  21  /var/www/html/chapchap/app/Providers/AppServiceProvider.php:51
      Illuminate\Support\Facades\Facade::__callStatic()


   Illuminate\Database\QueryException 

  SQLSTATE[HY000] [2002] Connection refused (Connection: mysql, SQL: select table_name as `name`, (data_length + index_length) as `size`, table_comment as `comment`, engine as `engine`, table_collation as `collation` from information_schema.tables where table_schema = 'chapchap' and table_type in ('BASE TABLE', 'SYSTEM VERSIONED') order by table_name)

  at /var/www/html/chapchap/vendor/laravel/framework/src/Illuminate/Database/Connection.php:829
    825▕                     $this->getName(), $query, $this->prepareBindings($bindings), $e
    826▕                 );
    827▕             }
    828▕ 
  ➜ 829▕             throw new QueryException(
    830▕                 $this->getName(), $query, $this->prepareBindings($bindings), $e
    831▕             );
    832▕         }
    833▕     }

  1   [internal]:0
      Illuminate\Foundation\Application::Illuminate\Foundation\{closure}()
      [2m+19 vendor frames [22m

  21  /var/www/html/chapchap/app/Providers/AppServiceProvider.php:51
      Illuminate\Support\Facades\Facade::__callStatic()

  2025-12-30 09:02:40 App\Jobs\Notifications\SendPushNotification .... RUNNING
  2025-12-30 09:02:41 App\Jobs\Notifications\SendPushNotification  126.02ms DONE
  2025-12-30 09:02:41 App\Jobs\Notifications\AndroidPushNotification . RUNNING
  2025-12-30 09:02:41 App\Jobs\Notifications\AndroidPushNotification  164.83ms DONE
  2025-12-30 09:04:05 App\Jobs\SendRequestToNextDriversJob ........... RUNNING
  2025-12-30 09:04:05 App\Jobs\SendRequestToNextDriversJob ...... 32.15ms DONE
  2025-12-30 09:06:05 App\Jobs\Notifications\SendPushNotification .... RUNNING
  2025-12-30 09:06:05 App\Jobs\Notifications\SendPushNotification  115.43ms DONE
  2025-12-30 09:06:05 App\Jobs\Notifications\AndroidPushNotification . RUNNING
  2025-12-30 09:06:05 App\Jobs\Notifications\AndroidPushNotification  121.05ms DONE
  2025-12-30 09:07:56 App\Jobs\Notifications\SendPushNotification .... RUNNING
  2025-12-30 09:07:56 App\Jobs\Notifications\SendPushNotification  109.75ms DONE
  2025-12-30 09:07:56 App\Jobs\Notifications\AndroidPushNotification . RUNNING
  2025-12-30 09:07:56 App\Jobs\Notifications\AndroidPushNotification  138.76ms DONE
  2025-12-30 09:08:05 App\Jobs\SendRequestToNextDriversJob ........... RUNNING
  2025-12-30 09:08:05 App\Jobs\SendRequestToNextDriversJob ....... 4.77ms DONE
  2025-12-30 09:10:50 App\Jobs\Notifications\SendPushNotification .... RUNNING
  2025-12-30 09:10:50 App\Jobs\Notifications\SendPushNotification  109.16ms DONE
  2025-12-30 09:10:50 App\Jobs\Notifications\AndroidPushNotification . RUNNING
  2025-12-30 09:10:50 App\Jobs\Notifications\AndroidPushNotification  120.70ms DONE
  2025-12-30 09:11:05 App\Jobs\Notifications\SendPushNotification .... RUNNING
  2025-12-30 09:11:05 App\Jobs\Notifications\SendPushNotification  112.39ms DONE
  2025-12-30 09:11:05 App\Jobs\Notifications\AndroidPushNotification . RUNNING
  2025-12-30 09:11:06 App\Jobs\Notifications\AndroidPushNotification  830.24ms DONE
  2025-12-30 09:15:05 App\Jobs\Notifications\SendPushNotification .... RUNNING
  2025-12-30 09:15:05 App\Jobs\Notifications\SendPushNotification  143.75ms DONE
  2025-12-30 09:15:05 App\Jobs\Notifications\AndroidPushNotification . RUNNING
  2025-12-30 09:15:06 App\Jobs\Notifications\AndroidPushNotification  462.23ms DONE
  2025-12-30 10:01:58 App\Jobs\Notifications\SendPushNotification .... RUNNING
  2025-12-30 10:01:58 App\Jobs\Notifications\SendPushNotification  9.50ms DONE
  2025-12-30 10:01:58 App\Jobs\Notifications\AndroidPushNotification . RUNNING
  2025-12-30 10:01:58 App\Jobs\Notifications\AndroidPushNotification  69.87ms DONE
  2025-12-30 10:02:28 App\Jobs\CheckMoovMoneyStatus .................. RUNNING
  2025-12-30 10:02:28 App\Jobs\CheckMoovMoneyStatus ............. 93.75ms DONE
  2025-12-30 10:03:04 App\Jobs\Notifications\SendPushNotification .... RUNNING
  2025-12-30 10:03:04 App\Jobs\Notifications\SendPushNotification  110.41ms DONE
  2025-12-30 10:03:04 App\Jobs\Notifications\AndroidPushNotification . RUNNING
  2025-12-30 10:03:04 App\Jobs\Notifications\AndroidPushNotification  129.72ms DONE
  2025-12-30 10:03:13 App\Jobs\Notifications\SendPushNotification .... RUNNING
  2025-12-30 10:03:13 App\Jobs\Notifications\SendPushNotification  8.85ms DONE
  2025-12-30 10:03:13 App\Jobs\Notifications\AndroidPushNotification . RUNNING
  2025-12-30 10:03:13 App\Jobs\Notifications\AndroidPushNotification  351.45ms DONE
  2025-12-30 10:03:32 App\Jobs\CheckMoovMoneyStatus .................. RUNNING
  2025-12-30 10:03:32 App\Jobs\CheckMoovMoneyStatus ............. 22.90ms DONE
  2025-12-30 10:23:53 App\Jobs\Notifications\SendPushNotification .... RUNNING
  2025-12-30 10:23:53 App\Jobs\Notifications\SendPushNotification  31.05ms DONE
  2025-12-30 10:23:53 App\Jobs\Notifications\AndroidPushNotification . RUNNING
  2025-12-30 10:23:53 App\Jobs\Notifications\AndroidPushNotification  83.53ms DONE
  2025-12-30 10:24:23 App\Jobs\CheckMoovMoneyStatus .................. RUNNING
  2025-12-30 10:24:23 App\Jobs\CheckMoovMoneyStatus .............. 7.20ms DONE
  2025-12-30 10:25:11 App\Jobs\Notifications\SendPushNotification .... RUNNING
  2025-12-30 10:25:11 App\Jobs\Notifications\SendPushNotification  8.70ms DONE
  2025-12-30 10:25:11 App\Jobs\Notifications\AndroidPushNotification . RUNNING
  2025-12-30 10:25:12 App\Jobs\Notifications\AndroidPushNotification  456.43ms DONE
  2025-12-30 10:25:29 App\Jobs\Notifications\SendPushNotification .... RUNNING
  2025-12-30 10:25:29 App\Jobs\Notifications\SendPushNotification  59.60ms DONE
  2025-12-30 10:25:29 App\Jobs\Notifications\AndroidPushNotification . RUNNING
  2025-12-30 10:25:29 App\Jobs\Notifications\AndroidPushNotification  197.52ms DONE
  2025-12-30 10:25:32 App\Jobs\Notifications\SendPushNotification .... RUNNING
  2025-12-30 10:25:32 App\Jobs\Notifications\SendPushNotification  10.98ms DONE
  2025-12-30 10:25:32 App\Jobs\Notifications\AndroidPushNotification . RUNNING
  2025-12-30 10:25:32 App\Jobs\Notifications\AndroidPushNotification  84.06ms DONE
  2025-12-30 10:25:57 App\Jobs\CheckMoovMoneyStatus .................. RUNNING
  2025-12-30 10:25:57 App\Jobs\CheckMoovMoneyStatus .............. 9.11ms DONE
  2025-12-30 11:12:43 App\Jobs\Notifications\SendPushNotification .... RUNNING
  2025-12-30 11:12:43 App\Jobs\Notifications\SendPushNotification  10.45ms DONE
  2025-12-30 11:12:43 App\Jobs\Notifications\AndroidPushNotification . RUNNING
  2025-12-30 11:12:43 App\Jobs\Notifications\AndroidPushNotification  225.71ms DONE
  2025-12-30 11:12:49 App\Jobs\Notifications\SendPushNotification .... RUNNING
  2025-12-30 11:12:49 App\Jobs\Notifications\SendPushNotification  7.64ms DONE
  2025-12-30 11:12:49 App\Jobs\Notifications\AndroidPushNotification . RUNNING
  2025-12-30 11:12:49 App\Jobs\Notifications\AndroidPushNotification  92.64ms DONE
  2025-12-30 12:12:09 App\Jobs\Notifications\SendPushNotification .... RUNNING
  2025-12-30 12:12:09 App\Jobs\Notifications\SendPushNotification  75.28ms DONE
  2025-12-30 12:12:09 App\Jobs\Notifications\AndroidPushNotification . RUNNING
  2025-12-30 12:12:10 App\Jobs\Notifications\AndroidPushNotification  406.93ms DONE
  2025-12-30 12:12:36 App\Jobs\Notifications\SendPushNotification .... RUNNING
  2025-12-30 12:12:36 App\Jobs\Notifications\SendPushNotification  78.62ms DONE
  2025-12-30 12:12:36 App\Jobs\Notifications\AndroidPushNotification . RUNNING
  2025-12-30 12:12:37 App\Jobs\Notifications\AndroidPushNotification  151.02ms DONE
  2025-12-30 12:12:45 App\Jobs\Notifications\SendPushNotification .... RUNNING
  2025-12-30 12:12:45 App\Jobs\Notifications\SendPushNotification  8.09ms DONE
  2025-12-30 12:12:45 App\Jobs\Notifications\AndroidPushNotification . RUNNING
  2025-12-30 12:12:46 App\Jobs\Notifications\AndroidPushNotification  87.11ms DONE
  2025-12-30 12:14:28 App\Jobs\Notifications\SendPushNotification .... RUNNING
  2025-12-30 12:14:28 App\Jobs\Notifications\SendPushNotification  77.54ms DONE
  2025-12-30 12:14:28 App\Jobs\Notifications\AndroidPushNotification . RUNNING
  2025-12-30 12:14:28 App\Jobs\Notifications\AndroidPushNotification  164.01ms DONE
  2025-12-30 12:14:34 App\Jobs\Notifications\SendPushNotification .... RUNNING
  2025-12-30 12:14:34 App\Jobs\Notifications\SendPushNotification  93.08ms DONE
  2025-12-30 12:14:34 App\Jobs\Notifications\AndroidPushNotification . RUNNING
  2025-12-30 12:14:34 App\Jobs\Notifications\AndroidPushNotification  224.64ms DONE
  2025-12-30 18:46:22 App\Jobs\Notifications\SendPushNotification .... RUNNING
  2025-12-30 18:46:22 App\Jobs\Notifications\SendPushNotification  80.11ms DONE
  2025-12-30 18:46:22 App\Jobs\Notifications\AndroidPushNotification . RUNNING
  2025-12-30 18:46:22 App\Jobs\Notifications\AndroidPushNotification  155.09ms DONE
  2025-12-30 18:46:29 App\Jobs\Notifications\SendPushNotification .... RUNNING
  2025-12-30 18:46:29 App\Jobs\Notifications\SendPushNotification  88.95ms DONE
  2025-12-30 18:46:29 App\Jobs\Notifications\AndroidPushNotification . RUNNING
  2025-12-30 18:46:29 App\Jobs\Notifications\AndroidPushNotification  610.95ms DONE

   Illuminate\Database\QueryException 

  SQLSTATE[HY000] [2002] Connection refused (Connection: mysql, SQL: select table_name as `name`, (data_length + index_length) as `size`, table_comment as `comment`, engine as `engine`, table_collation as `collation` from information_schema.tables where table_schema = 'chapchap' and table_type in ('BASE TABLE', 'SYSTEM VERSIONED') order by table_name)

  at /var/www/html/chapchap/vendor/laravel/framework/src/Illuminate/Database/Connection.php:829

   Illuminate\Database\QueryException 

  SQLSTATE[HY000] [2002] Connection refused (Connection: mysql, SQL: select table_name as `name`, (data_length + index_length) as `size`, table_comment as `comment`, engine as `engine`, table_collation as `collation` from information_schema.tables where table_schema = 'chapchap' and table_type in ('BASE TABLE', 'SYSTEM VERSIONED') order by table_name)

  at /var/www/html/chapchap/vendor/laravel/framework/src/Illuminate/Database/Connection.php:829

   Illuminate\Database\QueryException 

  SQLSTATE[HY000] [2002] Connection refused (Connection: mysql, SQL: select table_name as `name`, (data_length + index_length) as `size`, table_comment as `comment`, engine as `engine`, table_collation as `collation` from information_schema.tables where table_schema = 'chapchap' and table_type in ('BASE TABLE', 'SYSTEM VERSIONED') order by table_name)

  at /var/www/html/chapchap/vendor/laravel/framework/src/Illuminate/Database/Connection.php:829

   Illuminate\Database\QueryException 

  SQLSTATE[HY000] [2002] Connection refused (Connection: mysql, SQL: select table_name as `name`, (data_length + index_length) as `size`, table_comment as `comment`, engine as `engine`, table_collation as `collation` from information_schema.tables where table_schema = 'chapchap' and table_type in ('BASE TABLE', 'SYSTEM VERSIONED') order by table_name)

  at /var/www/html/chapchap/vendor/laravel/framework/src/Illuminate/Database/Connection.php:829

   Illuminate\Database\QueryException 

  SQLSTATE[HY000] [2002] Connection refused (Connection: mysql, SQL: select table_name as `name`, (data_length + index_length) as `size`, table_comment as `comment`, engine as `engine`, table_collation as `collation` from information_schema.tables where table_schema = 'chapchap' and table_type in ('BASE TABLE', 'SYSTEM VERSIONED') order by table_name)

  at /var/www/html/chapchap/vendor/laravel/framework/src/Illuminate/Database/Connection.php:829

   Illuminate\Database\QueryException 

  SQLSTATE[HY000] [2002] Connection refused (Connection: mysql, SQL: select table_name as `name`, (data_length + index_length) as `size`, table_comment as `comment`, engine as `engine`, table_collation as `collation` from information_schema.tables where table_schema = 'chapchap' and table_type in ('BASE TABLE', 'SYSTEM VERSIONED') order by table_name)

  at /var/www/html/chapchap/vendor/laravel/framework/src/Illuminate/Database/Connection.php:829

   Illuminate\Database\QueryException 

  SQLSTATE[HY000] [2002] Connection refused (Connection: mysql, SQL: select table_name as `name`, (data_length + index_length) as `size`, table_comment as `comment`, engine as `engine`, table_collation as `collation` from information_schema.tables where table_schema = 'chapchap' and table_type in ('BASE TABLE', 'SYSTEM VERSIONED') order by table_name)

  at /var/www/html/chapchap/vendor/laravel/framework/src/Illuminate/Database/Connection.php:829
    825▕                     $this->getName(), $query, $this->prepareBindings($bindings), $e
    826▕                 );
    827▕             }
    828▕ 
  ➜ 829▕             throw new QueryException(
    830▕                 $this->getName(), $query, $this->prepareBindings($bindings), $e
    831▕             );
    832▕         }
    833▕     }

  1   [internal]:0
      Illuminate\Foundation\Application::Illuminate\Foundation\{closure}()
      [2m+19 vendor frames [22m

  21  /var/www/html/chapchap/app/Providers/AppServiceProvider.php:51
      Illuminate\Support\Facades\Facade::__callStatic()

    825▕                     $this->getName(), $query, $this->prepareBindings($bindings), $e
    826▕                 );
    827▕             }
    828▕ 
  ➜ 829▕             throw new QueryException(
    830▕                 $this->getName(), $query, $this->prepareBindings($bindings), $e
    831▕             );
    832▕         }
    833▕     }

  1   [internal]:0
      Illuminate\Foundation\Application::Illuminate\Foundation\{closure}()
      [2m+19 vendor frames [22m

  21  /var/www/html/chapchap/app/Providers/AppServiceProvider.php:51
      Illuminate\Support\Facades\Facade::__callStatic()

    825▕                     $this->getName(), $query, $this->prepareBindings($bindings), $e
    826▕                 );
    827▕             }
    828▕ 
  ➜ 829▕             throw new QueryException(
    830▕                 $this->getName(), $query, $this->prepareBindings($bindings), $e
    831▕             );
    832▕         }
    833▕     }

  1   [internal]:0
      Illuminate\Foundation\Application::Illuminate\Foundation\{closure}()
      [2m+19 vendor frames [22m

  21  /var/www/html/chapchap/app/Providers/AppServiceProvider.php:51
      Illuminate\Support\Facades\Facade::__callStatic()


   Illuminate\Database\QueryException 

  SQLSTATE[HY000] [2002] Connection refused (Connection: mysql, SQL: select table_name as `name`, (data_length + index_length) as `size`, table_comment as `comment`, engine as `engine`, table_collation as `collation` from information_schema.tables where table_schema = 'chapchap' and table_type in ('BASE TABLE', 'SYSTEM VERSIONED') order by table_name)

  at /var/www/html/chapchap/vendor/laravel/framework/src/Illuminate/Database/Connection.php:829
    825▕                     $this->getName(), $query, $this->prepareBindings($bindings), $e
    826▕                 );
    827▕             }
    828▕ 
  ➜ 829▕             throw new QueryException(
    830▕                 $this->getName(), $query, $this->prepareBindings($bindings), $e
    831▕             );
    832▕         }
    833▕     }

  1   [internal]:0
      Illuminate\Foundation\Application::Illuminate\Foundation\{closure}()
      [2m+19 vendor frames [22m

  21  /var/www/html/chapchap/app/Providers/AppServiceProvider.php:51
      Illuminate\Support\Facades\Facade::__callStatic()

    825▕                     $this->getName(), $query, $this->prepareBindings($bindings), $e
    826▕                 );
    827▕             }
    828▕ 
  ➜ 829▕             throw new QueryException(
    830▕                 $this->getName(), $query, $this->prepareBindings($bindings), $e
    831▕             );
    832▕         }
    833▕     }

  1   [internal]:0
      Illuminate\Foundation\Application::Illuminate\Foundation\{closure}()
      [2m+19 vendor frames [22m

  21  /var/www/html/chapchap/app/Providers/AppServiceProvider.php:51
      Illuminate\Support\Facades\Facade::__callStatic()

    825▕                     $this->getName(), $query, $this->prepareBindings($bindings), $e
    826▕                 );
    827▕             }
    828▕ 
  ➜ 829▕             throw new QueryException(
    830▕                 $this->getName(), $query, $this->prepareBindings($bindings), $e
    831▕             );
    832▕         }
    833▕     }

  1   [internal]:0
      Illuminate\Foundation\Application::Illuminate\Foundation\{closure}()
      [2m+19 vendor frames [22m

  21  /var/www/html/chapchap/app/Providers/AppServiceProvider.php:51
      Illuminate\Support\Facades\Facade::__callStatic()

    825▕                     $this->getName(), $query, $this->prepareBindings($bindings), $e
    826▕                 );
    827▕             }
    828▕ 
  ➜ 829▕             throw new QueryException(
    830▕                 $this->getName(), $query, $this->prepareBindings($bindings), $e
    831▕             );
    832▕         }
    833▕     }

  1   [internal]:0
      Illuminate\Foundation\Application::Illuminate\Foundation\{closure}()
      [2m+19 vendor frames [22m

  21  /var/www/html/chapchap/app/Providers/AppServiceProvider.php:51
      Illuminate\Support\Facades\Facade::__callStatic()

    825▕                     $this->getName(), $query, $this->prepareBindings($bindings), $e
    826▕                 );
    827▕             }
    828▕ 
  ➜ 829▕             throw new QueryException(
    830▕                 $this->getName(), $query, $this->prepareBindings($bindings), $e
    831▕             );
    832▕         }
    833▕     }

  1   [internal]:0
      Illuminate\Foundation\Application::Illuminate\Foundation\{closure}()
      [2m+19 vendor frames [22m

  21  /var/www/html/chapchap/app/Providers/AppServiceProvider.php:51
      Illuminate\Support\Facades\Facade::__callStatic()


   Illuminate\Database\QueryException 

  SQLSTATE[HY000] [2002] Connection refused (Connection: mysql, SQL: select table_name as `name`, (data_length + index_length) as `size`, table_comment as `comment`, engine as `engine`, table_collation as `collation` from information_schema.tables where table_schema = 'chapchap' and table_type in ('BASE TABLE', 'SYSTEM VERSIONED') order by table_name)

  at /var/www/html/chapchap/vendor/laravel/framework/src/Illuminate/Database/Connection.php:829
    825▕                     $this->getName(), $query, $this->prepareBindings($bindings), $e
    826▕                 );
    827▕             }
    828▕ 
  ➜ 829▕             throw new QueryException(
    830▕                 $this->getName(), $query, $this->prepareBindings($bindings), $e
    831▕             );
    832▕         }
    833▕     }

  1   [internal]:0
      Illuminate\Foundation\Application::Illuminate\Foundation\{closure}()
      [2m+19 vendor frames [22m

  21  /var/www/html/chapchap/app/Providers/AppServiceProvider.php:51
      Illuminate\Support\Facades\Facade::__callStatic()


   Illuminate\Database\QueryException 

  SQLSTATE[HY000] [2002] Connection refused (Connection: mysql, SQL: select table_name as `name`, (data_length + index_length) as `size`, table_comment as `comment`, engine as `engine`, table_collation as `collation` from information_schema.tables where table_schema = 'chapchap' and table_type in ('BASE TABLE', 'SYSTEM VERSIONED') order by table_name)

  at /var/www/html/chapchap/vendor/laravel/framework/src/Illuminate/Database/Connection.php:829
    825▕                     $this->getName(), $query, $this->prepareBindings($bindings), $e
    826▕                 );
    827▕             }
    828▕ 
  ➜ 829▕             throw new QueryException(
    830▕                 $this->getName(), $query, $this->prepareBindings($bindings), $e
    831▕             );
    832▕         }
    833▕     }

  1   [internal]:0
      Illuminate\Foundation\Application::Illuminate\Foundation\{closure}()
      [2m+19 vendor frames [22m

  21  /var/www/html/chapchap/app/Providers/AppServiceProvider.php:51
      Illuminate\Support\Facades\Facade::__callStatic()


   Illuminate\Database\QueryException 

  SQLSTATE[HY000] [2002] Connection refused (Connection: mysql, SQL: select table_name as `name`, (data_length + index_length) as `size`, table_comment as `comment`, engine as `engine`, table_collation as `collation` from information_schema.tables where table_schema = 'chapchap' and table_type in ('BASE TABLE', 'SYSTEM VERSIONED') order by table_name)

  at /var/www/html/chapchap/vendor/laravel/framework/src/Illuminate/Database/Connection.php:829

   Illuminate\Database\QueryException 

  SQLSTATE[HY000] [2002] Connection refused (Connection: mysql, SQL: select table_name as `name`, (data_length + index_length) as `size`, table_comment as `comment`, engine as `engine`, table_collation as `collation` from information_schema.tables where table_schema = 'chapchap' and table_type in ('BASE TABLE', 'SYSTEM VERSIONED') order by table_name)

  at /var/www/html/chapchap/vendor/laravel/framework/src/Illuminate/Database/Connection.php:829
    825▕                     $this->getName(), $query, $this->prepareBindings($bindings), $e
    826▕                 );
    827▕             }
    828▕ 
  ➜ 829▕             throw new QueryException(
    830▕                 $this->getName(), $query, $this->prepareBindings($bindings), $e
    831▕             );
    832▕         }
    833▕     }

  1   [internal]:0
      Illuminate\Foundation\Application::Illuminate\Foundation\{closure}()
      [2m+19 vendor frames [22m

  21  /var/www/html/chapchap/app/Providers/AppServiceProvider.php:51
      Illuminate\Support\Facades\Facade::__callStatic()


   Illuminate\Database\QueryException 

  SQLSTATE[HY000] [2002] Connection refused (Connection: mysql, SQL: select table_name as `name`, (data_length + index_length) as `size`, table_comment as `comment`, engine as `engine`, table_collation as `collation` from information_schema.tables where table_schema = 'chapchap' and table_type in ('BASE TABLE', 'SYSTEM VERSIONED') order by table_name)

  at /var/www/html/chapchap/vendor/laravel/framework/src/Illuminate/Database/Connection.php:829
    825▕                     $this->getName(), $query, $this->prepareBindings($bindings), $e
    826▕                 );
    827▕             }
    828▕ 
  ➜ 829▕             throw new QueryException(
    830▕                 $this->getName(), $query, $this->prepareBindings($bindings), $e
    831▕             );
    832▕         }
    833▕     }

  1   [internal]:0
      Illuminate\Foundation\Application::Illuminate\Foundation\{closure}()
      [2m+19 vendor frames [22m

  21  /var/www/html/chapchap/app/Providers/AppServiceProvider.php:51
      Illuminate\Support\Facades\Facade::__callStatic()

    825▕                     $this->getName(), $query, $this->prepareBindings($bindings), $e
    826▕                 );
    827▕             }
    828▕ 
  ➜ 829▕             throw new QueryException(
    830▕                 $this->getName(), $query, $this->prepareBindings($bindings), $e
    831▕             );
    832▕         }
    833▕     }

  1   [internal]:0
      Illuminate\Foundation\Application::Illuminate\Foundation\{closure}()
      [2m+19 vendor frames [22m

  21  /var/www/html/chapchap/app/Providers/AppServiceProvider.php:51
      Illuminate\Support\Facades\Facade::__callStatic()


   Illuminate\Database\QueryException 

  SQLSTATE[HY000] [2002] Connection refused (Connection: mysql, SQL: select table_name as `name`, (data_length + index_length) as `size`, table_comment as `comment`, engine as `engine`, table_collation as `collation` from information_schema.tables where table_schema = 'chapchap' and table_type in ('BASE TABLE', 'SYSTEM VERSIONED') order by table_name)

  at /var/www/html/chapchap/vendor/laravel/framework/src/Illuminate/Database/Connection.php:829
    825▕                     $this->getName(), $query, $this->prepareBindings($bindings), $e
    826▕                 );
    827▕             }
    828▕ 
  ➜ 829▕             throw new QueryException(
    830▕                 $this->getName(), $query, $this->prepareBindings($bindings), $e
    831▕             );
    832▕         }
    833▕     }

  1   [internal]:0
      Illuminate\Foundation\Application::Illuminate\Foundation\{closure}()
      [2m+19 vendor frames [22m

  21  /var/www/html/chapchap/app/Providers/AppServiceProvider.php:51
      Illuminate\Support\Facades\Facade::__callStatic()


   Illuminate\Database\QueryException 

  SQLSTATE[HY000] [2002] Connection refused (Connection: mysql, SQL: select table_name as `name`, (data_length + index_length) as `size`, table_comment as `comment`, engine as `engine`, table_collation as `collation` from information_schema.tables where table_schema = 'chapchap' and table_type in ('BASE TABLE', 'SYSTEM VERSIONED') order by table_name)

  at /var/www/html/chapchap/vendor/laravel/framework/src/Illuminate/Database/Connection.php:829
    825▕                     $this->getName(), $query, $this->prepareBindings($bindings), $e
    826▕                 );
    827▕             }
    828▕ 
  ➜ 829▕             throw new QueryException(
    830▕                 $this->getName(), $query, $this->prepareBindings($bindings), $e
    831▕             );
    832▕         }
    833▕     }

  1   [internal]:0
      Illuminate\Foundation\Application::Illuminate\Foundation\{closure}()
      [2m+19 vendor frames [22m

  21  /var/www/html/chapchap/app/Providers/AppServiceProvider.php:51
      Illuminate\Support\Facades\Facade::__callStatic()


   Illuminate\Database\QueryException 

  SQLSTATE[HY000] [2002] Connection refused (Connection: mysql, SQL: select table_name as `name`, (data_length + index_length) as `size`, table_comment as `comment`, engine as `engine`, table_collation as `collation` from information_schema.tables where table_schema = 'chapchap' and table_type in ('BASE TABLE', 'SYSTEM VERSIONED') order by table_name)

  at /var/www/html/chapchap/vendor/laravel/framework/src/Illuminate/Database/Connection.php:829
    825▕                     $this->getName(), $query, $this->prepareBindings($bindings), $e
    826▕                 );
    827▕             }
    828▕ 
  ➜ 829▕             throw new QueryException(
    830▕                 $this->getName(), $query, $this->prepareBindings($bindings), $e
    831▕             );
    832▕         }
    833▕     }

  1   [internal]:0
      Illuminate\Foundation\Application::Illuminate\Foundation\{closure}()
      [2m+19 vendor frames [22m

  21  /var/www/html/chapchap/app/Providers/AppServiceProvider.php:51
      Illuminate\Support\Facades\Facade::__callStatic()









In Application.php line 857:
                                                                          
  Class "Fleetbase\LaravelMysqlSpatial\SpatialServiceProvider" not found  
                                                                          

In Application.php line 857:
                                                                          
  Class "Fleetbase\LaravelMysqlSpatial\SpatialServiceProvider" not found  
                                                                          

In Application.php line 857:
                                                                          
  Class "Fleetbase\LaravelMysqlSpatial\SpatialServiceProvider" not found  
                                                                          

In Application.php line 857:
                                                                          
  Class "Fleetbase\LaravelMysqlSpatial\SpatialServiceProvider" not found  
                                                                          

In Application.php line 857:
                                                                          
  Class "Fleetbase\LaravelMysqlSpatial\SpatialServiceProvider" not found  
                                                                          

In Application.php line 857:
                                                                          
  Class "Fleetbase\LaravelMysqlSpatial\SpatialServiceProvider" not found  
                                                                          

In Application.php line 857:
                                                                          
  Class "Fleetbase\LaravelMysqlSpatial\SpatialServiceProvider" not found  
                                                                          

In Application.php line 857:
                                                                          
  Class "Fleetbase\LaravelMysqlSpatial\SpatialServiceProvider" not found  
                                                                          



In Application.php line 857:
                                                                          
  Class "Fleetbase\LaravelMysqlSpatial\SpatialServiceProvider" not found  
                                                                          

In Application.php line 857:
                                                                          
  Class "Fleetbase\LaravelMysqlSpatial\SpatialServiceProvider" not found  
                                                                          


In Application.php line 857:
                                                                          
  Class "Fleetbase\LaravelMysqlSpatial\SpatialServiceProvider" not found  
                                                                          



In Application.php line 857:
                                                                          
  Class "Fleetbase\LaravelMysqlSpatial\SpatialServiceProvider" not found  
                                                                          

In Application.php line 857:
                                                                          
  Class "Fleetbase\LaravelMysqlSpatial\SpatialServiceProvider" not found  
                                                                          



In Application.php line 857:
                                                                          
  Class "Fleetbase\LaravelMysqlSpatial\SpatialServiceProvider" not found  
                                                                          


In Application.php line 857:
                                                                          
  Class "Fleetbase\LaravelMysqlSpatial\SpatialServiceProvider" not found  
                                                                          

In Application.php line 857:
                                                                          
  Class "Fleetbase\LaravelMysqlSpatial\SpatialServiceProvider" not found  
                                                                          


In Application.php line 857:
                                                                          
  Class "Fleetbase\LaravelMysqlSpatial\SpatialServiceProvider" not found  
                                                                          


In Application.php line 857:
                                                                          
  Class "Fleetbase\LaravelMysqlSpatial\SpatialServiceProvider" not found  
                                                                          


In Application.php line 857:
                                                                          
  Class "Fleetbase\LaravelMysqlSpatial\SpatialServiceProvider" not found  
                                                                          


In Application.php line 857:
                                                                          
  Class "Fleetbase\LaravelMysqlSpatial\SpatialServiceProvider" not found  
                                                                          


In Application.php line 857:
                                                                          
  Class "Fleetbase\LaravelMysqlSpatial\SpatialServiceProvider" not found  
                                                                          


In Application.php line 857:
                                                                          
  Class "Fleetbase\LaravelMysqlSpatial\SpatialServiceProvider" not found  
                                                                          


In Application.php line 857:
                                                                          
  Class "Fleetbase\LaravelMysqlSpatial\SpatialServiceProvider" not found  
                                                                          


In Application.php line 857:
                                                                          
  Class "Fleetbase\LaravelMysqlSpatial\SpatialServiceProvider" not found  
                                                                          


In Application.php line 857:
                                                                          
  Class "Fleetbase\LaravelMysqlSpatial\SpatialServiceProvider" not found  
                                                                          



In Application.php line 857:
                                                                          
  Class "Fleetbase\LaravelMysqlSpatial\SpatialServiceProvider" not found  
                                                                          


In Application.php line 857:
                                                                          
  Class "Fleetbase\LaravelMysqlSpatial\SpatialServiceProvider" not found  
                                                                          


In Application.php line 857:
                                                                          
  Class "Fleetbase\LaravelMysqlSpatial\SpatialServiceProvider" not found  
                                                                          



In Application.php line 857:
In Application.php line 857:
                                                                          
  Class "Fleetbase\LaravelMysqlSpatial\SpatialServiceProvider" not found  
                                                                          

                                                                          
  Class "Fleetbase\LaravelMysqlSpatial\SpatialServiceProvider" not found  
                                                                          


In Application.php line 857:
                                                                          
  Class "Fleetbase\LaravelMysqlSpatial\SpatialServiceProvider" not found  
                                                                          

In Application.php line 857:
                                                                          
  Class "Fleetbase\LaravelMysqlSpatial\SpatialServiceProvider" not found  
                                                                          


In Application.php line 857:
                                                                          
  Class "Fleetbase\LaravelMysqlSpatial\SpatialServiceProvider" not found  
                                                                          


In Application.php line 857:
                                                                          
  Class "Fleetbase\LaravelMysqlSpatial\SpatialServiceProvider" not found  
                                                                          


In Application.php line 857:
                                                                          
  Class "Fleetbase\LaravelMysqlSpatial\SpatialServiceProvider" not found  
                                                                          



In Application.php line 857:
                                                                          
  Class "Fleetbase\LaravelMysqlSpatial\SpatialServiceProvider" not found  
                                                                          

In Application.php line 857:
                                                                          
  Class "Fleetbase\LaravelMysqlSpatial\SpatialServiceProvider" not found  
                                                                          




In Application.php line 857:
                                                                          
  Class "Fleetbase\LaravelMysqlSpatial\SpatialServiceProvider" not found  
                                                                          


In Application.php line 857:
                                                                          
  Class "Fleetbase\LaravelMysqlSpatial\SpatialServiceProvider" not found  
                                                                          

In Application.php line 857:
                                                                          
  Class "Fleetbase\LaravelMysqlSpatial\SpatialServiceProvider" not found  
                                                                          

In Application.php line 857:
                                                                          
  Class "Fleetbase\LaravelMysqlSpatial\SpatialServiceProvider" not found  
                                                                          


In Application.php line 857:
                                                                          
  Class "Fleetbase\LaravelMysqlSpatial\SpatialServiceProvider" not found  
                                                                          


   PDOException 

  SQLSTATE[HY000] [2002] Connection refused

  at /var/www/html/chapchap/vendor/laravel/framework/src/Illuminate/Database/Connectors/Connector.php:65

   PDOException 

  SQLSTATE[HY000] [2002] Connection refused

  at /var/www/html/chapchap/vendor/laravel/framework/src/Illuminate/Database/Connectors/Connector.php:65


   PDOException 

  SQLSTATE[HY000] [2002] Connection refused

  at /var/www/html/chapchap/vendor/laravel/framework/src/Illuminate/Database/Connectors/Connector.php:65

   PDOException 

  SQLSTATE[HY000] [2002] Connection refused

  at /var/www/html/chapchap/vendor/laravel/framework/src/Illuminate/Database/Connectors/Connector.php:65
     61▕      * @return \PDO
     62▕      */
     63▕     protected function createPdoConnection($dsn, $username, $password, $options)
     64▕     {
  ➜  65▕         return new PDO($dsn, $username, $password, $options);
     66▕     }
     67▕ 
     68▕     /**
     69▕      * Handle an exception that occurred during connect execution.

      [2m+25 vendor frames [22m

  26  /var/www/html/chapchap/app/Providers/AppServiceProvider.php:45
      Illuminate\Support\Facades\Facade::__callStatic()
      [2m+7 vendor frames [22m

  34  [internal]:0
      Illuminate\Foundation\Application::Illuminate\Foundation\{closure}()

     61▕      * @return \PDO
     62▕      */
     63▕     protected function createPdoConnection($dsn, $username, $password, $options)
     64▕     {
  ➜  65▕         return new PDO($dsn, $username, $password, $options);
     66▕     }
     67▕ 
     68▕     /**
     69▕      * Handle an exception that occurred during connect execution.

      [2m+25 vendor frames [22m

  26  /var/www/html/chapchap/app/Providers/AppServiceProvider.php:45
      Illuminate\Support\Facades\Facade::__callStatic()
      [2m+7 vendor frames [22m

  34  [internal]:0
      Illuminate\Foundation\Application::Illuminate\Foundation\{closure}()


   PDOException 

  SQLSTATE[HY000] [2002] Connection refused
     61▕      * @return \PDO
     62▕      */
     63▕     protected function createPdoConnection($dsn, $username, $password, $options)
     64▕     {
  ➜  65▕         return new PDO($dsn, $username, $password, $options);
     66▕     }
     67▕ 
     68▕     /**
     69▕      * Handle an exception that occurred during connect execution.

      [2m+25 vendor frames [22m

  26  /var/www/html/chapchap/app/Providers/AppServiceProvider.php:45
      Illuminate\Support\Facades\Facade::__callStatic()
      [2m+7 vendor frames [22m

  34  [internal]:0
      Illuminate\Foundation\Application::Illuminate\Foundation\{closure}()

     61▕      * @return \PDO
     62▕      */
     63▕     protected function createPdoConnection($dsn, $username, $password, $options)
     64▕     {
  ➜  65▕         return new PDO($dsn, $username, $password, $options);
     66▕     }
     67▕ 
     68▕     /**
     69▕      * Handle an exception that occurred during connect execution.

      [2m+25 vendor frames [22m

  26  /var/www/html/chapchap/app/Providers/AppServiceProvider.php:45
      Illuminate\Support\Facades\Facade::__callStatic()
      [2m+7 vendor frames [22m

  34  [internal]:0
      Illuminate\Foundation\Application::Illuminate\Foundation\{closure}()


  at /var/www/html/chapchap/vendor/laravel/framework/src/Illuminate/Database/Connectors/Connector.php:65
     61▕      * @return \PDO
     62▕      */
     63▕     protected function createPdoConnection($dsn, $username, $password, $options)
     64▕     {
  ➜  65▕         return new PDO($dsn, $username, $password, $options);
     66▕     }
     67▕ 
     68▕     /**
     69▕      * Handle an exception that occurred during connect execution.

      [2m+25 vendor frames [22m

  26  /var/www/html/chapchap/app/Providers/AppServiceProvider.php:45
      Illuminate\Support\Facades\Facade::__callStatic()
      [2m+7 vendor frames [22m

  34  [internal]:0
      Illuminate\Foundation\Application::Illuminate\Foundation\{closure}()

   PDOException 

  SQLSTATE[HY000] [2002] Connection refused

  at /var/www/html/chapchap/vendor/laravel/framework/src/Illuminate/Database/Connectors/Connector.php:65
     61▕      * @return \PDO
     62▕      */
     63▕     protected function createPdoConnection($dsn, $username, $password, $options)
     64▕     {
  ➜  65▕         return new PDO($dsn, $username, $password, $options);
     66▕     }
     67▕ 
     68▕     /**
     69▕      * Handle an exception that occurred during connect execution.

      [2m+25 vendor frames [22m

  26  /var/www/html/chapchap/app/Providers/AppServiceProvider.php:45
      Illuminate\Support\Facades\Facade::__callStatic()
      [2m+7 vendor frames [22m

  34  [internal]:0
      Illuminate\Foundation\Application::Illuminate\Foundation\{closure}()


   PDOException 

  SQLSTATE[HY000] [2002] Connection refused

  at /var/www/html/chapchap/vendor/laravel/framework/src/Illuminate/Database/Connectors/Connector.php:65
     61▕      * @return \PDO
     62▕      */
     63▕     protected function createPdoConnection($dsn, $username, $password, $options)
     64▕     {
  ➜  65▕         return new PDO($dsn, $username, $password, $options);
     66▕     }
     67▕ 
     68▕     /**
     69▕      * Handle an exception that occurred during connect execution.

      [2m+25 vendor frames [22m

  26  /var/www/html/chapchap/app/Providers/AppServiceProvider.php:45
      Illuminate\Support\Facades\Facade::__callStatic()
      [2m+7 vendor frames [22m

  34  [internal]:0
      Illuminate\Foundation\Application::Illuminate\Foundation\{closure}()


   PDOException 

  SQLSTATE[HY000] [2002] Connection refused

  at /var/www/html/chapchap/vendor/laravel/framework/src/Illuminate/Database/Connectors/Connector.php:65
     61▕      * @return \PDO
     62▕      */
     63▕     protected function createPdoConnection($dsn, $username, $password, $options)
     64▕     {
  ➜  65▕         return new PDO($dsn, $username, $password, $options);
     66▕     }
     67▕ 
     68▕     /**
     69▕      * Handle an exception that occurred during connect execution.

      [2m+25 vendor frames [22m

  26  /var/www/html/chapchap/app/Providers/AppServiceProvider.php:45
      Illuminate\Support\Facades\Facade::__callStatic()
      [2m+7 vendor frames [22m

  34  [internal]:0
      Illuminate\Foundation\Application::Illuminate\Foundation\{closure}()


   PDOException 

  SQLSTATE[HY000] [2002] Connection refused

  at /var/www/html/chapchap/vendor/laravel/framework/src/Illuminate/Database/Connectors/Connector.php:65
     61▕      * @return \PDO
     62▕      */
     63▕     protected function createPdoConnection($dsn, $username, $password, $options)
     64▕     {
  ➜  65▕         return new PDO($dsn, $username, $password, $options);
     66▕     }
     67▕ 
     68▕     /**
     69▕      * Handle an exception that occurred during connect execution.

      [2m+25 vendor frames [22m

  26  /var/www/html/chapchap/app/Providers/AppServiceProvider.php:45
      Illuminate\Support\Facades\Facade::__callStatic()
      [2m+7 vendor frames [22m

  34  [internal]:0
      Illuminate\Foundation\Application::Illuminate\Foundation\{closure}()


   PDOException 

  SQLSTATE[HY000] [2002] Connection refused

  at /var/www/html/chapchap/vendor/laravel/framework/src/Illuminate/Database/Connectors/Connector.php:65
     61▕      * @return \PDO
     62▕      */
     63▕     protected function createPdoConnection($dsn, $username, $password, $options)
     64▕     {
  ➜  65▕         return new PDO($dsn, $username, $password, $options);
     66▕     }
     67▕ 
     68▕     /**
     69▕      * Handle an exception that occurred during connect execution.

      [2m+25 vendor frames [22m

  26  /var/www/html/chapchap/app/Providers/AppServiceProvider.php:45
      Illuminate\Support\Facades\Facade::__callStatic()
      [2m+7 vendor frames [22m

  34  [internal]:0
      Illuminate\Foundation\Application::Illuminate\Foundation\{closure}()


   PDOException 

  SQLSTATE[HY000] [2002] Connection refused

  at /var/www/html/chapchap/vendor/laravel/framework/src/Illuminate/Database/Connectors/Connector.php:65
     61▕      * @return \PDO
     62▕      */
     63▕     protected function createPdoConnection($dsn, $username, $password, $options)
     64▕     {
  ➜  65▕         return new PDO($dsn, $username, $password, $options);
     66▕     }
     67▕ 
     68▕     /**
     69▕      * Handle an exception that occurred during connect execution.

      [2m+25 vendor frames [22m

  26  /var/www/html/chapchap/app/Providers/AppServiceProvider.php:45
      Illuminate\Support\Facades\Facade::__callStatic()
      [2m+7 vendor frames [22m

  34  [internal]:0
      Illuminate\Foundation\Application::Illuminate\Foundation\{closure}()


   PDOException 

  SQLSTATE[HY000] [2002] Connection refused

  at /var/www/html/chapchap/vendor/laravel/framework/src/Illuminate/Database/Connectors/Connector.php:65
     61▕      * @return \PDO
     62▕      */
     63▕     protected function createPdoConnection($dsn, $username, $password, $options)
     64▕     {
  ➜  65▕         return new PDO($dsn, $username, $password, $options);
     66▕     }
     67▕ 
     68▕     /**
     69▕      * Handle an exception that occurred during connect execution.

      [2m+25 vendor frames [22m

  26  /var/www/html/chapchap/app/Providers/AppServiceProvider.php:45
      Illuminate\Support\Facades\Facade::__callStatic()
      [2m+7 vendor frames [22m

  34  [internal]:0
      Illuminate\Foundation\Application::Illuminate\Foundation\{closure}()


   PDOException 

  SQLSTATE[HY000] [2002] Connection refused

  at /var/www/html/chapchap/vendor/laravel/framework/src/Illuminate/Database/Connectors/Connector.php:65
     61▕      * @return \PDO
     62▕      */
     63▕     protected function createPdoConnection($dsn, $username, $password, $options)
     64▕     {
  ➜  65▕         return new PDO($dsn, $username, $password, $options);
     66▕     }
     67▕ 
     68▕     /**
     69▕      * Handle an exception that occurred during connect execution.

      [2m+25 vendor frames [22m

  26  /var/www/html/chapchap/app/Providers/AppServiceProvider.php:45
      Illuminate\Support\Facades\Facade::__callStatic()
      [2m+7 vendor frames [22m

  34  [internal]:0
      Illuminate\Foundation\Application::Illuminate\Foundation\{closure}()


   PDOException 

  SQLSTATE[HY000] [2002] Connection refused

  at /var/www/html/chapchap/vendor/laravel/framework/src/Illuminate/Database/Connectors/Connector.php:65
     61▕      * @return \PDO
     62▕      */
     63▕     protected function createPdoConnection($dsn, $username, $password, $options)
     64▕     {
  ➜  65▕         return new PDO($dsn, $username, $password, $options);
     66▕     }
     67▕ 
     68▕     /**
     69▕      * Handle an exception that occurred during connect execution.

      [2m+25 vendor frames [22m

  26  /var/www/html/chapchap/app/Providers/AppServiceProvider.php:45
      Illuminate\Support\Facades\Facade::__callStatic()
      [2m+7 vendor frames [22m

  34  [internal]:0
      Illuminate\Foundation\Application::Illuminate\Foundation\{closure}()


   PDOException 

  SQLSTATE[HY000] [2002] Connection refused

  at /var/www/html/chapchap/vendor/laravel/framework/src/Illuminate/Database/Connectors/Connector.php:65
     61▕      * @return \PDO
     62▕      */
     63▕     protected function createPdoConnection($dsn, $username, $password, $options)
     64▕     {
  ➜  65▕         return new PDO($dsn, $username, $password, $options);
     66▕     }
     67▕ 
     68▕     /**
     69▕      * Handle an exception that occurred during connect execution.

      [2m+25 vendor frames [22m

  26  /var/www/html/chapchap/app/Providers/AppServiceProvider.php:45
      Illuminate\Support\Facades\Facade::__callStatic()
      [2m+7 vendor frames [22m

  34  [internal]:0
      Illuminate\Foundation\Application::Illuminate\Foundation\{closure}()


   PDOException 

  SQLSTATE[HY000] [2002] Connection refused

  at /var/www/html/chapchap/vendor/laravel/framework/src/Illuminate/Database/Connectors/Connector.php:65
     61▕      * @return \PDO
     62▕      */
     63▕     protected function createPdoConnection($dsn, $username, $password, $options)
     64▕     {
  ➜  65▕         return new PDO($dsn, $username, $password, $options);
     66▕     }
     67▕ 
     68▕     /**
     69▕      * Handle an exception that occurred during connect execution.

      [2m+25 vendor frames [22m

  26  /var/www/html/chapchap/app/Providers/AppServiceProvider.php:45
      Illuminate\Support\Facades\Facade::__callStatic()
      [2m+7 vendor frames [22m

  34  [internal]:0
      Illuminate\Foundation\Application::Illuminate\Foundation\{closure}()


   PDOException 

  SQLSTATE[HY000] [2002] Connection refused

  at /var/www/html/chapchap/vendor/laravel/framework/src/Illuminate/Database/Connectors/Connector.php:65
     61▕      * @return \PDO
     62▕      */
     63▕     protected function createPdoConnection($dsn, $username, $password, $options)
     64▕     {
  ➜  65▕         return new PDO($dsn, $username, $password, $options);
     66▕     }
     67▕ 
     68▕     /**
     69▕      * Handle an exception that occurred during connect execution.

      [2m+25 vendor frames [22m

  26  /var/www/html/chapchap/app/Providers/AppServiceProvider.php:45
      Illuminate\Support\Facades\Facade::__callStatic()
      [2m+7 vendor frames [22m

  34  [internal]:0
      Illuminate\Foundation\Application::Illuminate\Foundation\{closure}()

  2026-01-07 22:44:10 App\Jobs\CheckMoovMoneyStatus .................. RUNNING
  2026-01-07 22:44:10 App\Jobs\Notifications\SendPushNotification .... RUNNING
  2026-01-07 22:44:10 App\Jobs\Notifications\SendPushNotification .... RUNNING
  2026-01-07 22:44:10 App\Jobs\Notifications\SendPushNotification .... RUNNING
  2026-01-07 22:44:10 App\Jobs\Notifications\SendPushNotification .... RUNNING
  2026-01-07 22:44:10 App\Jobs\Notifications\SendPushNotification .... RUNNING
  2026-01-07 22:44:10 App\Jobs\CheckMoovMoneyStatus .................. RUNNING
  2026-01-07 22:44:10 App\Jobs\CheckMoovMoneyStatus ............. 30.53ms DONE
  2026-01-07 22:44:10 App\Jobs\Notifications\SendPushNotification .... RUNNING
  2026-01-07 22:44:10 App\Jobs\CheckMoovMoneyStatus ............. 34.10ms DONE
  2026-01-07 22:44:10 App\Jobs\Notifications\SendPushNotification .... RUNNING
  2026-01-07 22:44:10 App\Jobs\Notifications\SendPushNotification  83.92ms DONE
  2026-01-07 22:44:10 App\Jobs\Notifications\SendPushNotification  34.61ms DONE
  2026-01-07 22:44:10 App\Jobs\Notifications\SendPushNotification .... RUNNING
  2026-01-07 22:44:10 App\Jobs\Notifications\SendPushNotification .... RUNNING
  2026-01-07 22:44:10 App\Jobs\Notifications\SendPushNotification  6.98ms DONE
  2026-01-07 22:44:10 App\Jobs\Notifications\SendPushNotification  7.56ms DONE
  2026-01-07 22:44:10 App\Jobs\Notifications\SendPushNotification .... RUNNING
  2026-01-07 22:44:10 App\Jobs\Notifications\SendPushNotification .... RUNNING
  2026-01-07 22:44:10 App\Jobs\Notifications\SendPushNotification  8.94ms DONE
  2026-01-07 22:44:10 App\Jobs\Notifications\SendPushNotification .... RUNNING
  2026-01-07 22:44:10 App\Jobs\Notifications\SendPushNotification  190.71ms DONE
  2026-01-07 22:44:10 App\Jobs\Notifications\SendPushNotification  82.83ms DONE
  2026-01-07 22:44:10 App\Jobs\Notifications\SendPushNotification  200.04ms DONE
  2026-01-07 22:44:10 App\Jobs\Notifications\SendPushNotification  2026-01-07 22:44:10 App\Jobs\Notifications\SendPushNotification .... RUNNING
  99.66ms DONE
  2026-01-07 22:44:10 App\Jobs\Notifications\SendPushNotification .... RUNNING
  2026-01-07 22:44:10 App\Jobs\Notifications\SendPushNotification .... RUNNING
  2026-01-07 22:44:10 App\Jobs\Notifications\SendPushNotification  167.97ms DONE
  2026-01-07 22:44:10 App\Jobs\Notifications\SendPushNotification .... RUNNING
  2026-01-07 22:44:10 App\Jobs\Notifications\SendPushNotification  17.27ms DONE
  2026-01-07 22:44:10 App\Jobs\Notifications\SendPushNotification .... RUNNING
  2026-01-07 22:44:10 App\Jobs\Notifications\SendPushNotification  20.87ms DONE
  2026-01-07 22:44:10 App\Jobs\Notifications\SendPushNotification  21.07ms DONE
  2026-01-07 22:44:10 App\Jobs\Notifications\SendPushNotification .... RUNNING
  2026-01-07 22:44:10 App\Jobs\Notifications\SendPushNotification  2026-01-07 22:44:10 App\Jobs\Notifications\SendPushNotification  25.37ms DONE
 .... RUNNING
  2026-01-07 22:44:10 App\Jobs\Notifications\SendPushNotification .... RUNNING
  2026-01-07 22:44:10 App\Jobs\Notifications\SendPushNotification  18.40ms DONE
  2026-01-07 22:44:10 App\Jobs\Notifications\SendPushNotification  12.55ms DONE
  2026-01-07 22:44:10 App\Jobs\Notifications\SendPushNotification .... RUNNING
  2026-01-07 22:44:10 App\Jobs\Notifications\SendPushNotification .... RUNNING
  2026-01-07 22:44:10 App\Jobs\Notifications\SendPushNotification .... RUNNING
  2026-01-07 22:44:10 App\Jobs\Notifications\SendPushNotification  31.96ms DONE
  2026-01-07 22:44:10 App\Jobs\Notifications\SendPushNotification  34.67ms DONE
  2026-01-07 22:44:10 App\Jobs\Notifications\SendPushNotification  269.83ms DONE
  2026-01-07 22:44:10 App\Jobs\Notifications\SendPushNotification  8.45ms DONE
  2026-01-07 22:44:10 App\Jobs\Notifications\SendPushNotification  15.68ms DONE
  2026-01-07 22:44:10 App\Jobs\Notifications\SendPushNotification .... RUNNING
  2026-01-07 22:44:10 App\Jobs\Notifications\SendPushNotification .... RUNNING
  2026-01-07 22:44:10 App\Jobs\Notifications\SendPushNotification .... RUNNING
  2026-01-07 22:44:10 App\Jobs\Notifications\SendPushNotification  2026-01-07 22:44:10 App\Jobs\Notifications\SendPushNotification .... RUNNING
 .... RUNNING
  2026-01-07 22:44:10 App\Jobs\Notifications\SendPushNotification  20.78ms DONE
  2026-01-07 22:44:10 App\Jobs\Notifications\SendPushNotification  285.82ms DONE
  2026-01-07 22:44:10 App\Jobs\Notifications\SendPushNotification .... RUNNING
  2026-01-07 22:44:10 App\Jobs\Notifications\SendPushNotification  10.60ms DONE
  2026-01-07 22:44:10 App\Jobs\Notifications\SendPushNotification  10.96ms DONE
  2026-01-07 22:44:10 App\Jobs\Notifications\SendPushNotification  11.23ms DONE
  2026-01-07 22:44:10 App\Jobs\Notifications\SendPushNotification  12.15ms DONE
  2026-01-07 22:44:10 App\Jobs\Notifications\SendPushNotification  12.50ms DONE
  2026-01-07 22:44:10 App\Jobs\Notifications\SendPushNotification .... RUNNING
  2026-01-07 22:44:10 App\Jobs\Notifications\SendPushNotification .... RUNNING
  2026-01-07 22:44:10 App\Jobs\Notifications\SendPushNotification .... RUNNING
  2026-01-07 22:44:10 App\Jobs\Notifications\SendPushNotification .... RUNNING
  2026-01-07 22:44:10 App\Jobs\Notifications\SendPushNotification  2026-01-07 22:44:10 App\Jobs\Notifications\SendPushNotification .... RUNNING
 .... RUNNING
  2026-01-07 22:44:10 App\Jobs\Notifications\SendPushNotification  12.23ms DONE
  2026-01-07 22:44:10 App\Jobs\Notifications\SendPushNotification  8.88ms DONE
  2026-01-07 22:44:10 App\Jobs\Notifications\SendPushNotification .... RUNNING
  2026-01-07 22:44:10 App\Jobs\Notifications\SendPushNotification .... RUNNING
  2026-01-07 22:44:10 App\Jobs\Notifications\SendPushNotification  12.12ms DONE
  2026-01-07 22:44:10 App\Jobs\Notifications\SendPushNotification  12.35ms DONE
  2026-01-07 22:44:10 App\Jobs\Notifications\SendPushNotification   2026-01-07 22:44:10 App\Jobs\Notifications\SendPushNotification  13.91ms DONE
 11.55ms DONE
  2026-01-07 22:44:10 App\Jobs\Notifications\SendPushNotification  13.27ms DONE
  2026-01-07 22:44:10 App\Jobs\Notifications\SendPushNotification .... RUNNING
  2026-01-07 22:44:10 App\Jobs\Notifications\SendPushNotification .... RUNNING
  2026-01-07 22:44:10 App\Jobs\Notifications\SendPushNotification .... RUNNING
  2026-01-07 22:44:10 App\Jobs\Notifications\SendPushNotification .... RUNNING
  2026-01-07 22:44:10 App\Jobs\Notifications\SendPushNotification .... RUNNING
  2026-01-07 22:44:10 App\Jobs\Notifications\SendPushNotification  12.50ms DONE
  2026-01-07 22:44:10 App\Jobs\Notifications\SendPushNotification .... RUNNING
  2026-01-07 22:44:10 App\Jobs\Notifications\SendPushNotification  14.48ms DONE
  2026-01-07 22:44:10 App\Jobs\Notifications\SendPushNotification  11.57ms DONE
  2026-01-07 22:44:10 App\Jobs\Notifications\SendPushNotification  10.58ms DONE
  2026-01-07 22:44:10 App\Jobs\Notifications\SendPushNotification  9.77ms DONE
  2026-01-07 22:44:10 App\Jobs\Notifications\SendPushNotification .... RUNNING
  2026-01-07 22:44:10 App\Jobs\Notifications\SendPushNotification  12.24ms DONE
  2026-01-07 22:44:10 App\Jobs\Notifications\SendPushNotification  12.26ms DONE
  2026-01-07 22:44:10 App\Jobs\Notifications\SendPushNotification .... RUNNING
  2026-01-07 22:44:10 App\Jobs\Mails\SendUserRegistationMailNotification  RUNNING
  2026-01-07 22:44:10 App\Jobs\Notifications\SendPushNotification .... RUNNING
  2026-01-07 22:44:10 App\Jobs\Notifications\SendPushNotification .... RUNNING
  2026-01-07 22:44:10 App\Jobs\Notifications\SendPushNotification  15.58ms DONE
  2026-01-07 22:44:10 App\Jobs\Notifications\SendPushNotification  14.50ms DONE
  2026-01-07 22:44:10 App\Jobs\Notifications\SendPushNotification  11.16ms DONE
  2026-01-07 22:44:10 App\Jobs\Notifications\SendPushNotification .... RUNNING
  2026-01-07 22:44:10 App\Jobs\Notifications\SendPushNotification  2026-01-07 22:44:10 App\Jobs\Notifications\SendPushNotification  21.65ms DONE
  23.03ms DONE
  2026-01-07 22:44:10 App\Jobs\Notifications\SendPushNotification .... RUNNING
  2026-01-07 22:44:10 App\Jobs\Notifications\SendPushNotification .... RUNNING
  2026-01-07 22:44:10 App\Jobs\Notifications\SendPushNotification .... RUNNING
  2026-01-07 22:44:10 App\Jobs\Notifications\SendPushNotification .... RUNNING
  2026-01-07 22:44:10 App\Jobs\Notifications\SendPushNotification .... RUNNING
  2026-01-07 22:44:10 App\Jobs\Notifications\SendPushNotification  24.50ms DONE
  2026-01-07 22:44:10 App\Jobs\Notifications\SendPushNotification  10.98ms DONE
  2026-01-07 22:44:10 App\Jobs\Notifications\SendPushNotification  2026-01-07 22:44:10 App\Jobs\Notifications\SendPushNotification  11.18ms DONE
  12.70ms DONE
  2026-01-07 22:44:10 App\Jobs\Notifications\SendPushNotification .... RUNNING
  2026-01-07 22:44:10 App\Jobs\Notifications\SendPushNotification .... RUNNING
  2026-01-07 22:44:10 App\Jobs\Notifications\SendPushNotification  12.38ms DONE
  2026-01-07 22:44:10 App\Jobs\Notifications\SendPushNotification .... RUNNING
  2026-01-07 22:44:10 App\Jobs\Notifications\SendPushNotification .... RUNNING
  2026-01-07 22:44:10 App\Jobs\Notifications\SendPushNotification  13.42ms DONE
  2026-01-07 22:44:10 App\Jobs\Notifications\SendPushNotification .... RUNNING
  2026-01-07 22:44:10 App\Jobs\Notifications\SendPushNotification  14.22ms DONE
  2026-01-07 22:44:10 App\Jobs\Notifications\SendPushNotification  2026-01-07 22:44:10 App\Jobs\Notifications\SendPushNotification ....  RUNNING
 11.39ms DONE
  2026-01-07 22:44:10 App\Jobs\Notifications\SendPushNotification  10.76ms DONE
  2026-01-07 22:44:10 App\Jobs\Notifications\SendPushNotification  10.99ms DONE
  2026-01-07 22:44:10 App\Jobs\Notifications\SendPushNotification .... RUNNING
  2026-01-07 22:44:10 App\Jobs\Notifications\SendPushNotification .... RUNNING
  2026-01-07 22:44:10 App\Jobs\Notifications\SendPushNotification .... RUNNING
  2026-01-07 22:44:10 App\Jobs\Notifications\SendPushNotification .... RUNNING
  2026-01-07 22:44:10 App\Jobs\Notifications\SendPushNotification  13.34ms DONE
  2026-01-07 22:44:10 App\Jobs\Notifications\SendPushNotification  12.13ms DONE
  2026-01-07 22:44:10 App\Jobs\Notifications\SendPushNotification  10.94ms DONE
  2026-01-07 22:44:10 App\Jobs\Notifications\SendPushNotification  11.12ms  2026-01-07 22:44:10 App\Jobs\Notifications\SendPushNotification .... RUNNING
 DONE
  2026-01-07 22:44:10 App\Jobs\Notifications\SendPushNotification .... RUNNING
  2026-01-07 22:44:10 App\Jobs\Notifications\SendPushNotification .... RUNNING
  2026-01-07 22:44:10 App\Jobs\Notifications\SendPushNotification  12.67ms DONE
  2026-01-07 22:44:10 App\Jobs\Notifications\SendPushNotification  18.22ms DONE
  2026-01-07 22:44:10 App\Jobs\Notifications\SendPushNotification ....  2026-01-07 22:44:10 App\Jobs\Notifications\SendPushNotification .... RUNNING
 RUNNING
  2026-01-07 22:44:10 App\Jobs\Notifications\SendPushNotification  11.54ms DONE
  2026-01-07 22:44:10 App\Jobs\Notifications\SendPushNotification  10.02ms DONE
  2026-01-07 22:44:10 App\Jobs\Notifications\SendPushNotification  11.71ms DONE
  2026-01-07 22:44:10 App\Jobs\Notifications\SendPushNotification  2026-01-07 22:44:10 App\Jobs\Notifications\SendPushNotification .... RUNNING
 .... RUNNING
  2026-01-07 22:44:10 App\Jobs\Notifications\SendPushNotification .... RUNNING
  2026-01-07 22:44:10 App\Jobs\Notifications\SendPushNotification .... RUNNING
  2026-01-07 22:44:10 App\Jobs\Notifications\SendPushNotification  11.24ms DONE
  2026-01-07 22:44:10 App\Jobs\Notifications\SendPushNotification  12.97ms DONE
  2026-01-07 22:44:10 App\Jobs\Notifications\SendPushNotification .... RUNNING
  2026-01-07 22:44:10 App\Jobs\Notifications\SendPushNotification .... RUNNING
  2026-01-07 22:44:10 App\Jobs\Notifications\SendPushNotification  12.46ms DONE
  2026-01-07 22:44:10 App\Jobs\Notifications\SendPushNotification  11.72ms DONE
  2026-01-07 22:44:10 App\Jobs\Notifications\SendPushNotification  2026-01-07 22:44:10 App\Jobs\Notifications\SendPushNotification  14.02ms  13.30ms DONE
 DONE
  2026-01-07 22:44:10 App\Jobs\Notifications\SendPushNotification .... RUNNING
  2026-01-07 22:44:10 App\Jobs\Notifications\SendPushNotification .... RUNNING
  2026-01-07 22:44:10 App\Jobs\Notifications\SendPushNotification .... RUNNING
  2026-01-07 22:44:10 App\Jobs\Notifications\SendPushNotification  9.36ms  2026-01-07 22:44:10 App\Jobs\Notifications\SendPushNotification DONE
 .... RUNNING
  2026-01-07 22:44:10 App\Jobs\Notifications\SendPushNotification  12.48ms DONE
  2026-01-07 22:44:10 App\Jobs\Notifications\SendPushNotification .... RUNNING
  2026-01-07 22:44:10 App\Jobs\Notifications\SendPushNotification .... RUNNING
  2026-01-07 22:44:10 App\Jobs\Notifications\SendPushNotification .... RUNNING
  2026-01-07 22:44:10 App\Jobs\Notifications\SendPushNotification  11.30ms DONE
  2026-01-07 22:44:10 App\Jobs\Notifications\SendPushNotification  10.07ms DONE
  2026-01-07 22:44:10 App\Jobs\Notifications\SendPushNotification  12.18ms DONE
  2026-01-07 22:44:10 App\Jobs\Notifications\SendPushNotification  14.07ms DONE
  2026-01-07 22:44:10 App\Jobs\Notifications\SendPushNotification .... RUNNING
  2026-01-07 22:44:10 App\Jobs\Notifications\SendPushNotification ....  2026-01-07 22:44:10 App\Jobs\Notifications\SendPushNotification .... RUNNING
 RUNNING
  2026-01-07 22:44:10 App\Jobs\Notifications\SendPushNotification .... RUNNING
  2026-01-07 22:44:10 App\Jobs\Notifications\SendPushNotification  13.23ms DONE
  2026-01-07 22:44:10 App\Jobs\Notifications\SendPushNotification  13.08ms DONE
  2026-01-07 22:44:10 App\Jobs\Notifications\SendPushNotification  2026-01-07 22:44:10 App\Jobs\Notifications\SendPushNotification .... RUNNING
  17.97ms DONE
  2026-01-07 22:44:10 App\Jobs\SendRequestToNextDriversJob  2026-01-07 22:44:10 App\Jobs\Notifications\SendPushNotification  12.03ms DONE
  2026-01-07 22:44:10 App\Jobs\Notifications\SendPushNotification  9.82ms DONE
 ........... RUNNING
  2026-01-07 22:44:10 App\Jobs\Notifications\SendPushNotification .... RUNNING
  2026-01-07 22:44:10 App\Jobs\Notifications\SendPushNotification  12.93ms DONE
  2026-01-07 22:44:10 App\Jobs\Notifications\SendPushNotification .... RUNNING
  2026-01-07 22:44:10 App\Jobs\Notifications\SendPushNotification .... RUNNING
  2026-01-07 22:44:10 App\Jobs\Notifications\SendPushNotification  13.34ms DONE
  2026-01-07 22:44:10 App\Jobs\Notifications\SendPushNotification  9.69ms DONE
  2026-01-07 22:44:10 App\Jobs\SendRequestToNextDriversJob ....... 8.96ms DONE
  2026-01-07 22:44:10 App\Jobs\Notifications\SendPushNotification .... RUNNING
  2026-01-07 22:44:10 App\Jobs\SendRequestToNextDriversJob ........... RUNNING
  2026-01-07 22:44:10 App\Jobs\SendRequestToNextDriversJob ........... RUNNING
  2026-01-07 22:44:10 App\Jobs\Notifications\SendPushNotification  13.66ms DONE
  2026-01-07 22:44:10 App\Jobs\Notifications\SendPushNotification .... RUNNING
  2026-01-07 22:44:10 App\Jobs\Notifications\SendPushNotification  12.50ms DONE
  2026-01-07 22:44:10 App\Jobs\Notifications\SendPushNotification  13.57ms DONE
  2026-01-07 22:44:10 App\Jobs\SendRequestToNextDriversJob ....... 6.48ms  2026-01-07 22:44:10 App\Jobs\SendRequestToNextDriversJob ....... 6.52ms DONE
 DONE
  2026-01-07 22:44:10 App\Jobs\Notifications\SendPushNotification  2026-01-07 22:44:10 App\Jobs\Notifications\SendPushNotification .... RUNNING
 .... RUNNING
  2026-01-07 22:44:10 App\Jobs\SendRequestToNextDriversJob ........... RUNNING
  2026-01-07 22:44:10 App\Jobs\Notifications\SendPushNotification .... RUNNING
  2026-01-07 22:44:10 App\Jobs\Notifications\SendPushNotification .... RUNNING
  2026-01-07 22:44:10 App\Jobs\Notifications\SendPushNotification  17.50ms DONE
  2026-01-07 22:44:10 App\Jobs\SendRequestToNextDriversJob ....... 5.36ms DONE
  2026-01-07 22:44:10 App\Jobs\Notifications\SendPushNotification  7.27ms DONE
  2026-01-07 22:44:10 App\Jobs\Notifications\SendPushNotification  13.64ms DONE
  2026-01-07 22:44:10 App\Jobs\SendRequestToNextDriversJob ........... RUNNING
  2026-01-07 22:44:10 App\Jobs\Notifications\SendPushNotification .... RUNNING
  2026-01-07 22:44:10 App\Jobs\SendRequestToNextDriversJob ........... RUNNING
  2026-01-07 22:44:10 App\Jobs\Notifications\SendPushNotification .... RUNNING
  2026-01-07 22:44:10 App\Jobs\Notifications\SendPushNotification  8.88ms DONE
  2026-01-07 22:44:10 App\Jobs\Notifications\SendPushNotification  11.89ms DONE
  2026-01-07 22:44:10 App\Jobs\Notifications\SendPushNotification  9.17ms DONE
  2026-01-07 22:44:10 App\Jobs\SendRequestToNextDriversJob .......  2026-01-07 22:44:10 App\Jobs\SendRequestToNextDriversJob ........... RUNNING
  2026-01-07 22:44:10 App\Jobs\Notifications\SendPushNotification .... 7.92ms DONE
 RUNNING
  2026-01-07 22:44:10 App\Jobs\ValidateAndGeneratePeakZone ........... RUNNING
  2026-01-07 22:44:10 App\Jobs\SendRequestToNextDriversJob ....... 7.49ms DONE
  2026-01-07 22:44:10 App\Jobs\SendRequestToNextDriversJob ....... 4.00ms DONE
  2026-01-07 22:44:10 App\Jobs\Notifications\SendPushNotification  10.44ms DONE
  2026-01-07 22:44:10 App\Jobs\Notifications\SendPushNotification  9.75ms DONE
  2026-01-07 22:44:10 App\Jobs\Notifications\SendPushNotification .... RUNNING
  2026-01-07 22:44:10 App\Jobs\ValidateAndGeneratePeakZone ........... RUNNING
  2026-01-07 22:44:10 App\Jobs\Notifications\SendPushNotification .... RUNNING
  2026-01-07 22:44:10 App\Jobs\Notifications\SendPushNotification .... RUNNING
  2026-01-07 22:44:10 App\Jobs\ValidateAndGeneratePeakZone ........... RUNNING
  2026-01-07 22:44:10 App\Jobs\Notifications\SendPushNotification  19.82ms DONE
  2026-01-07 22:44:10 App\Jobs\Notifications\SendPushNotification  16.83ms DONE
  2026-01-07 22:44:10 App\Jobs\Notifications\SendPushNotification  15.07ms DONE
  2026-01-07 22:44:10 App\Jobs\Notifications\SendPushNotification ....  2026-01-07 22:44:10 App\Jobs\ValidateAndGeneratePeakZone ........... RUNNING
 RUNNING
  2026-01-07 22:44:10 App\Jobs\Notifications\SendPushNotification  17.56ms DONE
  2026-01-07 22:44:10 App\Jobs\Notifications\SendPushNotification .... RUNNING
  2026-01-07 22:44:10 App\Jobs\Notifications\SendPushNotification .... RUNNING
  2026-01-07 22:44:10 App\Jobs\Notifications\SendPushNotification  12.83ms DONE
  2026-01-07 22:44:10 App\Jobs\ValidateAndGeneratePeakZone  2026-01-07 22:44:10 App\Jobs\ValidateAndGeneratePeakZone ......  2026-01-07 22:44:10 App\Jobs\Notifications\SendPushNotification  11.43ms  2026-01-07 22:44:10 App\Jobs\ValidateAndGeneratePeakZone ...... 27.56ms DONE
 DONE
 34.91ms DONE
 ...... 16.45ms DONE
  2026-01-07 22:44:10 App\Jobs\ValidateAndGeneratePeakZone ......  2026-01-07 22:44:10 App\Jobs\Notifications\SendPushNotification .... RUNNING
 41.72ms DONE
  2026-01-07 22:44:10 App\Jobs\Notifications\SendPushNotification .... RUNNING
  2026-01-07 22:44:10 App\Jobs\Notifications\SendPushNotification  13.10ms DONE
  2026-01-07 22:44:10 App\Jobs\Notifications\SendPushNotification  2026-01-07 22:44:10 App\Jobs\Notifications\SendPushNotification .... RUNNING
  2026-01-07 22:44:10 App\Jobs\ValidateAndGeneratePeakZone ........... RUNNING
 .... RUNNING
  2026-01-07 22:44:10 App\Jobs\Notifications\SendPushNotification .... RUNNING
  2026-01-07 22:44:10 App\Jobs\ValidateAndGeneratePeakZone ........... RUNNING
  2026-01-07 22:44:10 App\Jobs\Notifications\SendPushNotification  8.56ms DONE
  2026-01-07 22:44:10 App\Jobs\ValidateAndGeneratePeakZone ....... 9.86ms DONE
  2026-01-07 22:44:10 App\Jobs\Notifications\SendPushNotification  13.79ms DONE
  2026-01-07 22:44:10 App\Jobs\Notifications\SendPushNotification  10.60ms DONE
  2026-01-07 22:44:10 App\Jobs\Notifications\SendPushNotification  12.96ms DONE
  2026-01-07 22:44:10 App\Jobs\Notifications\SendPushNotification  9.89ms DONE
  2026-01-07 22:44:10 App\Jobs\Notifications\SendPushNotification  2026-01-07 22:44:10 App\Jobs\Notifications\SendPushNotification .... .... RUNNING
 RUNNING
  2026-01-07 22:44:10 App\Jobs\Notifications\SendPushNotification .... RUNNING
  2026-01-07 22:44:10 App\Jobs\ValidateAndGeneratePeakZone ...... 12.03ms DONE
  2026-01-07 22:44:10 App\Jobs\ValidateAndUpdateDriverLoyaltyJob ..... RUNNING
  2026-01-07 22:44:10 App\Jobs\ValidateAndUpdateIncentivesJob ........ RUNNING
  2026-01-07 22:44:10 App\Jobs\Mails\SendUserInvoiceMailNotification . RUNNING
  2026-01-07 22:44:10 App\Jobs\Notifications\SendPushNotification .... RUNNING
  2026-01-07 22:44:10 App\Jobs\Notifications\SendPushNotification  15.92ms DONE
  2026-01-07 22:44:10 App\Jobs\Notifications\SendPushNotification  20.43ms DONE
  2026-01-07 22:44:10 App\Jobs\Notifications\SendPushNotification  19.33ms DONE
  2026-01-07 22:44:10 App\Jobs\Mails\SendDriverInvoiceMailNotification  RUNNING
  2026-01-07 22:44:10 App\Jobs\Notifications\SendPushNotification .... RUNNING
  2026-01-07 22:44:10 App\Jobs\Notifications\SendPushNotification .... RUNNING
  2026-01-07 22:44:10 App\Jobs\Notifications\SendPushNotification  28.73ms DONE
  2026-01-07 22:44:10 App\Jobs\Notifications\SendPushNotification  18.57ms DONE
  2026-01-07 22:44:10 App\Jobs\Notifications\SendPushNotification  12.07ms DONE
  2026-01-07 22:44:10 App\Jobs\Notifications\SendPushNotification .... RUNNING
  2026-01-07 22:44:10 App\Jobs\Notifications\SendPushNotification .... RUNNING
  2026-01-07 22:44:10 App\Jobs\Notifications\SendPushNotification .... RUNNING
  2026-01-07 22:44:10 App\Jobs\ValidateAndUpdateDriverLoyaltyJob  49.54ms DONE
  2026-01-07 22:44:10 App\Jobs\Notifications\SendPushNotification  2026-01-07 22:44:10 App\Jobs\ValidateAndUpdateIncentivesJob ... 55.32ms DONE
  12.97ms DONE
  2026-01-07 22:44:10 App\Jobs\Notifications\SendPushNotification  11.30ms DONE
  2026-01-07 22:44:10 App\Jobs\Notifications\SendPushNotification .... RUNNING
  2026-01-07 22:44:10 App\Jobs\Notifications\SendPushNotification .... RUNNING
  2026-01-07 22:44:10 App\Jobs\Notifications\SendPushNotification .... RUNNING
  2026-01-07 22:44:10 App\Jobs\Notifications\SendPushNotification  16.27ms DONE
  2026-01-07 22:44:10 App\Jobs\Notifications\SendPushNotification .... RUNNING
  2026-01-07 22:44:10 App\Jobs\Notifications\SendPushNotification .... RUNNING
  2026-01-07 22:44:10 App\Jobs\Notifications\SendPushNotification  2026-01-07 22:44:10 App\Jobs\Notifications\SendPushNotification   13.27ms 10.70ms DONE
 DONE
  2026-01-07 22:44:10 App\Jobs\Notifications\SendPushNotification  11.99ms DONE
  2026-01-07 22:44:10 App\Jobs\Notifications\SendPushNotification  2026-01-07 22:44:10 App\Jobs\Mails\SendUserRegistationMailNotification  RUNNING
  2026-01-07 22:44:10 App\Jobs\Notifications\SendPushNotification .... RUNNING
  12.40ms DONE
  2026-01-07 22:44:10 App\Jobs\Notifications\SendPushNotification .... RUNNING
  2026-01-07 22:44:10 App\Jobs\Notifications\SendPushNotification  12.61ms DONE
  2026-01-07 22:44:10 App\Jobs\Notifications\SendPushNotification .... RUNNING
  2026-01-07 22:44:10 App\Jobs\Notifications\SendPushNotification .... RUNNING
  2026-01-07 22:44:10 App\Jobs\Notifications\SendPushNotification  10.63ms DONE
  2026-01-07 22:44:10 App\Jobs\Notifications\SendPushNotification  10.22ms DONE
  2026-01-07 22:44:10 App\Jobs\Notifications\SendPushNotification .... RUNNING
  2026-01-07 22:44:10 App\Jobs\Notifications\SendPushNotification  11.21ms  2026-01-07 22:44:10 App\Jobs\Notifications\SendPushNotification  12.72ms DONE
 DONE
  2026-01-07 22:44:10 App\Jobs\Notifications\SendPushNotification .... RUNNING
  2026-01-07 22:44:10 App\Jobs\Notifications\SendPushNotification .... RUNNING
  2026-01-07 22:44:10 App\Jobs\Notifications\SendPushNotification .... RUNNING
  2026-01-07 22:44:10 App\Jobs\Notifications\SendPushNotification  10.77ms DONE
  2026-01-07 22:44:10 App\Jobs\Notifications\SendPushNotification  8.11ms DONE
  2026-01-07 22:44:10 App\Jobs\Notifications\SendPushNotification .... RUNNING
  2026-01-07 22:44:10 App\Jobs\Notifications\SendPushNotification .... RUNNING
  2026-01-07 22:44:10 App\Jobs\Notifications\SendPushNotification  10.81ms DONE
  2026-01-07 22:44:10 App\Jobs\Notifications\SendPushNotification  11.88ms DONE
  2026-01-07 22:44:10 App\Jobs\Notifications\SendPushNotification .... RUNNING
  2026-01-07 22:44:10 App\Jobs\Notifications\SendPushNotification .... RUNNING
  2026-01-07 22:44:10 App\Jobs\Notifications\SendPushNotification  13.85ms DONE
  2026-01-07 22:44:10 App\Jobs\Notifications\SendPushNotification  11.58ms DONE
  2026-01-07 22:44:10 App\Jobs\Notifications\SendPushNotification  8.86ms DONE
  2026-01-07 22:44:10 App\Jobs\SendRequestToNextDriversJob ........... RUNNING
  2026-01-07 22:44:10 App\Jobs\Notifications\SendPushNotification .... RUNNING
  2026-01-07 22:44:10 App\Jobs\Notifications\SendPushNotification .... RUNNING
  2026-01-07 22:44:10 App\Jobs\Notifications\SendPushNotification  12.70ms DONE
  2026-01-07 22:44:10 App\Jobs\Notifications\SendPushNotification .... RUNNING
  2026-01-07 22:44:10 App\Jobs\Notifications\SendPushNotification  7.42ms DONE
  2026-01-07 22:44:10 App\Jobs\SendRequestToNextDriversJob  2026-01-07 22:44:10 App\Jobs\Notifications\SendPushNotification  ...... 12.12ms DONE
 12.19ms DONE
  2026-01-07 22:44:10 App\Jobs\Notifications\SendPushNotification .... RUNNING
  2026-01-07 22:44:10 App\Jobs\Notifications\SendPushNotification .... RUNNING
  2026-01-07 22:44:10 App\Jobs\Notifications\SendPushNotification  2026-01-07 22:44:10 App\Jobs\Notifications\SendPushNotification  11.67ms DONE
 .... RUNNING
  2026-01-07 22:44:10 App\Jobs\Notifications\SendPushNotification  9.42ms DONE
  2026-01-07 22:44:10 App\Jobs\Notifications\SendPushNotification .... RUNNING
  2026-01-07 22:44:10 App\Jobs\Notifications\SendPushNotification  8.28ms DONE
  2026-01-07 22:44:10 App\Jobs\Notifications\SendPushNotification  11.84ms  2026-01-07 22:44:10 App\Jobs\Notifications\SendPushNotification DONE
 .... RUNNING
  2026-01-07 22:44:10 App\Jobs\Notifications\SendPushNotification .... RUNNING
  2026-01-07 22:44:10 App\Jobs\Notifications\SendPushNotification .... RUNNING
  2026-01-07 22:44:10 App\Jobs\Notifications\SendPushNotification  17.21ms DONE
  2026-01-07 22:44:10 App\Jobs\Notifications\SendPushNotification  12.36ms DONE
  2026-01-07 22:44:10 App\Jobs\Notifications\SendPushNotification  14.81ms DONE
  2026-01-07 22:44:10 App\Jobs\Notifications\SendPushNotification .... RUNNING
  2026-01-07 22:44:10 App\Jobs\Notifications\SendPushNotification .... RUNNING
  2026-01-07 22:44:10 App\Jobs\Notifications\SendPushNotification .... RUNNING
  2026-01-07 22:44:10 App\Jobs\Notifications\SendPushNotification  18.04ms DONE
  2026-01-07 22:44:10 App\Jobs\Notifications\SendPushNotification .... RUNNING
  2026-01-07 22:44:10 App\Jobs\Notifications\SendPushNotification  15.07ms DONE
  2026-01-07 22:44:10 App\Jobs\Notifications\SendPushNotification  12.96ms DONE
  2026-01-07 22:44:10 App\Jobs\Notifications\SendPushNotification  16.30ms DONE
  2026-01-07 22:44:10 App\Jobs\Notifications\SendPushNotification .... RUNNING
  2026-01-07 22:44:10 App\Jobs\Notifications\SendPushNotification .... RUNNING
  2026-01-07 22:44:10 App\Jobs\Notifications\SendPushNotification .... RUNNING
  2026-01-07 22:44:10 App\Jobs\Notifications\SendPushNotification  11.68ms DONE
  2026-01-07 22:44:10 App\Jobs\Notifications\SendPushNotification .... RUNNING
  2026-01-07 22:44:10 App\Jobs\Notifications\SendPushNotification  7.31ms DONE
  2026-01-07 22:44:10 App\Jobs\Notifications\SendPushNotification  12.80ms DONE
  2026-01-07 22:44:10 App\Jobs\Notifications\SendPushNotification  11.07ms DONE
  2026-01-07 22:44:10 App\Jobs\Notifications\SendPushNotification .... RUNNING
  2026-01-07 22:44:10 App\Jobs\Notifications\SendPushNotification .... RUNNING
  2026-01-07 22:44:10 App\Jobs\Notifications\SendPushNotification  2026-01-07 22:44:10 App\Jobs\Notifications\SendPushNotification ....  9.23ms RUNNING
 DONE
  2026-01-07 22:44:10 App\Jobs\Notifications\SendPushNotification .... RUNNING
  2026-01-07 22:44:10 App\Jobs\Notifications\SendPushNotification  9.31ms DONE
  2026-01-07 22:44:10 App\Jobs\Notifications\SendPushNotification   2026-01-07 22:44:10 App\Jobs\Notifications\SendPushNotification 7.97ms  11.30ms DONE
 DONE
  2026-01-07 22:44:10 App\Jobs\SendRequestToNextDriversJob ........... RUNNING
  2026-01-07 22:44:10 App\Jobs\ValidateAndGeneratePeakZone ...........  2026-01-07 22:44:10 App\Jobs\Notifications\SendPushNotification .... RUNNING
 RUNNING
  2026-01-07 22:44:10 App\Jobs\Notifications\SendPushNotification  9.77ms DONE
  2026-01-07 22:44:10 App\Jobs\SendRequestToNextDriversJob ....... 4.03ms DONE
  2026-01-07 22:44:10 App\Jobs\ValidateAndGeneratePeakZone ....... 5.40ms DONE
  2026-01-07 22:44:10 App\Jobs\Notifications\SendPushNotification  2026-01-07 22:44:10 App\Jobs\Notifications\SendPushNotification .... .... RUNNING
 RUNNING
  2026-01-07 22:44:10 App\Jobs\Notifications\SendPushNotification .... RUNNING
  2026-01-07 22:44:10 App\Jobs\Notifications\SendPushNotification  10.67ms DONE
  2026-01-07 22:44:10 App\Jobs\Notifications\SendPushNotification  6.45ms DONE
  2026-01-07 22:44:10 App\Jobs\Notifications\SendPushNotification ....  2026-01-07 22:44:10 App\Jobs\Notifications\SendPushNotification  7.40ms RUNNING
 DONE
  2026-01-07 22:44:10 App\Jobs\Notifications\SendPushNotification .... RUNNING
  2026-01-07 22:44:10 App\Jobs\ValidateAndUpdateIncentivesJob ........ RUNNING
  2026-01-07 22:44:10 App\Jobs\Notifications\SendPushNotification  10.78ms DONE
  2026-01-07 22:44:10 App\Jobs\Notifications\SendPushNotification  8.65ms DONE
  2026-01-07 22:44:10 App\Jobs\ValidateAndUpdateDriverLoyaltyJob ..... RUNNING
  2026-01-07 22:44:10 App\Jobs\Mails\SendUserInvoiceMailNotification . RUNNING
  2026-01-07 22:44:10 App\Jobs\Notifications\SendPushNotification  12.73ms DONE
  2026-01-07 22:44:10 App\Jobs\Notifications\SendPushNotification .... RUNNING
  2026-01-07 22:44:10 App\Jobs\Notifications\SendPushNotification  15.22ms DONE
  2026-01-07 22:44:10 App\Jobs\Mails\SendDriverInvoiceMailNotification  RUNNING
  2026-01-07 22:44:10 App\Jobs\ValidateAndUpdateIncentivesJob ... 41.76ms DONE
  2026-01-07 22:44:10 App\Jobs\ValidateAndUpdateDriverLoyaltyJob  36.78ms DONE
  2026-01-07 22:44:10 App\Jobs\Notifications\SendPushNotification .... RUNNING
  2026-01-07 22:44:10 App\Jobs\Notifications\SendPushNotification .... RUNNING
  2026-01-07 22:44:10 App\Jobs\Notifications\SendPushNotification  13.26ms DONE
  2026-01-07 22:44:10 App\Jobs\Notifications\SendPushNotification  14.09ms DONE
  2026-01-07 22:44:10 App\Jobs\SendRequestToNextDriversJob ........... RUNNING
  2026-01-07 22:44:10 App\Jobs\Notifications\SendPushNotification .... RUNNING
  2026-01-07 22:44:10 App\Jobs\Mails\SendUserRegistationMailNotification  550.21ms DONE
  2026-01-07 22:44:10 App\Jobs\SendRequestToNextDriversJob ....... 4.11ms DONE
  2026-01-07 22:44:10 App\Jobs\Notifications\SendPushNotification .... RUNNING
  2026-01-07 22:44:10 App\Jobs\Notifications\SendPushNotification .... RUNNING
  2026-01-07 22:44:10 App\Jobs\Notifications\SendPushNotification  8.44ms DONE
  2026-01-07 22:44:10 App\Jobs\Notifications\SendPushNotification .... RUNNING
  2026-01-07 22:44:10 App\Jobs\Notifications\SendPushNotification  9.24ms DONE
  2026-01-07 22:44:10 App\Jobs\Notifications\SendPushNotification  9.76ms DONE
  2026-01-07 22:44:10 App\Jobs\Notifications\SendPushNotification .... RUNNING
  2026-01-07 22:44:10 App\Jobs\Notifications\SendPushNotification .... RUNNING
  2026-01-07 22:44:10 App\Jobs\Notifications\SendPushNotification  9.88ms DONE
  2026-01-07 22:44:10 App\Jobs\Notifications\SendPushNotification .... RUNNING
  2026-01-07 22:44:10 App\Jobs\Notifications\SendPushNotification  7.26ms DONE
  2026-01-07 22:44:10 App\Jobs\Notifications\SendPushNotification  10.32ms DONE
  2026-01-07 22:44:10 App\Jobs\Notifications\SendPushNotification ....  2026-01-07 22:44:10 App\Jobs\Notifications\SendPushNotification .... RUNNING
 RUNNING
  2026-01-07 22:44:10 App\Jobs\Notifications\SendPushNotification  15.14ms DONE
  2026-01-07 22:44:10 App\Jobs\Notifications\SendPushNotification .... RUNNING
  2026-01-07 22:44:10 App\Jobs\Notifications\SendPushNotification  8.64ms DONE
  2026-01-07 22:44:10 App\Jobs\Notifications\SendPushNotification  10.56ms DONE
  2026-01-07 22:44:10 App\Jobs\Notifications\SendPushNotification .... RUNNING
  2026-01-07 22:44:10 App\Jobs\Notifications\SendPushNotification .... RUNNING
  2026-01-07 22:44:10 App\Jobs\Notifications\SendPushNotification  11.16ms DONE
  2026-01-07 22:44:10 App\Jobs\Notifications\SendPushNotification .... RUNNING
  2026-01-07 22:44:10 App\Jobs\Notifications\SendPushNotification  10.97ms DONE
  2026-01-07 22:44:10 App\Jobs\Notifications\SendPushNotification  10.88ms DONE
  2026-01-07 22:44:10 App\Jobs\Notifications\SendPushNotification .... RUNNING
  2026-01-07 22:44:10 App\Jobs\Notifications\SendPushNotification .... RUNNING
  2026-01-07 22:44:10 App\Jobs\Notifications\SendPushNotification  9.31ms DONE
  2026-01-07 22:44:10 App\Jobs\Notifications\SendPushNotification ....  2026-01-07 22:44:10 App\Jobs\Notifications\SendPushNotification  9.71ms DONE
 RUNNING
  2026-01-07 22:44:10 App\Jobs\Notifications\SendPushNotification  8.41ms DONE
  2026-01-07 22:44:10 App\Jobs\Notifications\SendPushNotification  2026-01-07 22:44:10 App\Jobs\Notifications\SendPushNotification .... RUNNING
 .... RUNNING
  2026-01-07 22:44:10 App\Jobs\Notifications\SendPushNotification  10.35ms DONE
  2026-01-07 22:44:10 App\Jobs\SendRequestToNextDriversJob ........... RUNNING
  2026-01-07 22:44:10 App\Jobs\Notifications\SendPushNotification  10.60ms DONE
  2026-01-07 22:44:10 App\Jobs\Notifications\SendPushNotification  11.25ms DONE
  2026-01-07 22:44:10 App\Jobs\SendRequestToNextDriversJob ....... 3.89ms DONE
  2026-01-07 22:44:10 App\Jobs\Notifications\SendPushNotification .... RUNNING
  2026-01-07 22:44:10 App\Jobs\Notifications\SendPushNotification .... RUNNING
  2026-01-07 22:44:11 App\Jobs\Notifications\AndroidPushNotification . RUNNING
  2026-01-07 22:44:11 App\Jobs\Notifications\SendPushNotification  8.19ms DONE
  2026-01-07 22:44:11 App\Jobs\Notifications\SendPushNotification  8.48ms DONE
  2026-01-07 22:44:11 App\Jobs\Notifications\AndroidPushNotification . RUNNING
  2026-01-07 22:44:11 App\Jobs\Notifications\AndroidPushNotification . RUNNING
  2026-01-07 22:44:11 App\Jobs\Mails\SendDriverInvoiceMailNotification  437.26ms DONE
  2026-01-07 22:44:11 App\Jobs\Mails\SendUserRegistationMailNotification  381.01ms DONE
  2026-01-07 22:44:11 App\Jobs\Notifications\AndroidPushNotification . RUNNING
  2026-01-07 22:44:11 App\Jobs\Notifications\AndroidPushNotification . RUNNING
  2026-01-07 22:44:11 App\Jobs\Notifications\AndroidPushNotification  91.96ms DONE
  2026-01-07 22:44:11 App\Jobs\Notifications\AndroidPushNotification  82.55ms DONE
  2026-01-07 22:44:11 App\Jobs\Notifications\AndroidPushNotification . RUNNING
  2026-01-07 22:44:11 App\Jobs\Notifications\AndroidPushNotification . RUNNING
  2026-01-07 22:44:11 App\Jobs\Notifications\AndroidPushNotification  105.80ms DONE
  2026-01-07 22:44:11 App\Jobs\Notifications\AndroidPushNotification . RUNNING
  2026-01-07 22:44:11 App\Jobs\Notifications\AndroidPushNotification  45.11ms DONE
  2026-01-07 22:44:11 App\Jobs\Notifications\AndroidPushNotification  46.93ms DONE
  2026-01-07 22:44:11 App\Jobs\Notifications\AndroidPushNotification  89.45ms DONE
  2026-01-07 22:44:11 App\Jobs\Notifications\AndroidPushNotification  91.86ms DONE
  2026-01-07 22:44:11 App\Jobs\Notifications\AndroidPushNotification . RUNNING
  2026-01-07 22:44:11 App\Jobs\Notifications\AndroidPushNotification .  2026-01-07 22:44:11 App\Jobs\Notifications\AndroidPushNotification . RUNNING
  2026-01-07 22:44:11 App\Jobs\Notifications\AndroidPushNotification . RUNNING
 RUNNING
  2026-01-07 22:44:11 App\Jobs\Mails\SendUserInvoiceMailNotification  562.01ms DONE
  2026-01-07 22:44:11 App\Jobs\Notifications\AndroidPushNotification . RUNNING
  2026-01-07 22:44:11 App\Jobs\Notifications\AndroidPushNotification  19.25ms DONE
  2026-01-07 22:44:11 App\Jobs\Notifications\AndroidPushNotification  46.10ms DONE
  2026-01-07 22:44:11 App\Jobs\Notifications\AndroidPushNotification . RUNNING
  2026-01-07 22:44:11 App\Jobs\Notifications\AndroidPushNotification . RUNNING
  2026-01-07 22:44:11 App\Jobs\Notifications\AndroidPushNotification  46.46ms DONE
  2026-01-07 22:44:11 App\Jobs\Notifications\AndroidPushNotification  45.16ms DONE
  2026-01-07 22:44:11 App\Jobs\Notifications\AndroidPushNotification . RUNNING
  2026-01-07 22:44:11 App\Jobs\Notifications\AndroidPushNotification . RUNNING
  2026-01-07 22:44:11 App\Jobs\Notifications\AndroidPushNotification  58.59ms DONE
  2026-01-07 22:44:11 App\Jobs\Notifications\AndroidPushNotification . RUNNING
  2026-01-07 22:44:11 App\Jobs\Notifications\AndroidPushNotification  16.74ms DONE
  2026-01-07 22:44:11 App\Jobs\Notifications\AndroidPushNotification  16.74ms DONE
  2026-01-07 22:44:11 App\Jobs\Notifications\AndroidPushNotification . RUNNING
  2026-01-07 22:44:11 App\Jobs\Notifications\AndroidPushNotification . RUNNING
  2026-01-07 22:44:11 App\Jobs\Notifications\AndroidPushNotification  51.52ms DONE
  2026-01-07 22:44:11 App\Jobs\Notifications\AndroidPushNotification  2026-01-07 22:44:11 App\Jobs\Notifications\AndroidPushNotification  51.72ms  DONE
 66.11ms DONE
  2026-01-07 22:44:11 App\Jobs\Notifications\AndroidPushNotification . RUNNING
  2026-01-07 22:44:11 App\Jobs\Notifications\AndroidPushNotification . RUNNING
  2026-01-07 22:44:11 App\Jobs\Notifications\AndroidPushNotification . RUNNING
  2026-01-07 22:44:11 App\Jobs\Notifications\AndroidPushNotification  36.53ms DONE
  2026-01-07 22:44:11 App\Jobs\Notifications\AndroidPushNotification . RUNNING
  2026-01-07 22:44:11 App\Jobs\Notifications\AndroidPushNotification  52.52ms DONE
  2026-01-07 22:44:11 App\Jobs\Notifications\AndroidPushNotification   2026-01-07 22:44:11 App\Jobs\Notifications\AndroidPushNotification  44.71ms DONE
 43.86ms DONE
  2026-01-07 22:44:11 App\Jobs\Notifications\AndroidPushNotification  62.88ms DONE
  2026-01-07 22:44:11 App\Jobs\Notifications\AndroidPushNotification  47.30ms DONE
  2026-01-07 22:44:11 App\Jobs\Notifications\AndroidPushNotification . RUNNING
  2026-01-07 22:44:11 App\Jobs\Notifications\AndroidPushNotification . RUNNING
  2026-01-07 22:44:11 App\Jobs\Notifications\AndroidPushNotification . RUNNING
  2026-01-07 22:44:11 App\Jobs\Notifications\AndroidPushNotification . RUNNING
  2026-01-07 22:44:11 App\Jobs\Notifications\AndroidPushNotification . RUNNING
  2026-01-07 22:44:11 App\Jobs\Notifications\AndroidPushNotification  18.23ms DONE
  2026-01-07 22:44:11 App\Jobs\Notifications\AndroidPushNotification . RUNNING
  2026-01-07 22:44:11 App\Jobs\Notifications\AndroidPushNotification  45.49ms DONE
  2026-01-07 22:44:11 App\Jobs\Notifications\AndroidPushNotification  62.27ms DONE
  2026-01-07 22:44:11 App\Jobs\Notifications\AndroidPushNotification  42.96ms DONE
  2026-01-07 22:44:11 App\Jobs\Notifications\AndroidPushNotification  45.38ms DONE
  2026-01-07 22:44:11 App\Jobs\Notifications\AndroidPushNotification . RUNNING
  2026-01-07 22:44:11 App\Jobs\Notifications\AndroidPushNotification  2026-01-07 22:44:11 App\Jobs\Notifications\AndroidPushNotification . . RUNNING
 RUNNING
  2026-01-07 22:44:11 App\Jobs\Notifications\AndroidPushNotification . RUNNING
  2026-01-07 22:44:11 App\Jobs\Notifications\AndroidPushNotification  54.24ms DONE
  2026-01-07 22:44:11 App\Jobs\Notifications\AndroidPushNotification . RUNNING
  2026-01-07 22:44:11 App\Jobs\Mails\SendDriverInvoiceMailNotification  469.04ms DONE
  2026-01-07 22:44:11 App\Jobs\Notifications\AndroidPushNotification  16.69ms DONE
  2026-01-07 22:44:11 App\Jobs\Notifications\AndroidPushNotification . RUNNING
  2026-01-07 22:44:11 App\Jobs\Notifications\AndroidPushNotification . RUNNING
  2026-01-07 22:44:11 App\Jobs\Notifications\AndroidPushNotification  59.27ms DONE
  2026-01-07 22:44:11 App\Jobs\Notifications\AndroidPushNotification . RUNNING
  2026-01-07 22:44:11 App\Jobs\Notifications\AndroidPushNotification  41.80ms DONE
  2026-01-07 22:44:11 App\Jobs\Notifications\AndroidPushNotification  40.81ms DONE
  2026-01-07 22:44:11 App\Jobs\Notifications\AndroidPushNotification . RUNNING
  2026-01-07 22:44:11 App\Jobs\Notifications\AndroidPushNotification . RUNNING
  2026-01-07 22:44:11 App\Jobs\Notifications\AndroidPushNotification  56.42ms DONE
  2026-01-07 22:44:11 App\Jobs\Notifications\AndroidPushNotification . RUNNING
  2026-01-07 22:44:11 App\Jobs\Notifications\AndroidPushNotification  18.30ms DONE
  2026-01-07 22:44:11 App\Jobs\Notifications\AndroidPushNotification  48.59ms DONE
  2026-01-07 22:44:11 App\Jobs\Notifications\AndroidPushNotification . RUNNING
  2026-01-07 22:44:11 App\Jobs\Notifications\AndroidPushNotification . RUNNING
  2026-01-07 22:44:11 App\Jobs\Notifications\AndroidPushNotification  59.26ms DONE
  2026-01-07 22:44:11 App\Jobs\Notifications\AndroidPushNotification . RUNNING
  2026-01-07 22:44:11 App\Jobs\Notifications\AndroidPushNotification  63.71ms DONE
  2026-01-07 22:44:11 App\Jobs\Notifications\AndroidPushNotification . RUNNING
  2026-01-07 22:44:11 App\Jobs\Notifications\AndroidPushNotification  46.14ms DONE
  2026-01-07 22:44:11 App\Jobs\Notifications\AndroidPushNotification  57.76ms DONE
  2026-01-07 22:44:11 App\Jobs\Notifications\AndroidPushNotification . RUNNING
  2026-01-07 22:44:11 App\Jobs\Notifications\AndroidPushNotification . RUNNING
  2026-01-07 22:44:11 App\Jobs\Notifications\AndroidPushNotification  16.70ms DONE
  2026-01-07 22:44:11 App\Jobs\Notifications\AndroidPushNotification  58.76ms DONE
  2026-01-07 22:44:11 App\Jobs\Notifications\AndroidPushNotification  47.85ms DONE
  2026-01-07 22:44:11 App\Jobs\Notifications\AndroidPushNotification . RUNNING
  2026-01-07 22:44:11 App\Jobs\Notifications\AndroidPushNotification . RUNNING
  2026-01-07 22:44:11 App\Jobs\Notifications\AndroidPushNotification . RUNNING
  2026-01-07 22:44:11 App\Jobs\Notifications\AndroidPushNotification  65.25ms DONE
  2026-01-07 22:44:11 App\Jobs\Notifications\AndroidPushNotification  65.06ms DONE
  2026-01-07 22:44:11 App\Jobs\Notifications\AndroidPushNotification . RUNNING
  2026-01-07 22:44:11 App\Jobs\Notifications\AndroidPushNotification . RUNNING
  2026-01-07 22:44:11 App\Jobs\Notifications\AndroidPushNotification  56.17ms DONE
  2026-01-07 22:44:11 App\Jobs\Notifications\AndroidPushNotification  47.15ms DONE
  2026-01-07 22:44:11 App\Jobs\Notifications\AndroidPushNotification . RUNNING
  2026-01-07 22:44:11 App\Jobs\Notifications\AndroidPushNotification . RUNNING
  2026-01-07 22:44:11 App\Jobs\Notifications\AndroidPushNotification  15.39ms DONE
  2026-01-07 22:44:11 App\Jobs\Notifications\AndroidPushNotification . RUNNING
  2026-01-07 22:44:11 App\Jobs\Notifications\AndroidPushNotification  44.84ms DONE
  2026-01-07 22:44:11 App\Jobs\Notifications\AndroidPushNotification  44.60ms DONE
  2026-01-07 22:44:11 App\Jobs\Notifications\AndroidPushNotification . RUNNING
  2026-01-07 22:44:11 App\Jobs\Notifications\AndroidPushNotification . RUNNING
  2026-01-07 22:44:11 App\Jobs\Mails\SendUserInvoiceMailNotification  663.83ms DONE
  2026-01-07 22:44:11 App\Jobs\Notifications\AndroidPushNotification . RUNNING
  2026-01-07 22:44:11 App\Jobs\Notifications\AndroidPushNotification  72.35ms DONE
  2026-01-07 22:44:11 App\Jobs\Notifications\AndroidPushNotification  58.42ms DONE
  2026-01-07 22:44:11 App\Jobs\Notifications\AndroidPushNotification  58.87ms DONE
  2026-01-07 22:44:11 App\Jobs\Notifications\AndroidPushNotification . RUNNING
  2026-01-07 22:44:11 App\Jobs\Notifications\AndroidPushNotification . RUNNING
  2026-01-07 22:44:11 App\Jobs\Notifications\AndroidPushNotification . RUNNING
  2026-01-07 22:44:11 App\Jobs\Notifications\AndroidPushNotification  61.99ms DONE
  2026-01-07 22:44:11 App\Jobs\Notifications\AndroidPushNotification  15.77ms DONE
  2026-01-07 22:44:11 App\Jobs\Notifications\AndroidPushNotification . RUNNING
  2026-01-07 22:44:11 App\Jobs\Notifications\AndroidPushNotification . RUNNING
  2026-01-07 22:44:11 App\Jobs\Notifications\AndroidPushNotification  45.18ms DONE
  2026-01-07 22:44:11 App\Jobs\Notifications\AndroidPushNotification  2026-01-07 22:44:11 App\Jobs\Notifications\AndroidPushNotification  48.16ms DONE
  54.30ms DONE
  2026-01-07 22:44:11 App\Jobs\Notifications\AndroidPushNotification . RUNNING
  2026-01-07 22:44:11 App\Jobs\Notifications\AndroidPushNotification . RUNNING
  2026-01-07 22:44:11 App\Jobs\Notifications\AndroidPushNotification . RUNNING
  2026-01-07 22:44:11 App\Jobs\Notifications\AndroidPushNotification  15.09ms DONE
  2026-01-07 22:44:11 App\Jobs\Notifications\AndroidPushNotification . RUNNING
  2026-01-07 22:44:11 App\Jobs\Notifications\AndroidPushNotification  16.67ms DONE
  2026-01-07 22:44:11 App\Jobs\Notifications\AndroidPushNotification  53.89ms DONE
  2026-01-07 22:44:11 App\Jobs\Notifications\AndroidPushNotification . RUNNING
  2026-01-07 22:44:11 App\Jobs\Notifications\AndroidPushNotification . RUNNING
  2026-01-07 22:44:11 App\Jobs\Notifications\AndroidPushNotification  45.71ms DONE
  2026-01-07 22:44:11 App\Jobs\Notifications\AndroidPushNotification  47.69ms DONE
  2026-01-07 22:44:11 App\Jobs\Notifications\AndroidPushNotification . RUNNING
  2026-01-07 22:44:11 App\Jobs\Notifications\AndroidPushNotification . RUNNING
  2026-01-07 22:44:11 App\Jobs\Notifications\AndroidPushNotification  16.21ms DONE
  2026-01-07 22:44:11 App\Jobs\Notifications\AndroidPushNotification . RUNNING
  2026-01-07 22:44:11 App\Jobs\Notifications\AndroidPushNotification  56.48ms DONE
  2026-01-07 22:44:11 App\Jobs\Notifications\AndroidPushNotification  46.29ms DONE
  2026-01-07 22:44:11 App\Jobs\Notifications\AndroidPushNotification  49.96ms DONE
  2026-01-07 22:44:11 App\Jobs\Notifications\AndroidPushNotification . RUNNING
  2026-01-07 22:44:11 App\Jobs\Notifications\AndroidPushNotification  2026-01-07 22:44:11 App\Jobs\Notifications\AndroidPushNotification . RUNNING
 . RUNNING
  2026-01-07 22:44:11 App\Jobs\Notifications\AndroidPushNotification  35.90ms DONE
  2026-01-07 22:44:11 App\Jobs\Notifications\AndroidPushNotification  55.22ms DONE
  2026-01-07 22:44:11 App\Jobs\Notifications\AndroidPushNotification . RUNNING
  2026-01-07 22:44:11 App\Jobs\Notifications\AndroidPushNotification . RUNNING
  2026-01-07 22:44:11 App\Jobs\Notifications\AndroidPushNotification  52.92ms DONE
  2026-01-07 22:44:11 App\Jobs\Notifications\AndroidPushNotification  22.42ms DONE
  2026-01-07 22:44:11 App\Jobs\Notifications\AndroidPushNotification  49.20ms DONE
  2026-01-07 22:44:11 App\Jobs\Notifications\AndroidPushNotification . RUNNING
  2026-01-07 22:44:11 App\Jobs\Notifications\AndroidPushNotification . RUNNING
  2026-01-07 22:44:11 App\Jobs\Notifications\AndroidPushNotification . RUNNING
  2026-01-07 22:44:11 App\Jobs\Notifications\AndroidPushNotification  38.23ms DONE
  2026-01-07 22:44:11 App\Jobs\Notifications\AndroidPushNotification . RUNNING
  2026-01-07 22:44:11 App\Jobs\Notifications\AndroidPushNotification  17.09ms DONE
  2026-01-07 22:44:11 App\Jobs\Notifications\AndroidPushNotification . RUNNING
  2026-01-07 22:44:11 App\Jobs\Notifications\AndroidPushNotification  60.15ms DONE
  2026-01-07 22:44:11 App\Jobs\Notifications\AndroidPushNotification  48.99ms DONE
  2026-01-07 22:44:11 App\Jobs\Notifications\AndroidPushNotification . RUNNING
  2026-01-07 22:44:11 App\Jobs\Notifications\AndroidPushNotification . RUNNING
  2026-01-07 22:44:11 App\Jobs\Notifications\AndroidPushNotification  15.58ms DONE
  2026-01-07 22:44:11 App\Jobs\Notifications\AndroidPushNotification . RUNNING
  2026-01-07 22:44:11 App\Jobs\Notifications\AndroidPushNotification  55.44ms DONE
  2026-01-07 22:44:11 App\Jobs\Notifications\AndroidPushNotification  56.75ms DONE
  2026-01-07 22:44:11 App\Jobs\Notifications\AndroidPushNotification  48.62ms DONE
  2026-01-07 22:44:11 App\Jobs\Notifications\AndroidPushNotification . RUNNING
  2026-01-07 22:44:11 App\Jobs\Notifications\AndroidPushNotification . RUNNING
  2026-01-07 22:44:11 App\Jobs\Notifications\AndroidPushNotification . RUNNING
  2026-01-07 22:44:11 App\Jobs\Notifications\AndroidPushNotification  46.79ms DONE
  2026-01-07 22:44:11 App\Jobs\Notifications\AndroidPushNotification  59.43ms DONE
  2026-01-07 22:44:11 App\Jobs\Notifications\AndroidPushNotification . RUNNING
  2026-01-07 22:44:11 App\Jobs\Notifications\AndroidPushNotification . RUNNING
  2026-01-07 22:44:11 App\Jobs\Notifications\AndroidPushNotification  15.51ms DONE
  2026-01-07 22:44:11 App\Jobs\Notifications\AndroidPushNotification  50.37ms DONE
  2026-01-07 22:44:11 App\Jobs\Notifications\AndroidPushNotification  46.09ms DONE
  2026-01-07 22:44:11 App\Jobs\Notifications\AndroidPushNotification . RUNNING
  2026-01-07 22:44:11 App\Jobs\Notifications\AndroidPushNotification . RUNNING
  2026-01-07 22:44:11 App\Jobs\Notifications\AndroidPushNotification . RUNNING
  2026-01-07 22:44:11 App\Jobs\Notifications\AndroidPushNotification  15.71ms DONE
  2026-01-07 22:44:11 App\Jobs\Notifications\AndroidPushNotification  18.22ms DONE
  2026-01-07 22:44:11 App\Jobs\Notifications\AndroidPushNotification . RUNNING
  2026-01-07 22:44:11 App\Jobs\Notifications\AndroidPushNotification . RUNNING
  2026-01-07 22:44:11 App\Jobs\Notifications\AndroidPushNotification  43.77ms DONE
  2026-01-07 22:44:11 App\Jobs\Notifications\AndroidPushNotification  15.91ms DONE
  2026-01-07 22:44:11 App\Jobs\Notifications\AndroidPushNotification . RUNNING
  2026-01-07 22:44:11 App\Jobs\Notifications\AndroidPushNotification . RUNNING
  2026-01-07 22:44:11 App\Jobs\Notifications\AndroidPushNotification  16.81ms DONE
  2026-01-07 22:44:11 App\Jobs\Notifications\AndroidPushNotification . RUNNING
  2026-01-07 22:44:11 App\Jobs\Notifications\AndroidPushNotification  15.06ms DONE
  2026-01-07 22:44:11 App\Jobs\Notifications\AndroidPushNotification  60.27ms DONE
  2026-01-07 22:44:11 App\Jobs\Notifications\AndroidPushNotification . RUNNING
  2026-01-07 22:44:11 App\Jobs\Notifications\AndroidPushNotification . RUNNING
  2026-01-07 22:44:11 App\Jobs\Notifications\AndroidPushNotification  48.00ms DONE
  2026-01-07 22:44:11 App\Jobs\Notifications\AndroidPushNotification  19.47ms DONE
  2026-01-07 22:44:11 App\Jobs\Notifications\AndroidPushNotification . RUNNING
  2026-01-07 22:44:11 App\Jobs\Notifications\AndroidPushNotification . RUNNING
  2026-01-07 22:44:11 App\Jobs\Notifications\AndroidPushNotification  41.47ms DONE
  2026-01-07 22:44:11 App\Jobs\Notifications\AndroidPushNotification  60.57ms DONE
  2026-01-07 22:44:11 App\Jobs\Notifications\AndroidPushNotification . RUNNING
  2026-01-07 22:44:11 App\Jobs\Notifications\AndroidPushNotification . RUNNING
  2026-01-07 22:44:11 App\Jobs\Notifications\AndroidPushNotification  61.99ms DONE
  2026-01-07 22:44:11 App\Jobs\Notifications\AndroidPushNotification  35.06ms DONE
  2026-01-07 22:44:11 App\Jobs\Notifications\AndroidPushNotification . RUNNING
  2026-01-07 22:44:11 App\Jobs\Notifications\AndroidPushNotification . RUNNING
  2026-01-07 22:44:11 App\Jobs\Notifications\AndroidPushNotification  46.53ms DONE
  2026-01-07 22:44:11 App\Jobs\Notifications\AndroidPushNotification  37.57ms DONE
  2026-01-07 22:44:11 App\Jobs\Notifications\AndroidPushNotification . RUNNING
  2026-01-07 22:44:11 App\Jobs\Notifications\AndroidPushNotification . RUNNING
  2026-01-07 22:44:11 App\Jobs\Notifications\AndroidPushNotification  44.55ms DONE
  2026-01-07 22:44:11 App\Jobs\Notifications\AndroidPushNotification . RUNNING
  2026-01-07 22:44:11 App\Jobs\Notifications\AndroidPushNotification  2026-01-07 22:44:11 App\Jobs\Notifications\AndroidPushNotification  48.48ms DONE
  56.95ms DONE
  2026-01-07 22:44:11 App\Jobs\Notifications\AndroidPushNotification  59.25ms DONE
  2026-01-07 22:44:11 App\Jobs\Notifications\AndroidPushNotification . RUNNING
  2026-01-07 22:44:11 App\Jobs\Notifications\AndroidPushNotification . RUNNING
  2026-01-07 22:44:11 App\Jobs\Notifications\AndroidPushNotification . RUNNING
  2026-01-07 22:44:11 App\Jobs\Notifications\AndroidPushNotification  48.34ms DONE
  2026-01-07 22:44:11 App\Jobs\Notifications\AndroidPushNotification . RUNNING
  2026-01-07 22:44:11 App\Jobs\Notifications\AndroidPushNotification  56.89ms DONE
  2026-01-07 22:44:11 App\Jobs\Notifications\AndroidPushNotification . RUNNING
  2026-01-07 22:44:11 App\Jobs\Notifications\AndroidPushNotification  46.29ms DONE
  2026-01-07 22:44:11 App\Jobs\Notifications\AndroidPushNotification  48.66ms DONE
  2026-01-07 22:44:11 App\Jobs\Notifications\AndroidPushNotification  46.16ms DONE
  2026-01-07 22:44:11 App\Jobs\Notifications\AndroidPushNotification . RUNNING
  2026-01-07 22:44:11 App\Jobs\Notifications\AndroidPushNotification  2026-01-07 22:44:11 App\Jobs\Notifications\AndroidPushNotification . RUNNING
 . RUNNING
  2026-01-07 22:44:11 App\Jobs\Notifications\AndroidPushNotification  37.34ms DONE
  2026-01-07 22:44:11 App\Jobs\Notifications\AndroidPushNotification . RUNNING
  2026-01-07 22:44:11 App\Jobs\Notifications\AndroidPushNotification  55.97ms DONE
  2026-01-07 22:44:11 App\Jobs\Notifications\AndroidPushNotification  18.22ms DONE
  2026-01-07 22:44:11 App\Jobs\Notifications\AndroidPushNotification  17.96ms DONE
  2026-01-07 22:44:11 App\Jobs\Notifications\AndroidPushNotification . RUNNING
  2026-01-07 22:44:11 App\Jobs\Notifications\AndroidPushNotification . RUNNING
  2026-01-07 22:44:11 App\Jobs\Notifications\AndroidPushNotification . RUNNING
  2026-01-07 22:44:11 App\Jobs\Notifications\AndroidPushNotification  30.29ms DONE
  2026-01-07 22:44:11 App\Jobs\Notifications\AndroidPushNotification . RUNNING
  2026-01-07 22:44:11 App\Jobs\Notifications\AndroidPushNotification  55.40ms DONE
  2026-01-07 22:44:11 App\Jobs\Notifications\AndroidPushNotification  14.89ms DONE
  2026-01-07 22:44:11 App\Jobs\Notifications\AndroidPushNotification . RUNNING
  2026-01-07 22:44:11 App\Jobs\Notifications\AndroidPushNotification . RUNNING
  2026-01-07 22:44:11 App\Jobs\Notifications\AndroidPushNotification  47.82ms DONE
  2026-01-07 22:44:11 App\Jobs\Notifications\AndroidPushNotification . RUNNING
  2026-01-07 22:44:11 App\Jobs\Notifications\AndroidPushNotification  2026-01-07 22:44:11 App\Jobs\Notifications\AndroidPushNotification  17.61ms  58.05ms DONE
 DONE
  2026-01-07 22:44:11 App\Jobs\Notifications\AndroidPushNotification . RUNNING
  2026-01-07 22:44:11 App\Jobs\Notifications\AndroidPushNotification . RUNNING
  2026-01-07 22:44:11 App\Jobs\Notifications\AndroidPushNotification  59.75ms DONE
  2026-01-07 22:44:11 App\Jobs\Notifications\AndroidPushNotification . RUNNING
  2026-01-07 22:44:11 App\Jobs\Notifications\AndroidPushNotification  15.79ms DONE
  2026-01-07 22:44:11 App\Jobs\Notifications\AndroidPushNotification  17.05ms DONE
  2026-01-07 22:44:11 App\Jobs\Notifications\AndroidPushNotification . RUNNING
  2026-01-07 22:44:11 App\Jobs\Notifications\AndroidPushNotification . RUNNING
  2026-01-07 22:44:12 App\Jobs\Notifications\AndroidPushNotification  12.56ms DONE
  2026-01-07 22:44:12 App\Jobs\Notifications\AndroidPushNotification . RUNNING
  2026-01-07 22:44:12 App\Jobs\Notifications\AndroidPushNotification  43.95ms DONE
  2026-01-07 22:44:12 App\Jobs\Notifications\AndroidPushNotification . RUNNING
  2026-01-07 22:44:12 App\Jobs\Notifications\AndroidPushNotification  23.28ms DONE
  2026-01-07 22:44:12 App\Jobs\Notifications\AndroidPushNotification . RUNNING
  2026-01-07 22:44:12 App\Jobs\Notifications\AndroidPushNotification  261.91ms DONE
  2026-01-07 22:44:12 App\Jobs\Notifications\AndroidPushNotification  18.24ms DONE
  2026-01-07 22:44:12 App\Jobs\Notifications\AndroidPushNotification . RUNNING
  2026-01-07 22:44:12 App\Jobs\Notifications\AndroidPushNotification . RUNNING
  2026-01-07 22:44:12 App\Jobs\Notifications\AndroidPushNotification  57.91ms DONE
  2026-01-07 22:44:12 App\Jobs\Notifications\AndroidPushNotification . RUNNING
  2026-01-07 22:44:12 App\Jobs\Notifications\AndroidPushNotification  27.59ms DONE
  2026-01-07 22:44:12 App\Jobs\Notifications\AndroidPushNotification  43.19ms DONE
  2026-01-07 22:44:12 App\Jobs\Notifications\AndroidPushNotification . RUNNING
  2026-01-07 22:44:12 App\Jobs\Notifications\AndroidPushNotification . RUNNING
  2026-01-07 22:44:12 App\Jobs\Notifications\AndroidPushNotification  402.02ms DONE
  2026-01-07 22:44:12 App\Jobs\Notifications\AndroidPushNotification . RUNNING
  2026-01-07 22:44:12 App\Jobs\Notifications\AndroidPushNotification  13.52ms DONE
  2026-01-07 22:44:12 App\Jobs\Notifications\AndroidPushNotification . RUNNING
  2026-01-07 22:44:12 App\Jobs\Notifications\AndroidPushNotification  52.22ms DONE
  2026-01-07 22:44:12 App\Jobs\Notifications\AndroidPushNotification . RUNNING
  2026-01-07 22:44:12 App\Jobs\Notifications\AndroidPushNotification  53.19ms DONE
  2026-01-07 22:44:12 App\Jobs\Notifications\AndroidPushNotification . RUNNING
  2026-01-07 22:44:12 App\Jobs\Notifications\AndroidPushNotification  16.09ms DONE
  2026-01-07 22:44:12 App\Jobs\Notifications\AndroidPushNotification  315.18ms DONE
  2026-01-07 22:44:12 App\Jobs\Notifications\AndroidPushNotification . RUNNING
  2026-01-07 22:44:12 App\Jobs\Notifications\AndroidPushNotification . RUNNING
  2026-01-07 22:44:12 App\Jobs\Notifications\AndroidPushNotification  50.84ms DONE
  2026-01-07 22:44:12 App\Jobs\Notifications\AndroidPushNotification  39.21ms DONE
  2026-01-07 22:44:12 App\Jobs\Notifications\AndroidPushNotification . RUNNING
  2026-01-07 22:44:12 App\Jobs\Notifications\AndroidPushNotification . RUNNING
  2026-01-07 22:44:12 App\Jobs\Notifications\AndroidPushNotification  15.28ms DONE
  2026-01-07 22:44:12 App\Jobs\Notifications\AndroidPushNotification . RUNNING
  2026-01-07 22:44:12 App\Jobs\Notifications\AndroidPushNotification  53.62ms DONE
  2026-01-07 22:44:12 App\Jobs\Notifications\AndroidPushNotification . RUNNING
  2026-01-07 22:44:12 App\Jobs\Notifications\AndroidPushNotification  50.46ms DONE
  2026-01-07 22:44:12 App\Jobs\Notifications\AndroidPushNotification . RUNNING
  2026-01-07 22:44:12 App\Jobs\Notifications\AndroidPushNotification  16.48ms DONE
  2026-01-07 22:44:12 App\Jobs\Notifications\AndroidPushNotification . RUNNING
  2026-01-07 22:44:12 App\Jobs\Notifications\AndroidPushNotification  47.21ms DONE
  2026-01-07 22:44:12 App\Jobs\Notifications\AndroidPushNotification  53.80ms DONE
  2026-01-07 22:44:12 App\Jobs\Notifications\AndroidPushNotification  50.89ms DONE
  2026-01-07 22:44:12 App\Jobs\Notifications\AndroidPushNotification . RUNNING
  2026-01-07 22:44:12 App\Jobs\Notifications\AndroidPushNotification . RUNNING
  2026-01-07 22:44:12 App\Jobs\Notifications\AndroidPushNotification . RUNNING
  2026-01-07 22:44:12 App\Jobs\Notifications\AndroidPushNotification  38.49ms DONE
  2026-01-07 22:44:12 App\Jobs\Notifications\AndroidPushNotification  21.48ms DONE
  2026-01-07 22:44:12 App\Jobs\Notifications\AndroidPushNotification . RUNNING
  2026-01-07 22:44:12 App\Jobs\Notifications\AndroidPushNotification . RUNNING
  2026-01-07 22:44:12 App\Jobs\Notifications\AndroidPushNotification  74.94ms DONE
  2026-01-07 22:44:12 App\Jobs\Notifications\AndroidPushNotification  41.78ms DONE
  2026-01-07 22:44:12 App\Jobs\Notifications\AndroidPushNotification  268.43ms DONE
  2026-01-07 22:44:12 App\Jobs\Notifications\AndroidPushNotification . RUNNING
  2026-01-07 22:44:12 App\Jobs\Notifications\AndroidPushNotification . RUNNING
  2026-01-07 22:44:12 App\Jobs\Notifications\AndroidPushNotification . RUNNING
  2026-01-07 22:44:12 App\Jobs\Notifications\AndroidPushNotification  16.61ms DONE
  2026-01-07 22:44:12 App\Jobs\Notifications\AndroidPushNotification . RUNNING
  2026-01-07 22:44:12 App\Jobs\Notifications\AndroidPushNotification  48.92ms DONE
  2026-01-07 22:44:12 App\Jobs\Notifications\AndroidPushNotification . RUNNING
  2026-01-07 22:44:12 App\Jobs\Notifications\AndroidPushNotification  17.00ms DONE
  2026-01-07 22:44:12 App\Jobs\Notifications\AndroidPushNotification . RUNNING
  2026-01-07 22:44:12 App\Jobs\Notifications\AndroidPushNotification  28.11ms DONE
  2026-01-07 22:44:12 App\Jobs\Notifications\AndroidPushNotification  37.01ms DONE
  2026-01-07 22:44:12 App\Jobs\Notifications\AndroidPushNotification  66.28ms DONE
  2026-01-07 22:44:12 App\Jobs\Notifications\AndroidPushNotification . RUNNING
  2026-01-07 22:44:12 App\Jobs\Notifications\AndroidPushNotification . RUNNING
  2026-01-07 22:44:12 App\Jobs\Notifications\AndroidPushNotification . RUNNING
  2026-01-07 22:44:12 App\Jobs\Notifications\AndroidPushNotification  55.95ms DONE
  2026-01-07 22:44:12 App\Jobs\Notifications\AndroidPushNotification  38.65ms DONE
  2026-01-07 22:44:12 App\Jobs\Notifications\AndroidPushNotification . RUNNING
  2026-01-07 22:44:12 App\Jobs\Notifications\AndroidPushNotification . RUNNING
  2026-01-07 22:44:12 App\Jobs\Notifications\AndroidPushNotification  15.27ms DONE
  2026-01-07 22:44:12 App\Jobs\Notifications\AndroidPushNotification . RUNNING
  2026-01-07 22:44:12 App\Jobs\Notifications\AndroidPushNotification  50.97ms DONE
  2026-01-07 22:44:12 App\Jobs\Notifications\AndroidPushNotification  49.87ms DONE
  2026-01-07 22:44:12 App\Jobs\Notifications\AndroidPushNotification . RUNNING
  2026-01-07 22:44:12 App\Jobs\Notifications\AndroidPushNotification . RUNNING
  2026-01-07 22:44:12 App\Jobs\Notifications\AndroidPushNotification  16.74ms DONE
  2026-01-07 22:44:12 App\Jobs\Notifications\AndroidPushNotification . RUNNING
  2026-01-07 22:44:12 App\Jobs\Notifications\AndroidPushNotification  363.61ms DONE
  2026-01-07 22:44:12 App\Jobs\Notifications\AndroidPushNotification  15.19ms DONE
  2026-01-07 22:44:12 App\Jobs\Notifications\AndroidPushNotification . RUNNING
  2026-01-07 22:44:12 App\Jobs\Notifications\AndroidPushNotification . RUNNING
  2026-01-07 22:44:12 App\Jobs\Notifications\AndroidPushNotification  73.07ms DONE
  2026-01-07 22:44:12 App\Jobs\Notifications\AndroidPushNotification . RUNNING
  2026-01-07 22:44:12 App\Jobs\Notifications\AndroidPushNotification  13.38ms DONE
  2026-01-07 22:44:12 App\Jobs\Notifications\AndroidPushNotification . RUNNING
  2026-01-07 22:44:12 App\Jobs\Notifications\AndroidPushNotification  24.46ms DONE
  2026-01-07 22:44:12 App\Jobs\Notifications\AndroidPushNotification  45.65ms DONE
  2026-01-07 22:44:12 App\Jobs\Notifications\AndroidPushNotification . RUNNING
  2026-01-07 22:44:12 App\Jobs\Notifications\AndroidPushNotification . RUNNING
  2026-01-07 22:44:12 App\Jobs\Notifications\AndroidPushNotification  14.04ms DONE
  2026-01-07 22:44:12 App\Jobs\Notifications\AndroidPushNotification  56.71ms DONE
  2026-01-07 22:44:12 App\Jobs\Notifications\AndroidPushNotification . RUNNING
  2026-01-07 22:44:12 App\Jobs\Notifications\AndroidPushNotification  38.93ms DONE
  2026-01-07 22:44:12 App\Jobs\Notifications\AndroidPushNotification  51.21ms DONE
  2026-01-07 22:44:12 App\Jobs\Notifications\AndroidPushNotification . RUNNING
  2026-01-07 22:44:12 App\Jobs\Notifications\AndroidPushNotification . RUNNING
  2026-01-07 22:44:12 App\Jobs\Notifications\AndroidPushNotification . RUNNING
  2026-01-07 22:44:12 App\Jobs\Notifications\AndroidPushNotification  46.42ms DONE
  2026-01-07 22:44:12 App\Jobs\Notifications\AndroidPushNotification . RUNNING
  2026-01-07 22:44:12 App\Jobs\Notifications\AndroidPushNotification  37.19ms DONE
  2026-01-07 22:44:12 App\Jobs\Notifications\AndroidPushNotification . RUNNING
  2026-01-07 22:44:12 App\Jobs\Notifications\AndroidPushNotification  55.71ms DONE
  2026-01-07 22:44:12 App\Jobs\Notifications\AndroidPushNotification  2026-01-07 22:44:12 App\Jobs\Notifications\AndroidPushNotification   47.34ms DONE
 51.32ms DONE
  2026-01-07 22:44:12 App\Jobs\Notifications\AndroidPushNotification . RUNNING
  2026-01-07 22:44:12 App\Jobs\Notifications\AndroidPushNotification . RUNNING
  2026-01-07 22:44:12 App\Jobs\Notifications\AndroidPushNotification . RUNNING
  2026-01-07 22:44:12 App\Jobs\Notifications\AndroidPushNotification  36.28ms DONE
  2026-01-07 22:44:12 App\Jobs\Notifications\AndroidPushNotification . RUNNING
  2026-01-07 22:44:12 App\Jobs\Notifications\AndroidPushNotification  14.17ms DONE
  2026-01-07 22:44:12 App\Jobs\Notifications\AndroidPushNotification  14.04ms DONE
  2026-01-07 22:44:12 App\Jobs\Notifications\AndroidPushNotification  221.97ms DONE
  2026-01-07 22:44:12 App\Jobs\Notifications\AndroidPushNotification  188.79ms DONE
  2026-01-07 22:44:12 App\Jobs\Notifications\AndroidPushNotification  37.02ms DONE
  2026-01-07 22:44:12 App\Jobs\Notifications\AndroidPushNotification  46.89ms DONE
  2026-01-07 22:44:12 App\Jobs\Notifications\AndroidPushNotification  253.09ms DONE
  2026-01-07 22:44:12 App\Jobs\Notifications\AndroidPushNotification  52.09ms DONE
  2026-01-07 23:01:16 App\Jobs\Notifications\SendPushNotification .... RUNNING
  2026-01-07 23:01:16 App\Jobs\Notifications\SendPushNotification  8.21ms DONE
  2026-01-07 23:01:16 App\Jobs\Notifications\AndroidPushNotification . RUNNING
  2026-01-07 23:01:16 App\Jobs\Notifications\AndroidPushNotification  99.09ms DONE
  2026-01-07 23:01:43 App\Jobs\Notifications\SendPushNotification .... RUNNING
  2026-01-07 23:01:43 App\Jobs\Notifications\SendPushNotification  6.83ms DONE
  2026-01-07 23:01:43 App\Jobs\Notifications\AndroidPushNotification . RUNNING
  2026-01-07 23:01:43 App\Jobs\Notifications\AndroidPushNotification  46.34ms DONE
  2026-01-07 23:01:52 App\Jobs\Notifications\SendPushNotification .... RUNNING
  2026-01-07 23:01:52 App\Jobs\Notifications\SendPushNotification  8.96ms DONE
  2026-01-07 23:01:52 App\Jobs\Notifications\AndroidPushNotification . RUNNING
  2026-01-07 23:01:52 App\Jobs\Notifications\AndroidPushNotification  91.86ms DONE
  2026-01-07 23:05:52 App\Jobs\Notifications\SendPushNotification .... RUNNING
  2026-01-07 23:05:52 App\Jobs\Notifications\SendPushNotification  5.87ms DONE
  2026-01-07 23:05:52 App\Jobs\Notifications\AndroidPushNotification . RUNNING
  2026-01-07 23:05:52 App\Jobs\Notifications\AndroidPushNotification  37.94ms DONE
  2026-01-07 23:06:19 App\Jobs\Notifications\SendPushNotification .... RUNNING
  2026-01-07 23:06:19 App\Jobs\Notifications\SendPushNotification  7.63ms DONE
  2026-01-07 23:06:19 App\Jobs\Notifications\AndroidPushNotification . RUNNING
  2026-01-07 23:06:19 App\Jobs\Notifications\AndroidPushNotification  18.97ms DONE
  2026-01-07 23:08:04 App\Jobs\Notifications\SendPushNotification .... RUNNING
  2026-01-07 23:08:04 App\Jobs\Notifications\SendPushNotification  9.37ms DONE
  2026-01-07 23:08:04 App\Jobs\Notifications\AndroidPushNotification . RUNNING
  2026-01-07 23:08:04 App\Jobs\Notifications\AndroidPushNotification  92.83ms DONE
  2026-01-07 23:09:22 App\Jobs\Notifications\SendPushNotification .... RUNNING
  2026-01-07 23:09:23 App\Jobs\Notifications\SendPushNotification  9.43ms DONE
  2026-01-07 23:09:23 App\Jobs\Notifications\AndroidPushNotification . RUNNING
  2026-01-07 23:09:23 App\Jobs\Notifications\AndroidPushNotification  41.61ms DONE
  2026-01-07 23:09:25 App\Jobs\Notifications\SendPushNotification .... RUNNING
  2026-01-07 23:09:25 App\Jobs\Notifications\SendPushNotification .... RUNNING
  2026-01-07 23:09:25 App\Jobs\Notifications\SendPushNotification  10.08ms DONE
  2026-01-07 23:09:25 App\Jobs\Notifications\SendPushNotification  9.78ms DONE
  2026-01-07 23:09:25 App\Jobs\Notifications\AndroidPushNotification .  2026-01-07 23:09:25 App\Jobs\Notifications\AndroidPushNotification . RUNNING
 RUNNING
  2026-01-07 23:09:25 App\Jobs\Notifications\AndroidPushNotification  42.32ms DONE
  2026-01-07 23:09:25 App\Jobs\Notifications\AndroidPushNotification  43.57ms DONE
  2026-01-07 23:14:04 App\Jobs\Notifications\SendPushNotification .... RUNNING
  2026-01-07 23:14:04 App\Jobs\Notifications\SendPushNotification  10.28ms DONE
  2026-01-07 23:14:04 App\Jobs\Notifications\AndroidPushNotification . RUNNING
  2026-01-07 23:14:04 App\Jobs\Notifications\AndroidPushNotification  81.14ms DONE
  2026-01-07 23:15:04 App\Jobs\Notifications\SendPushNotification .... RUNNING
  2026-01-07 23:15:04 App\Jobs\Notifications\SendPushNotification  14.47ms DONE
  2026-01-07 23:15:04 App\Jobs\Notifications\AndroidPushNotification . RUNNING
  2026-01-07 23:15:04 App\Jobs\Notifications\AndroidPushNotification  94.80ms DONE
  2026-01-07 23:17:13 App\Jobs\Notifications\SendPushNotification .... RUNNING
  2026-01-07 23:17:13 App\Jobs\Notifications\SendPushNotification  8.90ms DONE
  2026-01-07 23:17:13 App\Jobs\Notifications\SendPushNotification .... RUNNING
  2026-01-07 23:17:13 App\Jobs\Notifications\AndroidPushNotification . RUNNING
  2026-01-07 23:17:13 App\Jobs\Notifications\SendPushNotification  14.13ms DONE
  2026-01-07 23:17:13 App\Jobs\Notifications\AndroidPushNotification . RUNNING
  2026-01-07 23:17:13 App\Jobs\Notifications\AndroidPushNotification  42.16ms DONE
  2026-01-07 23:17:13 App\Jobs\Notifications\AndroidPushNotification  41.33ms DONE
  2026-01-07 23:17:28 App\Jobs\Notifications\SendPushNotification .... RUNNING
  2026-01-07 23:17:28 App\Jobs\Notifications\SendPushNotification  7.28ms DONE
  2026-01-07 23:17:28 App\Jobs\Notifications\AndroidPushNotification . RUNNING
  2026-01-07 23:17:28 App\Jobs\Notifications\AndroidPushNotification  80.61ms DONE
  2026-01-07 23:20:50 App\Jobs\Notifications\SendPushNotification .... RUNNING
  2026-01-07 23:20:50 App\Jobs\Notifications\SendPushNotification  9.44ms DONE
  2026-01-07 23:20:50 App\Jobs\Notifications\AndroidPushNotification . RUNNING
  2026-01-07 23:20:50 App\Jobs\Notifications\AndroidPushNotification  50.01ms DONE
  2026-01-07 23:20:52 App\Jobs\Notifications\SendPushNotification .... RUNNING
  2026-01-07 23:20:52 App\Jobs\Notifications\SendPushNotification  7.17ms DONE
  2026-01-07 23:20:52 App\Jobs\Notifications\AndroidPushNotification . RUNNING
  2026-01-07 23:20:53 App\Jobs\Notifications\AndroidPushNotification  41.85ms DONE
  2026-01-07 23:20:58 App\Jobs\Notifications\SendPushNotification .... RUNNING
  2026-01-07 23:20:58 App\Jobs\Notifications\SendPushNotification  6.66ms DONE
  2026-01-07 23:20:58 App\Jobs\Notifications\AndroidPushNotification . RUNNING
  2026-01-07 23:20:59 App\Jobs\Notifications\AndroidPushNotification  114.03ms DONE
  2026-01-07 23:26:08 App\Jobs\Notifications\SendPushNotification .... RUNNING
  2026-01-07 23:26:08 App\Jobs\Notifications\SendPushNotification .... RUNNING
  2026-01-07 23:26:08 App\Jobs\Notifications\SendPushNotification  5.90ms DONE
  2026-01-07 23:26:08 App\Jobs\Notifications\SendPushNotification  6.25ms DONE
  2026-01-07 23:26:08 App\Jobs\Notifications\AndroidPushNotification . RUNNING
  2026-01-07 23:26:08 App\Jobs\Notifications\AndroidPushNotification . RUNNING
  2026-01-07 23:26:08 App\Jobs\Notifications\AndroidPushNotification  58.26ms DONE
  2026-01-07 23:26:08 App\Jobs\Notifications\AndroidPushNotification  59.22ms DONE
  2026-01-07 23:26:14 App\Jobs\Notifications\SendPushNotification .... RUNNING
  2026-01-07 23:26:14 App\Jobs\Notifications\SendPushNotification  7.30ms DONE
  2026-01-07 23:26:14 App\Jobs\Notifications\AndroidPushNotification . RUNNING
  2026-01-07 23:26:14 App\Jobs\Notifications\AndroidPushNotification  87.81ms DONE
  2026-01-07 23:26:29 App\Jobs\Notifications\SendPushNotification .... RUNNING
  2026-01-07 23:26:29 App\Jobs\Notifications\SendPushNotification  8.97ms DONE
  2026-01-07 23:26:29 App\Jobs\Notifications\AndroidPushNotification . RUNNING
  2026-01-07 23:26:29 App\Jobs\Notifications\AndroidPushNotification  63.58ms DONE
  2026-01-07 23:27:14 App\Jobs\Notifications\SendPushNotification .... RUNNING
  2026-01-07 23:27:14 App\Jobs\Notifications\SendPushNotification  8.31ms DONE
  2026-01-07 23:27:15 App\Jobs\Notifications\AndroidPushNotification . RUNNING
  2026-01-07 23:27:15 App\Jobs\Notifications\AndroidPushNotification  17.90ms DONE
  2026-01-07 23:27:21 App\Jobs\Notifications\SendPushNotification .... RUNNING
  2026-01-07 23:27:21 App\Jobs\Notifications\SendPushNotification  6.27ms DONE
  2026-01-07 23:27:21 App\Jobs\Notifications\AndroidPushNotification . RUNNING
  2026-01-07 23:27:21 App\Jobs\Notifications\AndroidPushNotification  52.69ms DONE
  2026-01-07 23:28:03 App\Jobs\SendRequestToNextDriversJob ........... RUNNING
  2026-01-07 23:28:03 App\Jobs\SendRequestToNextDriversJob ....... 8.89ms DONE
  2026-01-07 23:28:14 App\Jobs\Notifications\SendPushNotification .... RUNNING
  2026-01-07 23:28:14 App\Jobs\Notifications\SendPushNotification  8.81ms DONE
  2026-01-07 23:28:14 App\Jobs\Notifications\AndroidPushNotification . RUNNING
  2026-01-07 23:28:14 App\Jobs\Notifications\AndroidPushNotification  45.88ms DONE
  2026-01-07 23:29:03 App\Jobs\SendRequestToNextDriversJob ........... RUNNING
  2026-01-07 23:29:03 App\Jobs\SendRequestToNextDriversJob ....... 8.30ms DONE
  2026-01-07 23:30:05 App\Jobs\SendRequestToNextDriversJob ........... RUNNING
  2026-01-07 23:30:05 App\Jobs\SendRequestToNextDriversJob ....... 6.36ms DONE
  2026-01-07 23:34:00 App\Jobs\Notifications\SendPushNotification .... RUNNING
  2026-01-07 23:34:00 App\Jobs\Notifications\SendPushNotification  9.96ms DONE
  2026-01-07 23:34:00 App\Jobs\Notifications\SendPushNotification .... RUNNING
  2026-01-07 23:34:00 App\Jobs\Notifications\SendPushNotification  12.56ms DONE
  2026-01-07 23:34:00 App\Jobs\Notifications\AndroidPushNotification . RUNNING
  2026-01-07 23:34:00 App\Jobs\Notifications\AndroidPushNotification  52.55ms DONE
  2026-01-07 23:34:00 App\Jobs\Notifications\AndroidPushNotification . RUNNING
  2026-01-07 23:34:00 App\Jobs\Notifications\AndroidPushNotification  19.61ms DONE
  2026-01-07 23:34:05 App\Jobs\Notifications\SendPushNotification .... RUNNING
  2026-01-07 23:34:05 App\Jobs\Notifications\SendPushNotification  7.47ms DONE
  2026-01-07 23:34:05 App\Jobs\Notifications\AndroidPushNotification . RUNNING
  2026-01-07 23:34:05 App\Jobs\Notifications\AndroidPushNotification  82.44ms DONE
  2026-01-07 23:35:18 App\Jobs\Notifications\SendPushNotification .... RUNNING
  2026-01-07 23:35:18 App\Jobs\Notifications\SendPushNotification  7.88ms DONE
  2026-01-07 23:35:18 App\Jobs\Notifications\AndroidPushNotification . RUNNING
  2026-01-07 23:35:18 App\Jobs\Notifications\AndroidPushNotification  60.04ms DONE
  2026-01-07 23:47:08 App\Jobs\Notifications\SendPushNotification .... RUNNING
  2026-01-07 23:47:08 App\Jobs\Notifications\SendPushNotification  8.17ms DONE
  2026-01-07 23:47:08 App\Jobs\Notifications\AndroidPushNotification . RUNNING
  2026-01-07 23:47:08 App\Jobs\Notifications\AndroidPushNotification  60.26ms DONE
  2026-01-07 23:47:20 App\Jobs\Notifications\SendPushNotification .... RUNNING
  2026-01-07 23:47:20 App\Jobs\Notifications\SendPushNotification  8.52ms DONE
  2026-01-07 23:47:20 App\Jobs\Notifications\AndroidPushNotification . RUNNING
  2026-01-07 23:47:21 App\Jobs\Notifications\AndroidPushNotification  91.92ms DONE
  2026-01-07 23:52:04 App\Jobs\Notifications\SendPushNotification .... RUNNING
  2026-01-07 23:52:04 App\Jobs\Notifications\SendPushNotification  8.76ms DONE
  2026-01-07 23:52:04 App\Jobs\Notifications\AndroidPushNotification . RUNNING
  2026-01-07 23:52:04 App\Jobs\Notifications\AndroidPushNotification  40.63ms DONE
  2026-01-07 23:52:12 App\Jobs\Notifications\SendPushNotification .... RUNNING
  2026-01-07 23:52:12 App\Jobs\Notifications\SendPushNotification  9.39ms DONE
  2026-01-07 23:52:12 App\Jobs\Notifications\AndroidPushNotification . RUNNING
  2026-01-07 23:52:12 App\Jobs\Notifications\AndroidPushNotification  97.28ms DONE
  2026-01-07 23:52:25 App\Jobs\Notifications\SendPushNotification .... RUNNING
  2026-01-07 23:52:25 App\Jobs\Notifications\SendPushNotification  8.37ms DONE
  2026-01-07 23:52:25 App\Jobs\Notifications\AndroidPushNotification . RUNNING
  2026-01-07 23:52:25 App\Jobs\Notifications\AndroidPushNotification  47.91ms DONE
  2026-01-07 23:53:13 App\Jobs\Notifications\SendPushNotification .... RUNNING
  2026-01-07 23:53:13 App\Jobs\Notifications\SendPushNotification  7.99ms DONE
  2026-01-07 23:53:13 App\Jobs\Notifications\AndroidPushNotification . RUNNING
  2026-01-07 23:53:13 App\Jobs\Notifications\AndroidPushNotification  15.92ms DONE
  2026-01-07 23:53:21 App\Jobs\Notifications\SendPushNotification .... RUNNING
  2026-01-07 23:53:21 App\Jobs\Notifications\SendPushNotification  6.47ms DONE
  2026-01-07 23:53:21 App\Jobs\Notifications\AndroidPushNotification . RUNNING
  2026-01-07 23:53:21 App\Jobs\Notifications\AndroidPushNotification  81.72ms DONE
  2026-01-07 23:54:03 App\Jobs\SendRequestToNextDriversJob ........... RUNNING
  2026-01-07 23:54:03 App\Jobs\SendRequestToNextDriversJob ....... 6.81ms DONE
  2026-01-07 23:55:03 App\Jobs\SendRequestToNextDriversJob ........... RUNNING
  2026-01-07 23:55:03 App\Jobs\SendRequestToNextDriversJob ....... 6.38ms DONE
  2026-01-08 00:01:04 App\Jobs\Notifications\SendPushNotification .... RUNNING
  2026-01-08 00:01:04 App\Jobs\Notifications\SendPushNotification  19.45ms DONE
  2026-01-08 00:01:04 App\Jobs\Notifications\AndroidPushNotification . RUNNING
  2026-01-08 00:01:05 App\Jobs\Notifications\AndroidPushNotification  86.12ms DONE
  2026-01-08 00:02:05 App\Jobs\Notifications\SendPushNotification .... RUNNING
  2026-01-08 00:02:05 App\Jobs\Notifications\SendPushNotification  10.17ms DONE
  2026-01-08 00:02:05 App\Jobs\Notifications\AndroidPushNotification . RUNNING
  2026-01-08 00:02:05 App\Jobs\Notifications\AndroidPushNotification  153.03ms DONE
  2026-01-08 00:03:03 App\Jobs\Notifications\SendPushNotification .... RUNNING
  2026-01-08 00:03:03 App\Jobs\Notifications\SendPushNotification  9.85ms DONE
  2026-01-08 00:03:03 App\Jobs\Notifications\AndroidPushNotification . RUNNING
  2026-01-08 00:03:03 App\Jobs\Notifications\AndroidPushNotification  172.52ms DONE
  2026-01-08 00:09:31 App\Jobs\Notifications\SendPushNotification .... RUNNING
  2026-01-08 00:09:31 App\Jobs\Notifications\SendPushNotification .... RUNNING
  2026-01-08 00:09:31 App\Jobs\Notifications\SendPushNotification  8.43ms DONE
  2026-01-08 00:09:31 App\Jobs\Notifications\SendPushNotification  8.25ms DONE
  2026-01-08 00:09:31 App\Jobs\Notifications\AndroidPushNotification . RUNNING
  2026-01-08 00:09:31 App\Jobs\Notifications\AndroidPushNotification . RUNNING
  2026-01-08 00:09:31 App\Jobs\Notifications\AndroidPushNotification  52.58ms DONE
  2026-01-08 00:09:31 App\Jobs\Notifications\AndroidPushNotification  58.12ms DONE
  2026-01-08 00:09:38 App\Jobs\Notifications\SendPushNotification .... RUNNING
  2026-01-08 00:09:38 App\Jobs\Notifications\SendPushNotification  5.95ms DONE
  2026-01-08 00:09:38 App\Jobs\Notifications\AndroidPushNotification . RUNNING
  2026-01-08 00:09:38 App\Jobs\Notifications\AndroidPushNotification  94.80ms DONE
  2026-01-08 00:11:02 App\Jobs\SendRequestToNextDriversJob ........... RUNNING
  2026-01-08 00:11:02 App\Jobs\SendRequestToNextDriversJob ....... 5.82ms DONE
  2026-01-08 00:19:04 App\Jobs\Notifications\SendPushNotification .... RUNNING
  2026-01-08 00:19:04 App\Jobs\Notifications\SendPushNotification  19.87ms DONE
  2026-01-08 00:19:04 App\Jobs\Notifications\AndroidPushNotification . RUNNING
  2026-01-08 00:19:04 App\Jobs\Notifications\AndroidPushNotification  385.19ms DONE
  2026-01-08 00:19:36 App\Jobs\Notifications\SendPushNotification .... RUNNING
  2026-01-08 00:19:36 App\Jobs\Notifications\SendPushNotification  7.50ms DONE
  2026-01-08 00:19:36 App\Jobs\Notifications\SendPushNotification .... RUNNING
  2026-01-08 00:19:36 App\Jobs\Notifications\SendPushNotification  6.85ms DONE
  2026-01-08 00:19:36 App\Jobs\Notifications\AndroidPushNotification . RUNNING
  2026-01-08 00:19:36 App\Jobs\Notifications\AndroidPushNotification  40.90ms DONE
  2026-01-08 00:19:36 App\Jobs\Notifications\AndroidPushNotification . RUNNING
  2026-01-08 00:19:36 App\Jobs\Notifications\AndroidPushNotification  15.66ms DONE
  2026-01-08 00:19:42 App\Jobs\Notifications\SendPushNotification .... RUNNING
  2026-01-08 00:19:42 App\Jobs\Notifications\SendPushNotification  7.04ms DONE
  2026-01-08 00:19:42 App\Jobs\Notifications\AndroidPushNotification . RUNNING
  2026-01-08 00:19:42 App\Jobs\Notifications\AndroidPushNotification  60.78ms DONE
  2026-01-08 00:21:04 App\Jobs\SendRequestToNextDriversJob ........... RUNNING
  2026-01-08 00:21:04 App\Jobs\SendRequestToNextDriversJob ....... 6.27ms DONE
  2026-01-08 00:29:03 App\Jobs\Notifications\SendPushNotification .... RUNNING
  2026-01-08 00:29:03 App\Jobs\Notifications\SendPushNotification  10.58ms DONE
  2026-01-08 00:29:03 App\Jobs\Notifications\AndroidPushNotification . RUNNING
  2026-01-08 00:29:03 App\Jobs\Notifications\AndroidPushNotification  93.33ms DONE
  2026-01-08 12:14:06 App\Jobs\Notifications\SendPushNotification .... RUNNING
  2026-01-08 12:14:06 App\Jobs\Notifications\SendPushNotification  123.28ms DONE
  2026-01-08 12:14:06 App\Jobs\Notifications\AndroidPushNotification . RUNNING
  2026-01-08 12:14:06 App\Jobs\Notifications\AndroidPushNotification  152.97ms DONE
  2026-01-08 12:14:15 App\Jobs\Notifications\SendPushNotification .... RUNNING
  2026-01-08 12:14:15 App\Jobs\Notifications\SendPushNotification  119.10ms DONE
  2026-01-08 12:14:15 App\Jobs\Notifications\AndroidPushNotification . RUNNING
  2026-01-08 12:14:15 App\Jobs\Notifications\AndroidPushNotification  171.28ms DONE
  2026-01-08 12:20:15 App\Jobs\Notifications\SendPushNotification .... RUNNING
  2026-01-08 12:20:15 App\Jobs\Notifications\SendPushNotification  113.69ms DONE
  2026-01-08 12:20:15 App\Jobs\Notifications\AndroidPushNotification . RUNNING
  2026-01-08 12:20:16 App\Jobs\Notifications\AndroidPushNotification  138.94ms DONE
  2026-01-08 12:20:24 App\Jobs\Notifications\SendPushNotification .... RUNNING
  2026-01-08 12:20:24 App\Jobs\Notifications\SendPushNotification  109.69ms DONE
  2026-01-08 12:20:24 App\Jobs\Notifications\AndroidPushNotification . RUNNING
  2026-01-08 12:20:25 App\Jobs\Notifications\AndroidPushNotification  164.58ms DONE
  2026-01-08 12:21:00 App\Jobs\Notifications\SendPushNotification .... RUNNING
  2026-01-08 12:21:01 App\Jobs\Notifications\AndroidPushNotification . RUNNING
  2026-01-08 12:21:01 App\Jobs\Notifications\SendPushNotification  145.61ms DONE
  2026-01-08 12:21:01 App\Jobs\Notifications\AndroidPushNotification  102.17ms DONE
  2026-01-08 12:26:28 App\Jobs\Notifications\SendPushNotification .... RUNNING
  2026-01-08 12:26:28 App\Jobs\Notifications\SendPushNotification  98.87ms DONE
  2026-01-08 12:26:28 App\Jobs\Notifications\AndroidPushNotification . RUNNING
  2026-01-08 12:26:28 App\Jobs\Notifications\AndroidPushNotification  123.66ms DONE
  2026-01-08 12:26:46 App\Jobs\Notifications\SendPushNotification  2026-01-08 12:26:46 App\Jobs\Notifications\SendPushNotification .... RUNNING
 .... RUNNING
  2026-01-08 12:26:46 App\Jobs\Notifications\SendPushNotification .... RUNNING
  2026-01-08 12:26:46 App\Jobs\Notifications\SendPushNotification  11.04ms DONE
  2026-01-08 12:26:46 App\Jobs\Notifications\SendPushNotification .... RUNNING
  2026-01-08 12:26:46 App\Jobs\Notifications\AndroidPushNotification . RUNNING
  2026-01-08 12:26:46 App\Jobs\Notifications\SendPushNotification  13.39ms DONE
  2026-01-08 12:26:46 App\Jobs\Notifications\AndroidPushNotification . RUNNING
  2026-01-08 12:26:46 App\Jobs\Notifications\SendPushNotification  119.10ms DONE
  2026-01-08 12:26:46 App\Jobs\Notifications\AndroidPushNotification . RUNNING
  2026-01-08 12:26:46 App\Jobs\Notifications\SendPushNotification  124.02ms DONE
  2026-01-08 12:26:46 App\Jobs\Notifications\AndroidPushNotification . RUNNING
  2026-01-08 12:26:46 App\Jobs\Notifications\AndroidPushNotification  73.59ms DONE
  2026-01-08 12:26:46 App\Jobs\Notifications\AndroidPushNotification  177.59ms DONE
  2026-01-08 12:26:46 App\Jobs\Notifications\AndroidPushNotification  162.87ms DONE
  2026-01-08 12:26:46 App\Jobs\Notifications\AndroidPushNotification  176.59ms DONE
  2026-01-08 12:27:04 App\Jobs\Notifications\SendPushNotification .... RUNNING
  2026-01-08 12:27:04 App\Jobs\Notifications\SendPushNotification  36.29ms DONE
  2026-01-08 12:27:04 App\Jobs\Notifications\AndroidPushNotification . RUNNING
  2026-01-08 12:27:04 App\Jobs\Notifications\SendPushNotification .... RUNNING
  2026-01-08 12:27:04 App\Jobs\Notifications\SendPushNotification  28.15ms DONE
  2026-01-08 12:27:04 App\Jobs\Notifications\AndroidPushNotification . RUNNING
  2026-01-08 12:27:04 App\Jobs\Notifications\AndroidPushNotification  78.82ms DONE
  2026-01-08 12:27:04 App\Jobs\Notifications\AndroidPushNotification  55.10ms DONE
  2026-01-08 12:31:13 App\Jobs\Notifications\SendPushNotification .... RUNNING
  2026-01-08 12:31:13 App\Jobs\Notifications\SendPushNotification  7.50ms DONE
  2026-01-08 12:31:13 App\Jobs\Notifications\SendPushNotification .... RUNNING
  2026-01-08 12:31:13 App\Jobs\Notifications\SendPushNotification  9.01ms DONE
  2026-01-08 12:31:13 App\Jobs\Notifications\AndroidPushNotification . RUNNING
  2026-01-08 12:31:13 App\Jobs\Notifications\AndroidPushNotification  50.00ms DONE
  2026-01-08 12:31:13 App\Jobs\Notifications\AndroidPushNotification . RUNNING
  2026-01-08 12:31:13 App\Jobs\Notifications\AndroidPushNotification  16.20ms DONE
  2026-01-08 12:31:16 App\Jobs\Notifications\SendPushNotification .... RUNNING
  2026-01-08 12:31:16 App\Jobs\Notifications\SendPushNotification  7.20ms DONE
  2026-01-08 12:31:16 App\Jobs\Notifications\AndroidPushNotification . RUNNING
  2026-01-08 12:31:16 App\Jobs\Notifications\AndroidPushNotification  83.12ms DONE
  2026-01-08 13:30:33 App\Jobs\Notifications\SendPushNotification .... RUNNING
  2026-01-08 13:30:33 App\Jobs\Notifications\SendPushNotification  9.56ms DONE
  2026-01-08 13:30:33 App\Jobs\Notifications\AndroidPushNotification . RUNNING
  2026-01-08 13:30:33 App\Jobs\Notifications\AndroidPushNotification  4.14ms DONE
  2026-01-08 13:34:25 App\Jobs\Notifications\SendPushNotification .... RUNNING
  2026-01-08 13:34:25 App\Jobs\Notifications\SendPushNotification  10.37ms DONE
  2026-01-08 13:34:25 App\Jobs\Notifications\AndroidPushNotification . RUNNING
  2026-01-08 13:34:25 App\Jobs\Notifications\AndroidPushNotification  71.06ms DONE
  2026-01-08 13:35:10 App\Jobs\Notifications\SendPushNotification .... RUNNING
  2026-01-08 13:35:10 App\Jobs\Notifications\SendPushNotification  9.75ms DONE
  2026-01-08 13:35:10 App\Jobs\Notifications\AndroidPushNotification . RUNNING
  2026-01-08 13:35:10 App\Jobs\Notifications\AndroidPushNotification  90.59ms DONE
  2026-01-08 13:36:07 App\Jobs\SendRequestToNextDriversJob ........... RUNNING
  2026-01-08 13:36:07 App\Jobs\SendRequestToNextDriversJob ...... 46.09ms DONE
  2026-01-08 13:43:25 App\Jobs\Notifications\SendPushNotification .... RUNNING
  2026-01-08 13:43:25 App\Jobs\Notifications\SendPushNotification  9.97ms DONE
  2026-01-08 13:43:25 App\Jobs\Notifications\AndroidPushNotification . RUNNING
  2026-01-08 13:43:25 App\Jobs\Notifications\AndroidPushNotification  121.09ms DONE
  2026-01-08 13:43:38 App\Jobs\Notifications\SendPushNotification .... RUNNING
  2026-01-08 13:43:38 App\Jobs\Notifications\SendPushNotification  48.60ms DONE
  2026-01-08 13:43:38 App\Jobs\Notifications\AndroidPushNotification . RUNNING
  2026-01-08 13:43:38 App\Jobs\Notifications\AndroidPushNotification  144.75ms DONE
  2026-01-08 13:45:02 App\Jobs\SendRequestToNextDriversJob ........... RUNNING
  2026-01-08 13:45:02 App\Jobs\SendRequestToNextDriversJob ...... 65.25ms DONE
  2026-01-08 13:45:53 App\Jobs\Notifications\SendPushNotification .... RUNNING
  2026-01-08 13:45:53 App\Jobs\Notifications\SendPushNotification  9.46ms DONE
  2026-01-08 13:45:53 App\Jobs\Notifications\AndroidPushNotification . RUNNING
  2026-01-08 13:45:53 App\Jobs\Notifications\AndroidPushNotification  3.88ms DONE
  2026-01-08 13:47:16 App\Jobs\Notifications\SendPushNotification .... RUNNING
  2026-01-08 13:47:16 App\Jobs\Notifications\SendPushNotification  7.22ms DONE
  2026-01-08 13:47:16 App\Jobs\Notifications\SendPushNotification .... RUNNING
  2026-01-08 13:47:16 App\Jobs\Notifications\SendPushNotification  8.05ms DONE
  2026-01-08 13:47:16 App\Jobs\Notifications\AndroidPushNotification . RUNNING
  2026-01-08 13:47:16 App\Jobs\Notifications\AndroidPushNotification . RUNNING
  2026-01-08 13:47:17 App\Jobs\Notifications\AndroidPushNotification  45.18ms DONE
  2026-01-08 13:47:17 App\Jobs\Notifications\AndroidPushNotification  46.31ms DONE
  2026-01-08 13:47:23 App\Jobs\Notifications\SendPushNotification .... RUNNING
  2026-01-08 13:47:23 App\Jobs\Notifications\SendPushNotification  8.35ms DONE
  2026-01-08 13:47:23 App\Jobs\Notifications\AndroidPushNotification . RUNNING
  2026-01-08 13:47:23 App\Jobs\Notifications\AndroidPushNotification  242.91ms DONE
  2026-01-08 13:50:35 App\Jobs\Notifications\SendPushNotification .... RUNNING
  2026-01-08 13:50:35 App\Jobs\Notifications\SendPushNotification  8.73ms DONE
  2026-01-08 13:50:35 App\Jobs\Notifications\AndroidPushNotification . RUNNING
  2026-01-08 13:50:35 App\Jobs\Notifications\AndroidPushNotification  290.06ms DONE
  2026-01-08 13:50:53 App\Jobs\Notifications\SendPushNotification .... RUNNING
  2026-01-08 13:50:53 App\Jobs\Notifications\SendPushNotification  65.39ms DONE
  2026-01-08 13:50:53 App\Jobs\Notifications\AndroidPushNotification . RUNNING
  2026-01-08 13:50:53 App\Jobs\Notifications\AndroidPushNotification  154.20ms DONE
  2026-01-08 13:51:05 App\Jobs\Notifications\SendPushNotification .... RUNNING
  2026-01-08 13:51:05 App\Jobs\Notifications\SendPushNotification  7.48ms DONE
  2026-01-08 13:51:05 App\Jobs\Notifications\AndroidPushNotification . RUNNING
  2026-01-08 13:51:05 App\Jobs\Notifications\AndroidPushNotification  430.32ms DONE
  2026-01-08 13:51:06 App\Jobs\Notifications\SendPushNotification .... RUNNING
  2026-01-08 13:51:06 App\Jobs\Notifications\SendPushNotification  31.74ms DONE
  2026-01-08 13:51:06 App\Jobs\Notifications\AndroidPushNotification . RUNNING
  2026-01-08 13:51:06 App\Jobs\Notifications\AndroidPushNotification  381.75ms DONE
  2026-01-08 13:52:06 App\Jobs\Notifications\SendPushNotification .... RUNNING
  2026-01-08 13:52:06 App\Jobs\Notifications\SendPushNotification  9.25ms DONE
  2026-01-08 13:52:06 App\Jobs\Notifications\AndroidPushNotification . RUNNING
  2026-01-08 13:52:07 App\Jobs\Notifications\AndroidPushNotification  400.88ms DONE
  2026-01-08 13:52:34 App\Jobs\Notifications\SendPushNotification .... RUNNING
  2026-01-08 13:52:34 App\Jobs\Notifications\SendPushNotification  7.42ms DONE
  2026-01-08 13:52:34 App\Jobs\Notifications\AndroidPushNotification . RUNNING
  2026-01-08 13:52:34 App\Jobs\Notifications\AndroidPushNotification  50.59ms DONE
  2026-01-08 13:52:47 App\Jobs\Notifications\SendPushNotification .... RUNNING
  2026-01-08 13:52:47 App\Jobs\Notifications\SendPushNotification  7.75ms DONE
  2026-01-08 13:52:47 App\Jobs\Notifications\AndroidPushNotification . RUNNING
  2026-01-08 13:52:47 App\Jobs\Notifications\AndroidPushNotification  49.50ms DONE
  2026-01-08 13:52:56 App\Jobs\Notifications\SendPushNotification .... RUNNING
  2026-01-08 13:52:56 App\Jobs\Notifications\SendPushNotification  6.79ms DONE
  2026-01-08 13:52:56 App\Jobs\Notifications\AndroidPushNotification . RUNNING
  2026-01-08 13:52:57 App\Jobs\Notifications\AndroidPushNotification  361.14ms DONE
  2026-01-08 14:00:04 App\Jobs\Notifications\SendPushNotification .... RUNNING
  2026-01-08 14:00:04 App\Jobs\Notifications\SendPushNotification  216.75ms DONE
  2026-01-08 14:00:04 App\Jobs\Notifications\AndroidPushNotification . RUNNING
  2026-01-08 14:00:05 App\Jobs\Notifications\AndroidPushNotification  589.27ms DONE
  2026-01-08 14:09:38 App\Jobs\Notifications\SendPushNotification .... RUNNING
  2026-01-08 14:09:38 App\Jobs\Notifications\SendPushNotification  8.68ms DONE
  2026-01-08 14:09:38 App\Jobs\Notifications\AndroidPushNotification . RUNNING
  2026-01-08 14:09:39 App\Jobs\Notifications\AndroidPushNotification  433.73ms DONE
  2026-01-08 14:22:54 App\Jobs\Notifications\SendPushNotification .... RUNNING
  2026-01-08 14:22:54 App\Jobs\Notifications\SendPushNotification  6.70ms DONE
  2026-01-08 14:22:54 App\Jobs\Notifications\AndroidPushNotification . RUNNING
  2026-01-08 14:22:55 App\Jobs\Notifications\AndroidPushNotification  375.23ms DONE
  2026-01-08 14:23:48 App\Jobs\Notifications\SendPushNotification .... RUNNING
  2026-01-08 14:23:48 App\Jobs\Notifications\SendPushNotification  8.75ms DONE
  2026-01-08 14:23:48 App\Jobs\Notifications\AndroidPushNotification . RUNNING
  2026-01-08 14:23:48 App\Jobs\Notifications\AndroidPushNotification  43.65ms DONE
  2026-01-08 14:24:01 App\Jobs\Notifications\SendPushNotification .... RUNNING
  2026-01-08 14:24:01 App\Jobs\Notifications\SendPushNotification  32.32ms DONE
  2026-01-08 14:24:01 App\Jobs\Notifications\AndroidPushNotification . RUNNING
  2026-01-08 14:24:01 App\Jobs\Notifications\AndroidPushNotification  288.75ms DONE
  2026-01-08 14:25:04 App\Jobs\Notifications\SendPushNotification .... RUNNING
  2026-01-08 14:25:04 App\Jobs\Notifications\SendPushNotification  21.75ms DONE
  2026-01-08 14:25:04 App\Jobs\Notifications\AndroidPushNotification . RUNNING
  2026-01-08 14:25:04 App\Jobs\Notifications\AndroidPushNotification  290.66ms DONE
  2026-01-08 14:25:28 App\Jobs\Notifications\SendPushNotification .... RUNNING
  2026-01-08 14:25:28 App\Jobs\Notifications\SendPushNotification  6.77ms DONE
  2026-01-08 14:25:28 App\Jobs\Notifications\AndroidPushNotification . RUNNING
  2026-01-08 14:25:28 App\Jobs\Notifications\AndroidPushNotification  95.93ms DONE
  2026-01-08 14:29:04 App\Jobs\Notifications\SendPushNotification .... RUNNING
  2026-01-08 14:29:04 App\Jobs\Notifications\SendPushNotification  123.51ms DONE
  2026-01-08 14:29:04 App\Jobs\Notifications\AndroidPushNotification . RUNNING
  2026-01-08 14:29:04 App\Jobs\Notifications\AndroidPushNotification  507.53ms DONE
  2026-01-08 14:30:07 App\Jobs\Notifications\SendPushNotification .... RUNNING
  2026-01-08 14:30:07 App\Jobs\Notifications\SendPushNotification  390.35ms DONE
  2026-01-08 14:30:07 App\Jobs\Notifications\AndroidPushNotification . RUNNING
  2026-01-08 14:30:08 App\Jobs\Notifications\AndroidPushNotification  628.38ms DONE
  2026-01-08 14:33:43 App\Jobs\Notifications\SendPushNotification .... RUNNING
  2026-01-08 14:33:43 App\Jobs\Notifications\SendPushNotification  8.67ms DONE
  2026-01-08 14:33:43 App\Jobs\Notifications\AndroidPushNotification . RUNNING
  2026-01-08 14:33:43 App\Jobs\Notifications\AndroidPushNotification  44.10ms DONE
  2026-01-08 14:33:52 App\Jobs\Notifications\SendPushNotification .... RUNNING
  2026-01-08 14:33:52 App\Jobs\Notifications\SendPushNotification  8.52ms DONE
  2026-01-08 14:33:52 App\Jobs\Notifications\SendPushNotification .... RUNNING
  2026-01-08 14:33:52 App\Jobs\Notifications\AndroidPushNotification . RUNNING
  2026-01-08 14:33:52 App\Jobs\Notifications\SendPushNotification  74.15ms DONE
  2026-01-08 14:33:52 App\Jobs\Notifications\AndroidPushNotification . RUNNING
  2026-01-08 14:33:52 App\Jobs\Notifications\AndroidPushNotification  274.05ms DONE
  2026-01-08 14:33:52 App\Jobs\Notifications\AndroidPushNotification  280.82ms DONE
  2026-01-08 14:34:04 App\Jobs\Notifications\SendPushNotification .... RUNNING
  2026-01-08 14:34:04 App\Jobs\Notifications\SendPushNotification  10.65ms DONE
  2026-01-08 14:34:04 App\Jobs\Notifications\AndroidPushNotification . RUNNING
  2026-01-08 14:34:04 App\Jobs\Notifications\AndroidPushNotification  44.23ms DONE
  2026-01-08 14:34:10 App\Jobs\Notifications\SendPushNotification .... RUNNING
  2026-01-08 14:34:10 App\Jobs\Notifications\SendPushNotification  97.92ms DONE
  2026-01-08 14:34:10 App\Jobs\Notifications\AndroidPushNotification . RUNNING
  2026-01-08 14:34:11 App\Jobs\Notifications\AndroidPushNotification  313.01ms DONE
  2026-01-08 15:19:15 App\Jobs\Notifications\SendPushNotification .... RUNNING
  2026-01-08 15:19:15 App\Jobs\Notifications\SendPushNotification  8.85ms DONE
  2026-01-08 15:19:15 App\Jobs\Notifications\AndroidPushNotification . RUNNING
  2026-01-08 15:19:15 App\Jobs\Notifications\AndroidPushNotification  362.56ms DONE
  2026-01-08 15:21:39 App\Jobs\Notifications\SendPushNotification .... RUNNING
  2026-01-08 15:21:39 App\Jobs\Notifications\SendPushNotification  9.75ms DONE
  2026-01-08 15:21:39 App\Jobs\Notifications\AndroidPushNotification . RUNNING
  2026-01-08 15:21:39 App\Jobs\Notifications\AndroidPushNotification  45.04ms DONE
  2026-01-08 15:22:00 App\Jobs\Notifications\SendPushNotification .... RUNNING
  2026-01-08 15:22:00 App\Jobs\Notifications\SendPushNotification  12.85ms DONE
  2026-01-08 15:22:00 App\Jobs\Notifications\AndroidPushNotification . RUNNING
  2026-01-08 15:22:01 App\Jobs\Notifications\AndroidPushNotification  402.91ms DONE
  2026-01-08 15:22:03 App\Jobs\Notifications\SendPushNotification .... RUNNING
  2026-01-08 15:22:03 App\Jobs\Notifications\SendPushNotification  11.25ms DONE
  2026-01-08 15:22:03 App\Jobs\Notifications\AndroidPushNotification . RUNNING
  2026-01-08 15:22:04 App\Jobs\Notifications\AndroidPushNotification  342.53ms DONE
  2026-01-08 15:26:07 App\Jobs\Notifications\SendPushNotification .... RUNNING
  2026-01-08 15:26:07 App\Jobs\Notifications\SendPushNotification  6.06ms DONE
  2026-01-08 15:26:07 App\Jobs\Notifications\AndroidPushNotification . RUNNING
  2026-01-08 15:26:07 App\Jobs\Notifications\AndroidPushNotification  382.80ms DONE
  2026-01-08 15:26:34 App\Jobs\Notifications\SendPushNotification .... RUNNING
  2026-01-08 15:26:34 App\Jobs\Notifications\SendPushNotification  9.46ms DONE
  2026-01-08 15:26:34 App\Jobs\Notifications\AndroidPushNotification . RUNNING
  2026-01-08 15:26:34 App\Jobs\Notifications\AndroidPushNotification  79.62ms DONE
  2026-01-08 15:26:49 App\Jobs\Notifications\SendPushNotification .... RUNNING
  2026-01-08 15:26:49 App\Jobs\Notifications\AndroidPushNotification . RUNNING
  2026-01-08 15:26:49 App\Jobs\Notifications\SendPushNotification  11.26ms DONE
  2026-01-08 15:26:49 App\Jobs\Notifications\AndroidPushNotification  25.72ms DONE
  2026-01-08 15:26:52 App\Jobs\Notifications\SendPushNotification .... RUNNING
  2026-01-08 15:26:52 App\Jobs\Notifications\SendPushNotification  9.63ms DONE
  2026-01-08 15:26:52 App\Jobs\Notifications\AndroidPushNotification . RUNNING
  2026-01-08 15:26:53 App\Jobs\Notifications\AndroidPushNotification  423.72ms DONE
  2026-01-08 15:28:04 App\Jobs\Notifications\SendPushNotification .... RUNNING
  2026-01-08 15:28:04 App\Jobs\Notifications\SendPushNotification  100.77ms DONE
  2026-01-08 15:28:04 App\Jobs\Notifications\AndroidPushNotification . RUNNING
  2026-01-08 15:28:04 App\Jobs\Notifications\AndroidPushNotification  328.84ms DONE
  2026-01-08 15:34:04 App\Jobs\Notifications\SendPushNotification .... RUNNING
  2026-01-08 15:34:04 App\Jobs\Notifications\SendPushNotification  41.05ms DONE
  2026-01-08 15:34:04 App\Jobs\Notifications\AndroidPushNotification . RUNNING
  2026-01-08 15:34:04 App\Jobs\Notifications\AndroidPushNotification  464.49ms DONE
  2026-01-08 15:39:23 App\Jobs\Notifications\SendPushNotification .... RUNNING
  2026-01-08 15:39:23 App\Jobs\Notifications\SendPushNotification  7.54ms DONE
  2026-01-08 15:39:23 App\Jobs\Notifications\AndroidPushNotification . RUNNING
  2026-01-08 15:39:23 App\Jobs\Notifications\AndroidPushNotification  252.16ms DONE
  2026-01-08 15:39:52 App\Jobs\Notifications\SendPushNotification .... RUNNING
  2026-01-08 15:39:52 App\Jobs\Notifications\SendPushNotification  8.67ms DONE
  2026-01-08 15:39:52 App\Jobs\Notifications\AndroidPushNotification . RUNNING
  2026-01-08 15:39:52 App\Jobs\Notifications\AndroidPushNotification  76.91ms DONE
  2026-01-08 15:40:19 App\Jobs\Notifications\SendPushNotification .... RUNNING
  2026-01-08 15:40:19 App\Jobs\Notifications\SendPushNotification  7.19ms DONE
  2026-01-08 15:40:19 App\Jobs\Notifications\AndroidPushNotification . RUNNING
  2026-01-08 15:40:19 App\Jobs\Notifications\AndroidPushNotification  42.96ms DONE
  2026-01-08 15:40:25 App\Jobs\Notifications\SendPushNotification .... RUNNING
  2026-01-08 15:40:25 App\Jobs\Notifications\SendPushNotification  6.68ms DONE
  2026-01-08 15:40:25 App\Jobs\Notifications\AndroidPushNotification . RUNNING
  2026-01-08 15:40:26 App\Jobs\Notifications\AndroidPushNotification  250.61ms DONE
  2026-01-08 15:40:49 App\Jobs\CheckMoovMoneyStatus .................. RUNNING
  2026-01-08 15:40:49 App\Jobs\CheckMoovMoneyStatus ............. 45.74ms DONE
  2026-01-08 15:42:32 App\Jobs\Notifications\SendPushNotification .... RUNNING
  2026-01-08 15:42:32 App\Jobs\Notifications\SendPushNotification  9.05ms DONE
  2026-01-08 15:42:32 App\Jobs\Notifications\AndroidPushNotification . RUNNING
  2026-01-08 15:42:32 App\Jobs\Notifications\AndroidPushNotification  272.33ms DONE
  2026-01-08 15:43:14 App\Jobs\Notifications\SendPushNotification .... RUNNING
  2026-01-08 15:43:14 App\Jobs\Notifications\SendPushNotification  70.07ms DONE
  2026-01-08 15:43:14 App\Jobs\Notifications\AndroidPushNotification . RUNNING
  2026-01-08 15:43:14 App\Jobs\Notifications\AndroidPushNotification  81.94ms DONE
  2026-01-08 15:43:50 App\Jobs\Notifications\SendPushNotification .... RUNNING
  2026-01-08 15:43:50 App\Jobs\Notifications\SendPushNotification  7.57ms DONE
  2026-01-08 15:43:50 App\Jobs\Notifications\AndroidPushNotification . RUNNING
  2026-01-08 15:43:50 App\Jobs\Notifications\AndroidPushNotification  41.58ms DONE
  2026-01-08 15:44:05 App\Jobs\Notifications\SendPushNotification .... RUNNING
  2026-01-08 15:44:05 App\Jobs\Notifications\SendPushNotification  7.88ms DONE
  2026-01-08 15:44:05 App\Jobs\Notifications\AndroidPushNotification . RUNNING
  2026-01-08 15:44:06 App\Jobs\Notifications\AndroidPushNotification  276.68ms DONE
  2026-01-08 15:46:05 App\Jobs\Notifications\SendPushNotification .... RUNNING
  2026-01-08 15:46:05 App\Jobs\Notifications\SendPushNotification  43.19ms DONE
  2026-01-08 15:46:05 App\Jobs\Notifications\AndroidPushNotification . RUNNING
  2026-01-08 15:46:05 App\Jobs\Notifications\AndroidPushNotification  337.22ms DONE
  2026-01-08 15:50:05 App\Jobs\Notifications\SendPushNotification .... RUNNING
  2026-01-08 15:50:05 App\Jobs\Notifications\SendPushNotification  50.36ms DONE
  2026-01-08 15:50:05 App\Jobs\Notifications\AndroidPushNotification . RUNNING
  2026-01-08 15:50:05 App\Jobs\Notifications\AndroidPushNotification  380.34ms DONE
  2026-01-08 15:50:12 App\Jobs\Notifications\SendPushNotification .... RUNNING
  2026-01-08 15:50:12 App\Jobs\Notifications\SendPushNotification  10.95ms DONE
  2026-01-08 15:50:12 App\Jobs\Notifications\AndroidPushNotification . RUNNING
  2026-01-08 15:50:12 App\Jobs\Notifications\AndroidPushNotification  370.34ms DONE
  2026-01-08 15:51:03 App\Jobs\Notifications\SendPushNotification .... RUNNING
  2026-01-08 15:51:03 App\Jobs\Notifications\SendPushNotification  11.78ms DONE
  2026-01-08 15:51:03 App\Jobs\Notifications\AndroidPushNotification . RUNNING
  2026-01-08 15:51:03 App\Jobs\Notifications\AndroidPushNotification  326.18ms DONE
  2026-01-08 15:52:06 App\Jobs\Notifications\SendPushNotification .... RUNNING
  2026-01-08 15:52:06 App\Jobs\Notifications\SendPushNotification  8.11ms DONE
  2026-01-08 15:52:06 App\Jobs\Notifications\AndroidPushNotification . RUNNING
  2026-01-08 15:52:06 App\Jobs\Notifications\AndroidPushNotification  68.58ms DONE
  2026-01-08 15:52:23 App\Jobs\Notifications\SendPushNotification .... RUNNING
  2026-01-08 15:52:23 App\Jobs\Notifications\SendPushNotification  8.04ms DONE
  2026-01-08 15:52:23 App\Jobs\Notifications\AndroidPushNotification . RUNNING
  2026-01-08 15:52:23 App\Jobs\Notifications\AndroidPushNotification  148.99ms DONE
  2026-01-08 15:52:26 App\Jobs\Notifications\SendPushNotification .... RUNNING
  2026-01-08 15:52:26 App\Jobs\Notifications\SendPushNotification  5.75ms DONE
  2026-01-08 15:52:26 App\Jobs\Notifications\AndroidPushNotification . RUNNING
  2026-01-08 15:52:26 App\Jobs\Notifications\AndroidPushNotification  256.53ms DONE
  2026-01-08 15:58:38 App\Jobs\Notifications\SendPushNotification .... RUNNING
  2026-01-08 15:58:38 App\Jobs\Notifications\SendPushNotification  7.09ms DONE
  2026-01-08 15:58:38 App\Jobs\Notifications\AndroidPushNotification . RUNNING
  2026-01-08 15:58:39 App\Jobs\Notifications\AndroidPushNotification  332.28ms DONE
  2026-01-08 15:59:03 App\Jobs\Notifications\SendPushNotification .... RUNNING
  2026-01-08 15:59:03 App\Jobs\Notifications\SendPushNotification  33.93ms DONE
  2026-01-08 15:59:03 App\Jobs\Notifications\AndroidPushNotification . RUNNING
  2026-01-08 15:59:04 App\Jobs\Notifications\AndroidPushNotification  193.84ms DONE
  2026-01-08 15:59:05 App\Jobs\Notifications\SendPushNotification .... RUNNING
  2026-01-08 15:59:05 App\Jobs\Notifications\SendPushNotification  89.38ms DONE
  2026-01-08 15:59:05 App\Jobs\Notifications\AndroidPushNotification . RUNNING
  2026-01-08 15:59:06 App\Jobs\Notifications\AndroidPushNotification  410.53ms DONE
  2026-01-08 17:57:32 App\Jobs\Notifications\SendPushNotification .... RUNNING
  2026-01-08 17:57:32 App\Jobs\Notifications\SendPushNotification  83.52ms DONE
  2026-01-08 17:57:32 App\Jobs\Notifications\AndroidPushNotification . RUNNING
  2026-01-08 17:57:32 App\Jobs\Notifications\AndroidPushNotification  472.29ms DONE
  2026-01-09 09:01:15 App\Jobs\Notifications\SendPushNotification .... RUNNING
  2026-01-09 09:01:15 App\Jobs\Notifications\SendPushNotification  143.26ms DONE
  2026-01-09 09:01:15 App\Jobs\Notifications\AndroidPushNotification . RUNNING
  2026-01-09 09:01:15 App\Jobs\Notifications\AndroidPushNotification  270.45ms DONE
  2026-01-09 09:01:21 App\Jobs\Notifications\SendPushNotification .... RUNNING
  2026-01-09 09:01:21 App\Jobs\Notifications\SendPushNotification  33.51ms DONE
  2026-01-09 09:01:21 App\Jobs\Notifications\AndroidPushNotification . RUNNING
  2026-01-09 09:01:22 App\Jobs\Notifications\AndroidPushNotification  374.87ms DONE
  2026-01-09 09:05:24 App\Jobs\Notifications\SendPushNotification .... RUNNING
  2026-01-09 09:05:24 App\Jobs\Notifications\SendPushNotification  125.91ms DONE
  2026-01-09 09:05:24 App\Jobs\Notifications\AndroidPushNotification . RUNNING
  2026-01-09 09:05:25 App\Jobs\Notifications\AndroidPushNotification  393.29ms DONE
  2026-01-09 09:05:48 App\Jobs\Notifications\SendPushNotification .... RUNNING
  2026-01-09 09:05:49 App\Jobs\Notifications\SendPushNotification  110.04ms DONE
  2026-01-09 09:05:49 App\Jobs\Notifications\AndroidPushNotification . RUNNING
  2026-01-09 09:05:49 App\Jobs\Notifications\AndroidPushNotification  432.15ms DONE
  2026-01-09 09:06:18 App\Jobs\Notifications\SendPushNotification .... RUNNING
  2026-01-09 09:06:18 App\Jobs\Notifications\SendPushNotification  104.73ms DONE
  2026-01-09 09:06:18 App\Jobs\Notifications\AndroidPushNotification . RUNNING
  2026-01-09 09:06:19 App\Jobs\Notifications\AndroidPushNotification  179.83ms DONE
  2026-01-09 09:06:25 App\Jobs\Notifications\SendPushNotification .... RUNNING
  2026-01-09 09:06:25 App\Jobs\Notifications\SendPushNotification  11.43ms DONE
  2026-01-09 09:06:25 App\Jobs\Notifications\AndroidPushNotification . RUNNING
  2026-01-09 09:06:25 App\Jobs\Notifications\AndroidPushNotification  433.62ms DONE
  2026-01-09 09:13:04 App\Jobs\Notifications\SendPushNotification .... RUNNING
  2026-01-09 09:13:04 App\Jobs\Notifications\SendPushNotification  165.86ms DONE
  2026-01-09 09:13:04 App\Jobs\Notifications\AndroidPushNotification . RUNNING
  2026-01-09 09:13:04 App\Jobs\Notifications\AndroidPushNotification  435.73ms DONE
  2026-01-09 09:21:28 App\Jobs\Notifications\SendPushNotification .... RUNNING
  2026-01-09 09:21:28 App\Jobs\Notifications\SendPushNotification  119.78ms DONE
  2026-01-09 09:21:28 App\Jobs\Notifications\AndroidPushNotification . RUNNING
  2026-01-09 09:21:28 App\Jobs\Notifications\AndroidPushNotification  135.51ms DONE
  2026-01-09 09:21:29 App\Jobs\CheckMoovMoneyStatus .................. RUNNING
  2026-01-09 09:21:29 App\Jobs\CheckMoovMoneyStatus ............. 28.32ms DONE
  2026-01-09 09:21:34 App\Jobs\Notifications\SendPushNotification .... RUNNING
  2026-01-09 09:21:34 App\Jobs\Notifications\SendPushNotification  11.83ms DONE
  2026-01-09 09:21:34 App\Jobs\Notifications\AndroidPushNotification . RUNNING
  2026-01-09 09:21:35 App\Jobs\Notifications\AndroidPushNotification  391.56ms DONE
  2026-01-09 09:21:58 App\Jobs\CheckMoovMoneyStatus .................. RUNNING
  2026-01-09 09:21:58 App\Jobs\CheckMoovMoneyStatus ............. 94.95ms DONE
  2026-01-09 09:28:04 App\Jobs\Notifications\SendPushNotification .... RUNNING
  2026-01-09 09:28:04 App\Jobs\Notifications\SendPushNotification  41.07ms DONE
  2026-01-09 09:28:04 App\Jobs\Notifications\AndroidPushNotification . RUNNING
  2026-01-09 09:28:05 App\Jobs\Notifications\AndroidPushNotification  509.95ms DONE
  2026-01-09 09:42:50 App\Jobs\ValidateAndGeneratePeakZone ........... RUNNING
  2026-01-09 09:42:50 App\Jobs\ValidateAndGeneratePeakZone ...... 39.95ms DONE
  2026-01-09 09:43:20 App\Jobs\ValidateAndGeneratePeakZone ........... RUNNING
  2026-01-09 09:43:20 App\Jobs\ValidateAndGeneratePeakZone ....... 7.42ms DONE
  2026-01-09 09:43:32 App\Jobs\Notifications\SendPushNotification .... RUNNING
  2026-01-09 09:43:32 App\Jobs\Notifications\SendPushNotification  47.50ms DONE
  2026-01-09 09:43:32 App\Jobs\Notifications\AndroidPushNotification . RUNNING
  2026-01-09 09:43:33 App\Jobs\Notifications\AndroidPushNotification  364.98ms DONE
  2026-01-09 09:44:32 App\Jobs\Notifications\SendPushNotification .... RUNNING
  2026-01-09 09:44:32 App\Jobs\Notifications\SendPushNotification  9.13ms DONE
  2026-01-09 09:44:32 App\Jobs\ValidateAndGeneratePeakZone ........... RUNNING
  2026-01-09 09:44:32 App\Jobs\ValidateAndGeneratePeakZone ...... 30.47ms DONE
  2026-01-09 09:44:32 App\Jobs\Notifications\AndroidPushNotification . RUNNING
  2026-01-09 09:44:33 App\Jobs\Notifications\AndroidPushNotification  314.47ms DONE
  2026-01-09 09:44:42 App\Jobs\Notifications\SendPushNotification .... RUNNING
  2026-01-09 09:44:42 App\Jobs\Notifications\SendPushNotification  9.32ms DONE
  2026-01-09 09:44:42 App\Jobs\Notifications\AndroidPushNotification . RUNNING
  2026-01-09 09:44:42 App\Jobs\Notifications\AndroidPushNotification  374.32ms DONE
  2026-01-09 09:44:50 App\Jobs\Notifications\SendPushNotification .... RUNNING
  2026-01-09 09:44:51 App\Jobs\Notifications\SendPushNotification  10.61ms DONE
  2026-01-09 09:44:51 App\Jobs\Notifications\AndroidPushNotification . RUNNING
  2026-01-09 09:44:51 App\Jobs\Notifications\AndroidPushNotification  308.70ms DONE








   PDOException 

  SQLSTATE[HY000] [2002] Connection refused

  at /var/www/html/chapchap/vendor/laravel/framework/src/Illuminate/Database/Connectors/Connector.php:65
   PDOException 

  SQLSTATE[HY000] [2002] Connection refused

  at /var/www/html/chapchap/vendor/laravel/framework/src/Illuminate/Database/Connectors/Connector.php:65
   PDOException 

  SQLSTATE[HY000] [2002] Connection refused

  at /var/www/html/chapchap/vendor/laravel/framework/src/Illuminate/Database/Connectors/Connector.php:65
   PDOException 

  SQLSTATE[HY000] [2002] Connection refused

  at /var/www/html/chapchap/vendor/laravel/framework/src/Illuminate/Database/Connectors/Connector.php:65
   PDOException 

  SQLSTATE[HY000] [2002] Connection refused

  at /var/www/html/chapchap/vendor/laravel/framework/src/Illuminate/Database/Connectors/Connector.php:65
   PDOException 

  SQLSTATE[HY000] [2002] Connection refused

  at /var/www/html/chapchap/vendor/laravel/framework/src/Illuminate/Database/Connectors/Connector.php:65
   PDOException 

  SQLSTATE[HY000] [2002] Connection refused

  at /var/www/html/chapchap/vendor/laravel/framework/src/Illuminate/Database/Connectors/Connector.php:65
   PDOException 

  SQLSTATE[HY000] [2002] Connection refused

  at /var/www/html/chapchap/vendor/laravel/framework/src/Illuminate/Database/Connectors/Connector.php:65
     61▕      * @return \PDO
     62▕      */
     63▕     protected function createPdoConnection($dsn, $username, $password, $options)
     64▕     {
  ➜  65▕         return new PDO($dsn, $username, $password, $options);
     66▕     }
     67▕ 
     68▕     /**
     69▕      * Handle an exception that occurred during connect execution.

      [2m+25 vendor frames [22m

  26  /var/www/html/chapchap/app/Providers/AppServiceProvider.php:45
      Illuminate\Support\Facades\Facade::__callStatic()
      [2m+7 vendor frames [22m

  34  [internal]:0
      Illuminate\Foundation\Application::Illuminate\Foundation\{closure}()

     61▕      * @return \PDO
     62▕      */
     63▕     protected function createPdoConnection($dsn, $username, $password, $options)
     64▕     {
  ➜  65▕         return new PDO($dsn, $username, $password, $options);
     66▕     }
     67▕ 
     68▕     /**
     69▕      * Handle an exception that occurred during connect execution.

      [2m+25 vendor frames [22m

  26  /var/www/html/chapchap/app/Providers/AppServiceProvider.php:45
      Illuminate\Support\Facades\Facade::__callStatic()
      [2m+7 vendor frames [22m

  34  [internal]:0
      Illuminate\Foundation\Application::Illuminate\Foundation\{closure}()

     61▕      * @return \PDO
     62▕      */
     63▕     protected function createPdoConnection($dsn, $username, $password, $options)
     64▕     {
  ➜  65▕         return new PDO($dsn, $username, $password, $options);
     66▕     }
     67▕ 
     68▕     /**
     69▕      * Handle an exception that occurred during connect execution.

      [2m+25 vendor frames [22m

  26  /var/www/html/chapchap/app/Providers/AppServiceProvider.php:45
      Illuminate\Support\Facades\Facade::__callStatic()
      [2m+7 vendor frames [22m

  34  [internal]:0
      Illuminate\Foundation\Application::Illuminate\Foundation\{closure}()

     61▕      * @return \PDO
     62▕      */
     63▕     protected function createPdoConnection($dsn, $username, $password, $options)
     64▕     {
  ➜  65▕         return new PDO($dsn, $username, $password, $options);
     66▕     }
     67▕ 
     68▕     /**
     69▕      * Handle an exception that occurred during connect execution.

      [2m+25 vendor frames [22m

  26  /var/www/html/chapchap/app/Providers/AppServiceProvider.php:45
      Illuminate\Support\Facades\Facade::__callStatic()
      [2m+7 vendor frames [22m

  34  [internal]:0
      Illuminate\Foundation\Application::Illuminate\Foundation\{closure}()

     61▕      * @return \PDO
     62▕      */
     63▕     protected function createPdoConnection($dsn, $username, $password, $options)
     64▕     {
  ➜  65▕         return new PDO($dsn, $username, $password, $options);
     66▕     }
     67▕ 
     68▕     /**
     69▕      * Handle an exception that occurred during connect execution.

      [2m+25 vendor frames [22m

  26  /var/www/html/chapchap/app/Providers/AppServiceProvider.php:45
      Illuminate\Support\Facades\Facade::__callStatic()
      [2m+7 vendor frames [22m

  34  [internal]:0
      Illuminate\Foundation\Application::Illuminate\Foundation\{closure}()

     61▕      * @return \PDO
     62▕      */
     63▕     protected function createPdoConnection($dsn, $username, $password, $options)
     64▕     {
  ➜  65▕         return new PDO($dsn, $username, $password, $options);
     66▕     }
     67▕ 
     68▕     /**
     69▕      * Handle an exception that occurred during connect execution.

      [2m+25 vendor frames [22m

  26  /var/www/html/chapchap/app/Providers/AppServiceProvider.php:45
      Illuminate\Support\Facades\Facade::__callStatic()
      [2m+7 vendor frames [22m

  34  [internal]:0
      Illuminate\Foundation\Application::Illuminate\Foundation\{closure}()

     61▕      * @return \PDO
     62▕      */
     63▕     protected function createPdoConnection($dsn, $username, $password, $options)
     64▕     {
  ➜  65▕         return new PDO($dsn, $username, $password, $options);
     66▕     }
     67▕ 
     68▕     /**
     69▕      * Handle an exception that occurred during connect execution.

      [2m+25 vendor frames [22m

  26  /var/www/html/chapchap/app/Providers/AppServiceProvider.php:45
      Illuminate\Support\Facades\Facade::__callStatic()
      [2m+7 vendor frames [22m

  34  [internal]:0
      Illuminate\Foundation\Application::Illuminate\Foundation\{closure}()

     61▕      * @return \PDO
     62▕      */
     63▕     protected function createPdoConnection($dsn, $username, $password, $options)
     64▕     {
  ➜  65▕         return new PDO($dsn, $username, $password, $options);
     66▕     }
     67▕ 
     68▕     /**
     69▕      * Handle an exception that occurred during connect execution.

      [2m+25 vendor frames [22m

  26  /var/www/html/chapchap/app/Providers/AppServiceProvider.php:45
      Illuminate\Support\Facades\Facade::__callStatic()
      [2m+7 vendor frames [22m

  34  [internal]:0
      Illuminate\Foundation\Application::Illuminate\Foundation\{closure}()


   PDOException 

  SQLSTATE[HY000] [2002] Connection refused

  at /var/www/html/chapchap/vendor/laravel/framework/src/Illuminate/Database/Connectors/Connector.php:65
     61▕      * @return \PDO
     62▕      */
     63▕     protected function createPdoConnection($dsn, $username, $password, $options)
     64▕     {
  ➜  65▕         return new PDO($dsn, $username, $password, $options);
     66▕     }
     67▕ 
     68▕     /**
     69▕      * Handle an exception that occurred during connect execution.

      [2m+25 vendor frames [22m

  26  /var/www/html/chapchap/app/Providers/AppServiceProvider.php:45
      Illuminate\Support\Facades\Facade::__callStatic()
      [2m+7 vendor frames [22m

  34  [internal]:0
      Illuminate\Foundation\Application::Illuminate\Foundation\{closure}()


   PDOException 

  SQLSTATE[HY000] [2002] Connection refused

  at /var/www/html/chapchap/vendor/laravel/framework/src/Illuminate/Database/Connectors/Connector.php:65
     61▕      * @return \PDO
     62▕      */
     63▕     protected function createPdoConnection($dsn, $username, $password, $options)
     64▕     {
  ➜  65▕         return new PDO($dsn, $username, $password, $options);
     66▕     }
     67▕ 
     68▕     /**
     69▕      * Handle an exception that occurred during connect execution.

      [2m+25 vendor frames [22m

  26  /var/www/html/chapchap/app/Providers/AppServiceProvider.php:45
      Illuminate\Support\Facades\Facade::__callStatic()
      [2m+7 vendor frames [22m

  34  [internal]:0
      Illuminate\Foundation\Application::Illuminate\Foundation\{closure}()


   PDOException 

  SQLSTATE[HY000] [2002] Connection refused

  at /var/www/html/chapchap/vendor/laravel/framework/src/Illuminate/Database/Connectors/Connector.php:65
     61▕      * @return \PDO
     62▕      */
     63▕     protected function createPdoConnection($dsn, $username, $password, $options)
     64▕     {
  ➜  65▕         return new PDO($dsn, $username, $password, $options);
     66▕     }
     67▕ 
     68▕     /**
     69▕      * Handle an exception that occurred during connect execution.

      [2m+25 vendor frames [22m

  26  /var/www/html/chapchap/app/Providers/AppServiceProvider.php:45
      Illuminate\Support\Facades\Facade::__callStatic()
      [2m+7 vendor frames [22m

  34  [internal]:0
      Illuminate\Foundation\Application::Illuminate\Foundation\{closure}()


   PDOException 

  SQLSTATE[HY000] [2002] Connection refused

  at /var/www/html/chapchap/vendor/laravel/framework/src/Illuminate/Database/Connectors/Connector.php:65
     61▕      * @return \PDO
     62▕      */
     63▕     protected function createPdoConnection($dsn, $username, $password, $options)
     64▕     {
  ➜  65▕         return new PDO($dsn, $username, $password, $options);
     66▕     }
     67▕ 
     68▕     /**
     69▕      * Handle an exception that occurred during connect execution.

      [2m+25 vendor frames [22m

  26  /var/www/html/chapchap/app/Providers/AppServiceProvider.php:45
      Illuminate\Support\Facades\Facade::__callStatic()
      [2m+7 vendor frames [22m

  34  [internal]:0
      Illuminate\Foundation\Application::Illuminate\Foundation\{closure}()


   PDOException 

  SQLSTATE[HY000] [2002] Connection refused

  at /var/www/html/chapchap/vendor/laravel/framework/src/Illuminate/Database/Connectors/Connector.php:65
     61▕      * @return \PDO
     62▕      */
     63▕     protected function createPdoConnection($dsn, $username, $password, $options)
     64▕     {
  ➜  65▕         return new PDO($dsn, $username, $password, $options);
     66▕     }
     67▕ 
     68▕     /**
     69▕      * Handle an exception that occurred during connect execution.

      [2m+25 vendor frames [22m

  26  /var/www/html/chapchap/app/Providers/AppServiceProvider.php:45
      Illuminate\Support\Facades\Facade::__callStatic()
      [2m+7 vendor frames [22m

  34  [internal]:0
      Illuminate\Foundation\Application::Illuminate\Foundation\{closure}()


   PDOException 

  SQLSTATE[HY000] [2002] Connection refused

  at /var/www/html/chapchap/vendor/laravel/framework/src/Illuminate/Database/Connectors/Connector.php:65
     61▕      * @return \PDO
     62▕      */
     63▕     protected function createPdoConnection($dsn, $username, $password, $options)
     64▕     {
  ➜  65▕         return new PDO($dsn, $username, $password, $options);
     66▕     }
     67▕ 
     68▕     /**
     69▕      * Handle an exception that occurred during connect execution.

      [2m+25 vendor frames [22m

  26  /var/www/html/chapchap/app/Providers/AppServiceProvider.php:45
      Illuminate\Support\Facades\Facade::__callStatic()
      [2m+7 vendor frames [22m

  34  [internal]:0
      Illuminate\Foundation\Application::Illuminate\Foundation\{closure}()


   PDOException 

  SQLSTATE[HY000] [2002] Connection refused

  at /var/www/html/chapchap/vendor/laravel/framework/src/Illuminate/Database/Connectors/Connector.php:65
     61▕      * @return \PDO
     62▕      */
     63▕     protected function createPdoConnection($dsn, $username, $password, $options)
     64▕     {
  ➜  65▕         return new PDO($dsn, $username, $password, $options);
     66▕     }
     67▕ 
     68▕     /**
     69▕      * Handle an exception that occurred during connect execution.

      [2m+25 vendor frames [22m

  26  /var/www/html/chapchap/app/Providers/AppServiceProvider.php:45
      Illuminate\Support\Facades\Facade::__callStatic()
      [2m+7 vendor frames [22m

  34  [internal]:0
      Illuminate\Foundation\Application::Illuminate\Foundation\{closure}()


   PDOException 

  SQLSTATE[HY000] [2002] Connection refused

  at /var/www/html/chapchap/vendor/laravel/framework/src/Illuminate/Database/Connectors/Connector.php:65
     61▕      * @return \PDO
     62▕      */
     63▕     protected function createPdoConnection($dsn, $username, $password, $options)
     64▕     {
  ➜  65▕         return new PDO($dsn, $username, $password, $options);
     66▕     }
     67▕ 
     68▕     /**
     69▕      * Handle an exception that occurred during connect execution.

      [2m+25 vendor frames [22m

  26  /var/www/html/chapchap/app/Providers/AppServiceProvider.php:45
      Illuminate\Support\Facades\Facade::__callStatic()
      [2m+7 vendor frames [22m

  34  [internal]:0
      Illuminate\Foundation\Application::Illuminate\Foundation\{closure}()

  2026-01-09 10:18:37 App\Jobs\Notifications\SendPushNotification .... RUNNING
  2026-01-09 10:18:37 App\Jobs\Notifications\SendPushNotification  19.98ms DONE
  2026-01-09 10:18:37 App\Jobs\Notifications\AndroidPushNotification . RUNNING
  2026-01-09 10:18:37 App\Jobs\Notifications\AndroidPushNotification  385.51ms DONE
  2026-01-09 10:18:43 App\Jobs\ValidateAndUpdateDriverLoyaltyJob ..... RUNNING
  2026-01-09 10:18:43 App\Jobs\Mails\SendUserInvoiceMailNotification .  2026-01-09 10:18:43 App\Jobs\ValidateAndUpdateIncentivesJob RUNNING
 ........ RUNNING
  2026-01-09 10:18:43 App\Jobs\Notifications\SendPushNotification .... RUNNING
  2026-01-09 10:18:43 App\Jobs\Mails\SendDriverInvoiceMailNotification  RUNNING
  2026-01-09 10:18:43 App\Jobs\ValidateAndUpdateDriverLoyaltyJob  42.27ms DONE
  2026-01-09 10:18:43 App\Jobs\Notifications\SendPushNotification  35.96ms DONE
  2026-01-09 10:18:43 App\Jobs\Notifications\AndroidPushNotification . RUNNING
  2026-01-09 10:18:43 App\Jobs\ValidateAndUpdateIncentivesJob ... 55.37ms DONE
  2026-01-09 10:18:43 App\Jobs\Notifications\AndroidPushNotification  326.79ms DONE
  2026-01-09 10:18:43 App\Jobs\Mails\SendDriverInvoiceMailNotification  466.22ms DONE
  2026-01-09 10:18:43 App\Jobs\Mails\SendUserInvoiceMailNotification  532.56ms DONE
  2026-01-09 10:19:16 App\Jobs\Notifications\SendPushNotification .... RUNNING
  2026-01-09 10:19:16 App\Jobs\Notifications\SendPushNotification  17.81ms DONE
  2026-01-09 10:19:16 App\Jobs\Notifications\AndroidPushNotification . RUNNING
  2026-01-09 10:19:16 App\Jobs\Notifications\AndroidPushNotification  383.76ms DONE
  2026-01-09 10:19:31 App\Jobs\Notifications\SendPushNotification .... RUNNING
  2026-01-09 10:19:31 App\Jobs\Notifications\AndroidPushNotification . RUNNING
  2026-01-09 10:19:31 App\Jobs\Notifications\SendPushNotification  14.64ms DONE
  2026-01-09 10:19:31 App\Jobs\Notifications\AndroidPushNotification  102.13ms DONE
  2026-01-09 10:19:34 App\Jobs\Notifications\SendPushNotification .... RUNNING
  2026-01-09 10:19:34 App\Jobs\Notifications\SendPushNotification  16.39ms DONE
  2026-01-09 10:19:34 App\Jobs\Notifications\AndroidPushNotification . RUNNING
  2026-01-09 10:19:34 App\Jobs\Notifications\AndroidPushNotification  144.71ms DONE
  2026-01-09 10:26:10 App\Jobs\Notifications\SendPushNotification .... RUNNING
  2026-01-09 10:26:10 App\Jobs\Notifications\SendPushNotification  13.62ms DONE
  2026-01-09 10:26:10 App\Jobs\Notifications\AndroidPushNotification . RUNNING
  2026-01-09 10:26:10 App\Jobs\Notifications\AndroidPushNotification  122.48ms DONE
  2026-01-09 10:26:22 App\Jobs\Notifications\SendPushNotification .... RUNNING
  2026-01-09 10:26:22 App\Jobs\Notifications\SendPushNotification  8.90ms DONE
  2026-01-09 10:26:22 App\Jobs\Notifications\AndroidPushNotification . RUNNING
  2026-01-09 10:26:22 App\Jobs\Notifications\AndroidPushNotification  53.65ms DONE
  2026-01-09 10:26:28 App\Jobs\Notifications\SendPushNotification .... RUNNING
  2026-01-09 10:26:28 App\Jobs\Notifications\SendPushNotification  8.46ms DONE
  2026-01-09 10:26:28 App\Jobs\Notifications\SendPushNotification .... RUNNING
  2026-01-09 10:26:28 App\Jobs\Notifications\AndroidPushNotification . RUNNING
  2026-01-09 10:26:28 App\Jobs\Notifications\SendPushNotification  15.33ms DONE
  2026-01-09 10:26:28 App\Jobs\Notifications\AndroidPushNotification . RUNNING
  2026-01-09 10:26:28 App\Jobs\Notifications\AndroidPushNotification  51.37ms DONE
  2026-01-09 10:26:28 App\Jobs\Notifications\AndroidPushNotification  270.66ms DONE
  2026-01-09 10:32:04 App\Jobs\Notifications\SendPushNotification .... RUNNING
  2026-01-09 10:32:04 App\Jobs\Notifications\SendPushNotification  11.29ms DONE
  2026-01-09 10:32:04 App\Jobs\Notifications\SendPushNotification .... RUNNING
  2026-01-09 10:32:04 App\Jobs\Notifications\SendPushNotification  8.00ms DONE
  2026-01-09 10:32:04 App\Jobs\Notifications\AndroidPushNotification . RUNNING
  2026-01-09 10:32:04 App\Jobs\Notifications\AndroidPushNotification . RUNNING
  2026-01-09 10:32:05 App\Jobs\Notifications\AndroidPushNotification  98.87ms DONE
  2026-01-09 10:32:05 App\Jobs\Notifications\AndroidPushNotification  90.74ms DONE
  2026-01-09 10:33:05 App\Jobs\Notifications\SendPushNotification .... RUNNING
  2026-01-09 10:33:05 App\Jobs\Notifications\SendPushNotification  14.14ms DONE
  2026-01-09 10:33:05 App\Jobs\Notifications\AndroidPushNotification . RUNNING
  2026-01-09 10:33:05 App\Jobs\Notifications\AndroidPushNotification  359.01ms DONE
  2026-01-09 10:41:53 App\Jobs\CheckMoovMoneyStatus .................. RUNNING
  2026-01-09 10:41:53 App\Jobs\CheckMoovMoneyStatus .............. 7.45ms DONE
  2026-01-09 10:47:56 App\Jobs\Notifications\SendPushNotification .... RUNNING
  2026-01-09 10:47:56 App\Jobs\Notifications\SendPushNotification  7.49ms DONE
  2026-01-09 10:47:56 App\Jobs\Notifications\AndroidPushNotification . RUNNING
  2026-01-09 10:47:56 App\Jobs\Notifications\AndroidPushNotification  103.56ms DONE
  2026-01-09 10:48:15 App\Jobs\CheckMoovMoneyStatus .................. RUNNING
  2026-01-09 10:48:15 App\Jobs\CheckMoovMoneyStatus .............. 9.73ms DONE
  2026-01-09 10:48:26 App\Jobs\Notifications\SendPushNotification .... RUNNING
  2026-01-09 10:48:26 App\Jobs\Notifications\SendPushNotification  7.86ms DONE
  2026-01-09 10:48:26 App\Jobs\Notifications\AndroidPushNotification . RUNNING
  2026-01-09 10:48:26 App\Jobs\Notifications\AndroidPushNotification  41.94ms DONE
  2026-01-09 10:48:29 App\Jobs\Notifications\SendPushNotification .... RUNNING
  2026-01-09 10:48:29 App\Jobs\Notifications\SendPushNotification  9.11ms DONE
  2026-01-09 10:48:29 App\Jobs\Notifications\AndroidPushNotification . RUNNING
  2026-01-09 10:48:29 App\Jobs\Notifications\AndroidPushNotification  91.20ms DONE
  2026-01-09 10:48:56 App\Jobs\CheckMoovMoneyStatus .................. RUNNING
  2026-01-09 10:48:56 App\Jobs\CheckMoovMoneyStatus .............. 7.97ms DONE
  2026-01-09 10:49:05 App\Jobs\Notifications\SendPushNotification .... RUNNING
  2026-01-09 10:49:05 App\Jobs\Notifications\SendPushNotification  15.95ms DONE
  2026-01-09 10:49:05 App\Jobs\Notifications\AndroidPushNotification . RUNNING
  2026-01-09 10:49:05 App\Jobs\Notifications\AndroidPushNotification  97.08ms DONE
  2026-01-09 10:55:06 App\Jobs\Notifications\SendPushNotification .... RUNNING
  2026-01-09 10:55:06 App\Jobs\Notifications\SendPushNotification  14.76ms DONE
  2026-01-09 10:55:06 App\Jobs\Notifications\AndroidPushNotification . RUNNING
  2026-01-09 10:55:06 App\Jobs\Notifications\AndroidPushNotification  85.47ms DONE
  2026-01-09 12:40:43 App\Jobs\Notifications\SendPushNotification .... RUNNING
  2026-01-09 12:40:43 App\Jobs\Notifications\SendPushNotification  72.27ms DONE
  2026-01-09 12:40:43 App\Jobs\Notifications\AndroidPushNotification . RUNNING
  2026-01-09 12:40:43 App\Jobs\Notifications\AndroidPushNotification  195.39ms DONE
  2026-01-09 12:44:37 App\Jobs\Notifications\SendPushNotification .... RUNNING
  2026-01-09 12:44:37 App\Jobs\Notifications\SendPushNotification  78.57ms DONE
  2026-01-09 12:44:37 App\Jobs\Notifications\AndroidPushNotification . RUNNING
  2026-01-09 12:44:37 App\Jobs\Notifications\AndroidPushNotification  228.83ms DONE
  2026-01-09 12:44:55 App\Jobs\CheckMoovMoneyStatus .................. RUNNING
  2026-01-09 12:44:55 App\Jobs\CheckMoovMoneyStatus ............. 73.23ms DONE
  2026-01-09 12:44:58 App\Jobs\Notifications\SendPushNotification .... RUNNING
  2026-01-09 12:44:58 App\Jobs\Notifications\SendPushNotification  193.36ms DONE
  2026-01-09 12:44:58 App\Jobs\Notifications\AndroidPushNotification . RUNNING
  2026-01-09 12:44:58 App\Jobs\Notifications\AndroidPushNotification  140.59ms DONE
  2026-01-09 12:45:04 App\Jobs\Notifications\SendPushNotification .... RUNNING
  2026-01-09 12:45:04 App\Jobs\Notifications\SendPushNotification  123.10ms DONE
  2026-01-09 12:45:04 App\Jobs\Notifications\AndroidPushNotification . RUNNING
  2026-01-09 12:45:04 App\Jobs\Notifications\AndroidPushNotification  220.36ms DONE
  2026-01-09 12:45:28 App\Jobs\CheckMoovMoneyStatus .................. RUNNING
  2026-01-09 12:45:28 App\Jobs\CheckMoovMoneyStatus .............. 7.65ms DONE
  2026-01-09 12:53:04 App\Jobs\Notifications\SendPushNotification .... RUNNING
  2026-01-09 12:53:04 App\Jobs\Notifications\SendPushNotification  78.20ms DONE
  2026-01-09 12:53:04 App\Jobs\Notifications\AndroidPushNotification . RUNNING
  2026-01-09 12:53:04 App\Jobs\Notifications\SendPushNotification .... RUNNING
  2026-01-09 12:53:05 App\Jobs\Notifications\AndroidPushNotification . RUNNING
  2026-01-09 12:53:05 App\Jobs\Notifications\SendPushNotification  137.55ms DONE
  2026-01-09 12:53:05 App\Jobs\Notifications\AndroidPushNotification  207.42ms DONE
  2026-01-09 12:53:05 App\Jobs\Notifications\AndroidPushNotification  84.28ms DONE
